valid_time,dswrf,vbdsf,vddsf,BestEstimate_down_short_hemisp,down_short_diffuse_hemisp,zenith,k
2022-01-01 06:00:00,0.0,0.0,0.0,0.14115003,-0.20654982,161.43436,0.0
2022-01-01 07:00:00,0.0,0.0,0.0,0.08831258,-0.11762088,163.19447,0.0
2022-01-01 08:00:00,0.0,0.0,0.0,-0.014258945,-0.13456483,156.829,0.0
2022-01-01 09:00:00,0.0,0.0,0.0,-0.38890278,-0.45828012,146.61996,0.0
2022-01-01 10:00:00,0.0,0.0,0.0,-0.0063316617,-0.16433696,135.25673,0.0
2022-01-01 11:00:00,0.0,0.0,0.0,-0.24692293,0.08667589,123.62377,0.0
2022-01-01 12:00:00,0.0,0.0,0.0,-0.387729,0.057784677,112.09817,0.0
2022-01-01 13:00:00,0.0,0.0,0.0,-0.678554,0.010281845,100.939705,0.0
2022-01-01 14:00:00,0.0,0.0,0.0,5.6273875,5.6600294,90.16279,0.5215356
2022-01-01 15:00:00,46.0,0.0,46.0,56.53594,55.516804,80.74716,0.98009413
2022-01-01 16:00:00,206.8000030517578,68.0,190.6999969482422,107.62341,106.57143,72.63236,0.9900573
2022-01-01 17:00:00,363.29998779296875,160.0,306.0,168.8184,168.19608,66.43617,0.99537843
2022-01-01 18:00:00,483.79998779296875,342.0,334.29998779296875,310.2532,213.97702,62.78696,0.73497176
2022-01-01 19:00:00,523.4000244140625,344.0,361.70001220703125,466.44086,254.29808,62.14786,0.5529257
2022-01-01 20:00:00,458.0,102.0,411.70001220703125,357.26578,339.24414,64.60966,0.9940847
2022-01-01 21:00:00,390.70001220703125,139.0,336.3999938964844,321.64435,265.6777,69.839165,0.996695
2022-01-01 22:00:00,288.1000061035156,400.0,174.10000610351562,149.89233,110.75532,77.25274,0.968885
2022-01-01 23:00:00,144.8000030517578,778.0,33.79999923706055,18.534573,17.994774,86.09344,0.93089366
2022-01-02 00:00:00,0.0,0.0,0.0,0.26875523,-0.4594278,96.53816,0.0
2022-01-02 01:00:00,0.0,0.0,0.0,0.2472845,-0.85924906,107.49255,0.0
2022-01-02 02:00:00,0.0,0.0,0.0,0.23343699,-0.8740413,118.897,0.0
2022-01-02 03:00:00,0.0,0.0,0.0,0.23862746,-0.86572933,130.51772,0.0
2022-01-02 04:00:00,0.0,0.0,0.0,0.20523313,-0.7292723,142.04701,0.0
2022-01-02 05:00:00,0.0,0.0,0.0,-0.061877657,-1.3112768,152.8882,0.0
2022-01-02 06:00:00,0.0,0.0,0.0,-0.03989751,-0.6261512,161.311,0.0
2022-01-02 07:00:00,0.0,0.0,0.0,0.06109681,-0.53646624,163.1327,0.0
2022-01-02 08:00:00,0.0,0.0,0.0,0.11186265,-0.64873636,156.83339,0.0
2022-01-02 09:00:00,0.0,0.0,0.0,0.09634991,-0.42972183,146.65326,0.0
2022-01-02 10:00:00,0.0,0.0,0.0,0.02538628,-0.46987075,135.29929,0.0
2022-01-02 11:00:00,0.0,0.0,0.0,0.024965523,-0.33690313,123.66695,0.0
2022-01-02 12:00:00,0.0,0.0,0.0,0.004465028,-0.44421038,112.13694,0.0
2022-01-02 13:00:00,0.0,0.0,0.0,-0.2747421,-0.38467553,100.97012,0.0
2022-01-02 14:00:00,0.0,0.0,0.0,9.710881,9.547273,90.1814,0.5256293
2022-01-02 15:00:00,66.19999694824219,484.0,26.399999618530273,178.26907,68.66534,80.7489,0.48634973
2022-01-02 16:00:00,256.70001220703125,898.0,44.79999923706055,405.8223,132.55692,72.61323,0.32802638
2022-01-02 17:00:00,412.3999938964844,999.0,55.400001525878906,559.9787,165.95116,66.39187,0.29681093
2022-01-02 18:00:00,518.0999755859375,1044.0,61.400001525878906,616.6588,195.09454,62.715332,0.3086343
2022-01-02 19:00:00,562.2000122070312,1060.0,63.0,571.4537,233.31653,62.050625,0.37360746
2022-01-02 20:00:00,542.0,1054.0,61.20000076293945,511.28662,70.579605,64.49237,0.13845576
2022-01-02 21:00:00,458.20001220703125,1020.0,56.70000076293945,382.58774,66.92453,69.70896,0.1787505
2022-01-02 22:00:00,319.6000061035156,943.0,48.599998474121094,194.61111,42.883278,77.116035,0.36725512
2022-01-02 23:00:00,142.60000610351562,750.0,33.79999923706055,16.054121,15.169804,85.960686,0.928626
2022-01-03 00:00:00,0.0,0.0,0.0,0.09420706,-0.19406536,96.38818,0.0
2022-01-03 01:00:00,0.0,0.0,0.0,0.07795581,-0.7731572,107.35173,0.0
2022-01-03 02:00:00,0.0,0.0,0.0,-0.0055343113,-0.7731712,118.75673,0.0
2022-01-03 03:00:00,0.0,0.0,0.0,-0.08955737,-0.7393773,130.37752,0.0
2022-01-03 04:00:00,0.0,0.0,0.0,-0.08296986,-0.69252497,141.90599,0.0
2022-01-03 05:00:00,0.0,0.0,0.0,-0.19125406,-0.62040246,152.74648,0.0
2022-01-03 06:00:00,0.0,0.0,0.0,-0.22702391,-0.6465408,161.18124,0.0
2022-01-03 07:00:00,0.0,0.0,0.0,-0.20815781,-0.59695846,163.06259,0.0
2022-01-03 08:00:00,0.0,0.0,0.0,-0.25678298,-0.4950496,156.83046,0.0
2022-01-03 09:00:00,0.0,0.0,0.0,-0.22705549,-0.42040628,146.68048,0.0
2022-01-03 10:00:00,0.0,0.0,0.0,-0.23932533,-0.6661202,135.3364,0.0
2022-01-03 11:00:00,0.0,0.0,0.0,-0.32073483,-0.47321424,123.70483,0.0
2022-01-03 12:00:00,0.0,0.0,0.0,-0.24767251,-0.4160392,112.170296,0.0
2022-01-03 13:00:00,0.0,0.0,0.0,-0.42808545,-0.6431519,100.994896,0.0
2022-01-03 14:00:00,0.0,0.0,0.0,8.030648,8.017986,90.19383,0.527135
2022-01-03 15:00:00,66.69999694824219,489.29998779296875,26.5,150.48872,38.027683,80.744286,0.38258216
2022-01-03 16:00:00,257.5,901.0,44.599998474121094,345.942,55.699093,72.587204,0.16253676
2022-01-03 17:00:00,415.1000061035156,1005.0,55.400001525878906,479.08047,64.30262,66.340294,0.13457242
2022-01-03 18:00:00,522.0999755859375,1051.0,61.400001525878906,553.36334,67.97188,62.636257,0.12287696
2022-01-03 19:00:00,566.4000244140625,1065.0,63.0,576.8624,80.596756,61.946102,0.13930124
2022-01-03 20:00:00,544.5999755859375,1055.0,61.29999923706055,517.09045,146.56442,64.368324,0.28401572
2022-01-03 21:00:00,460.79998779296875,1020.0,57.20000076293945,395.9507,61.397396,69.57273,0.15587744
2022-01-03 22:00:00,323.79998779296875,948.0,49.099998474121094,200.57124,44.64018,76.9741,0.364855
2022-01-03 23:00:00,146.0,750.0,34.70000076293945,15.725377,15.264635,85.825386,0.9375992
2022-01-04 00:00:00,0.0,0.0,0.0,-0.0049273917,-0.43855226,96.23247,0.0
2022-01-04 01:00:00,0.0,0.0,0.0,-0.09547489,-0.6900622,107.20759,0.0
2022-01-04 02:00:00,0.0,0.0,0.0,0.032734904,-0.753658,118.61342,0.0
2022-01-04 03:00:00,0.0,0.0,0.0,0.09739069,-0.38858724,130.23436,0.0
2022-01-04 04:00:00,0.0,0.0,0.0,-0.08186905,-0.14628893,141.76176,0.0
2022-01-04 05:00:00,0.0,0.0,0.0,-0.03244587,-0.46017274,152.6006,0.0
2022-01-04 06:00:00,0.0,0.0,0.0,-0.078523986,-0.324413,161.04524,0.0
2022-01-04 07:00:00,0.0,0.0,0.0,-0.025712987,-0.053491425,162.98422,0.0
2022-01-04 08:00:00,0.0,0.0,0.0,0.19827159,-0.0050195707,156.82024,0.0
2022-01-04 09:00:00,0.0,0.0,0.0,-0.056290377,-0.45004526,146.70164,0.0
2022-01-04 10:00:00,0.0,0.0,0.0,-0.3056641,-0.6913639,135.36795,0.0
2022-01-04 11:00:00,0.0,0.0,0.0,-0.3647799,-0.25173342,123.73732,0.0
2022-01-04 12:00:00,0.0,0.0,0.0,0.22759324,0.002436782,112.19822,0.0
2022-01-04 13:00:00,0.0,0.0,0.0,-0.5800914,-0.75223935,101.01397,0.0
2022-01-04 14:00:00,0.0,0.0,0.0,6.2095385,6.3123546,90.200325,0.5275179
2022-01-04 15:00:00,47.79999923706055,0.0,47.79999923706055,78.322365,71.90095,80.73327,0.9804171
2022-01-04 16:00:00,214.10000610351562,134.0,182.3000030517578,175.65787,170.82845,72.5543,0.9866882
2022-01-04 17:00:00,330.20001220703125,68.0,305.79998779296875,268.86703,223.66325,66.28145,0.8883398
2022-01-04 18:00:00,291.20001220703125,0.0,291.20001220703125,394.83304,273.4666,62.549767,0.7202098
2022-01-04 19:00:00,519.0,390.0,334.0,456.73984,298.90457,61.834354,0.69369924
2022-01-04 20:00:00,404.79998779296875,7.0,401.5,399.87695,290.56793,64.23758,0.7651282
2022-01-04 21:00:00,373.29998779296875,47.0,354.3999938964844,219.87875,206.1516,69.430595,0.94965816
2022-01-04 22:00:00,212.10000610351562,0.0,212.0,99.268524,98.97862,76.827095,0.99723595
2022-01-04 23:00:00,100.9000015258789,2.0,100.5999984741211,22.005747,21.96116,85.687065,0.9813321
2022-01-05 00:00:00,0.0,0.0,0.0,-0.14369845,-0.037584193,96.0717,0.0
2022-01-05 01:00:00,0.0,0.0,-1.5258788721439487e-07,-0.7639162,-0.4197677,107.060196,0.0
2022-01-05 02:00:00,0.0,0.0,0.0,-0.6979888,-0.25825846,118.46716,0.0
2022-01-05 03:00:00,0.0,0.0,0.0,-0.50064015,-0.44963035,130.08835,0.0
2022-01-05 04:00:00,0.0,0.0,0.0,-0.3302231,-0.5215901,141.6144,0.0
2022-01-05 05:00:00,0.0,0.0,0.0,-0.31536356,-0.5138661,152.45071,0.0
2022-01-05 06:00:00,0.0,0.0,0.0,-0.12726133,-0.6905741,160.90314,0.0
2022-01-05 07:00:00,0.0,0.0,0.0,-0.4110422,-0.4327266,162.89763,0.0
2022-01-05 08:00:00,0.0,0.0,0.0,-0.3381353,-0.24247976,156.80252,0.0
2022-01-05 09:00:00,0.0,0.0,0.0,-0.416225,-0.55576843,146.71655,0.0
2022-01-05 10:00:00,0.0,0.0,0.0,-0.37750024,-0.4931278,135.39389,0.0
2022-01-05 11:00:00,0.0,0.0,0.0,-0.74074715,-0.22739783,123.76436,0.0
2022-01-05 12:00:00,0.0,0.0,0.0,-0.8018518,-0.49180552,112.22058,0.0
2022-01-05 13:00:00,0.0,0.0,0.0,-0.33611375,-0.21264935,101.02729,0.0
2022-01-05 14:00:00,0.0,0.0,0.0,4.147601,4.134778,90.20065,0.5282794
2022-01-05 15:00:00,40.5,0.0,40.5,44.783672,44.452747,80.71582,0.9919767
2022-01-05 16:00:00,93.30000305175781,0.0,93.30000305175781,131.3807,130.62778,72.51449,0.99439245
2022-01-05 17:00:00,113.5,0.0,113.5,156.27875,155.23775,66.215355,0.9931755
2022-01-05 18:00:00,325.79998779296875,0.0,325.79998779296875,229.00705,227.24608,62.455894,0.9924336
2022-01-05 19:00:00,401.5,1.0,401.1000061035156,273.17426,271.7324,61.71542,0.9947503
2022-01-05 20:00:00,186.5,0.0,186.5,148.06007,147.46373,64.10022,0.9960804
2022-01-05 21:00:00,199.5,0.0,199.5,81.19192,80.81515,69.282616,0.99523807
2022-01-05 22:00:00,70.69999694824219,0.0,70.69999694824219,47.895348,47.665874,76.67507,0.9952804
2022-01-05 23:00:00,35.099998474121094,0.0,35.099998474121094,10.830759,10.776846,85.54403,0.9951926
2022-01-06 00:00:00,0.0,0.0,0.0,-0.14465591,-0.06352617,95.9077,0.0
2022-01-06 01:00:00,0.0,0.0,0.0,-0.32587078,-0.06593741,106.9097,0.0
2022-01-06 02:00:00,0.0,0.0,0.0,-0.42484826,-0.090420574,118.31809,0.0
2022-01-06 03:00:00,0.0,0.0,0.0,-0.6197164,-0.025913794,129.93959,0.0
2022-01-06 04:00:00,0.0,0.0,0.0,-0.6994248,-0.1271473,141.464,0.0
2022-01-06 05:00:00,0.0,0.0,0.0,-0.65859765,-0.037159372,152.29689,0.0
2022-01-06 06:00:00,0.0,0.0,0.0,-0.55219847,-0.012685643,160.7551,0.0
2022-01-06 07:00:00,0.0,0.0,0.0,-0.6808442,-0.15986751,162.80276,0.0
2022-01-06 08:00:00,0.0,0.0,0.0,-0.52295834,0.0010117431,156.77725,0.0
2022-01-06 09:00:00,0.0,0.0,0.0,-0.572673,-0.058519106,146.72513,0.0
2022-01-06 10:00:00,0.0,0.0,0.0,-0.7837511,-0.18366902,135.41408,0.0
2022-01-06 11:00:00,0.0,0.0,0.0,-0.47543362,-0.107300915,123.785835,0.0
2022-01-06 12:00:00,0.0,0.0,0.0,-0.48059377,-0.1245794,112.23734,0.0
2022-01-06 13:00:00,0.0,0.0,0.0,-0.3652401,-0.19841596,101.03478,0.0
2022-01-06 14:00:00,0.0,0.0,0.0,2.2121818,2.204041,90.19472,0.5279781
2022-01-06 15:00:00,27.600000381469727,0.0,27.600000381469727,22.787535,22.595915,80.69194,0.9914703
2022-01-06 16:00:00,87.0,0.0,87.0,66.17851,65.88259,72.46777,0.9944624
2022-01-06 17:00:00,146.3000030517578,0.0,146.3000030517578,102.0076,101.607994,66.14204,0.99539036
2022-01-06 18:00:00,152.6999969482422,0.0,152.6999969482422,183.64359,182.27846,62.354668,0.9923219
2022-01-06 19:00:00,305.8999938964844,0.0,305.8999938964844,230.81473,229.35216,61.589355,0.99363136
2022-01-06 20:00:00,289.0,0.0,289.0,188.26442,187.24582,63.9563,0.9946128
2022-01-06 21:00:00,466.8999938964844,921.0,96.0999984741211,201.01732,198.70697,69.12888,0.98995954
2022-01-06 22:00:00,323.3999938964844,921.0,49.79999923706055,156.61237,131.34245,76.51816,0.86921054
2022-01-06 23:00:00,150.10000610351562,737.0,35.70000076293945,43.409264,41.62112,85.396355,0.99930096
2022-01-07 00:00:00,0.0,0.0,0.0,0.4638754,0.5228515,95.7406,0.016666409
2022-01-07 01:00:00,0.0,0.0,-0.06722793728113174,-0.4031367,-0.12625416,106.75618,0.0
2022-01-07 02:00:00,0.0,0.0,0.0,-0.563466,-0.2712633,118.1663,0.0
2022-01-07 03:00:00,0.0,0.0,0.0,-0.37566307,-0.46124667,129.78815,0.0
2022-01-07 04:00:00,0.0,0.0,0.0,-0.37944576,-0.8995941,141.31065,0.0
2022-01-07 05:00:00,0.0,0.0,0.0,-0.13483672,-0.34033877,152.13922,0.0
2022-01-07 06:00:00,0.0,0.0,0.0,-0.050619967,-0.38909256,160.60112,0.0
2022-01-07 07:00:00,0.0,0.0,0.0,-0.48796782,-0.75136155,162.69977,0.0
2022-01-07 08:00:00,0.0,0.0,0.0,-0.25495595,-1.0841068,156.74435,0.0
2022-01-07 09:00:00,0.0,0.0,0.0,-0.35450122,-1.0032969,146.72723,0.0
2022-01-07 10:00:00,0.0,0.0,0.0,-0.21640629,-0.7609411,135.42845,0.0
2022-01-07 11:00:00,0.0,0.0,0.0,-0.017601514,-0.5115508,123.801674,0.0
2022-01-07 12:00:00,0.0,0.0,0.0,-0.03364952,-0.6885685,112.24845,0.0
2022-01-07 13:00:00,0.0,0.0,0.0,-0.20010297,-0.7404317,101.03643,0.0
2022-01-07 14:00:00,0.0,0.0,0.0,12.102293,12.129503,90.1827,0.5316814
2022-01-07 15:00:00,58.599998474121094,302.0,33.5,146.52025,59.086685,80.6616,0.4941871
2022-01-07 16:00:00,251.0,812.0,57.29999923706055,316.14563,74.53261,72.41416,0.2381626
2022-01-07 17:00:00,409.0,970.0,58.400001525878906,475.94138,75.18963,66.061485,0.16099595
2022-01-07 18:00:00,520.5,976.0,87.4000015258789,552.07983,78.24114,62.24612,0.14186233
2022-01-07 19:00:00,512.5,358.0,340.8999938964844,556.87537,74.51971,61.456215,0.13457063
2022-01-07 20:00:00,547.0999755859375,1039.0,62.70000076293945,497.8862,77.45689,63.8059,0.15650804
2022-01-07 21:00:00,468.79998779296875,1013.0,58.599998474121094,401.57626,52.808018,68.96948,0.1321916
2022-01-07 22:00:00,334.29998779296875,950.0,50.5,223.10025,37.624928,76.356445,0.2697858
2022-01-07 23:00:00,156.60000610351562,760.0,36.20000076293945,17.837019,16.596441,85.244156,0.94598085
2022-01-08 00:00:00,0.0,0.0,0.0,0.36747822,-0.15494274,95.570786,0.033333335
2022-01-08 01:00:00,0.0,0.0,0.0,-0.3627214,-0.73955125,106.59974,0.0
2022-01-08 02:00:00,0.0,0.0,0.0,-0.29925692,-0.6795567,118.01186,0.0
2022-01-08 03:00:00,0.0,0.0,0.0,0.004599784,-0.49227554,129.63417,0.0
2022-01-08 04:00:00,0.0,0.0,0.0,-0.091612004,-0.7247383,141.15446,0.0
2022-01-08 05:00:00,0.0,0.0,0.0,-0.19254583,-0.5555917,151.97783,0.0
2022-01-08 06:00:00,0.0,0.0,0.0,0.05799023,-0.18198402,160.44135,0.0
2022-01-08 07:00:00,0.0,0.0,0.0,-0.005071586,-0.29938585,162.58864,0.0
2022-01-08 08:00:00,0.0,0.0,0.0,-0.014750074,0.047758605,156.70372,0.0
2022-01-08 09:00:00,0.0,0.0,0.0,-0.03316959,0.10785364,146.72282,0.0
2022-01-08 10:00:00,0.0,0.0,0.0,-0.56787115,-0.38132447,135.43687,0.0
2022-01-08 11:00:00,0.0,0.0,0.0,-0.61128247,-0.33759737,123.81181,0.0
2022-01-08 12:00:00,0.0,0.0,0.0,-0.29300034,-0.6514063,112.25382,0.0
2022-01-08 13:00:00,0.0,0.0,0.0,-0.59391105,-0.43570602,101.03217,0.0
2022-01-08 14:00:00,0.0,0.0,0.0,2.0474315,2.0559,90.164505,0.5263099
2022-01-08 15:00:00,36.0,0.0,36.0,31.312141,31.095638,80.62479,0.9923948
2022-01-08 16:00:00,202.0,60.0,187.60000610351562,83.070885,82.58447,72.35367,0.9930309
2022-01-08 17:00:00,387.79998779296875,396.0,244.10000610351562,137.70683,137.23898,65.97375,0.9970034
2022-01-08 18:00:00,419.5,166.0,345.70001220703125,170.9206,170.40155,62.130306,0.9972689
2022-01-08 19:00:00,357.6000061035156,306.0,210.10000610351562,119.00241,118.759895,61.316055,0.99803764
2022-01-08 20:00:00,415.6000061035156,332.0,260.20001220703125,91.12173,91.08587,63.649097,0.9978696
2022-01-08 21:00:00,460.70001220703125,813.0,129.3000030517578,140.40681,139.33559,68.80452,0.9923441
2022-01-08 22:00:00,224.6999969482422,7.0,222.6999969482422,117.25457,117.06678,76.19001,0.99782825
2022-01-08 23:00:00,71.19999694824219,0.0,71.19999694824219,27.524845,27.403692,85.08758,0.99581856
2022-01-09 00:00:00,0.0,0.0,0.0,0.37788704,0.31633604,95.39828,0.049940813
2022-01-09 01:00:00,0.0,0.0,0.0,0.10878051,-1.0432808,106.44046,0.0
2022-01-09 02:00:00,0.0,0.0,0.0,-0.050467864,-1.2483602,117.85491,0.0
2022-01-09 03:00:00,0.0,0.0,0.0,-0.056990173,-1.0277383,129.47768,0.0
2022-01-09 04:00:00,0.0,0.0,0.0,0.18902166,-0.7467892,140.99551,0.0
2022-01-09 05:00:00,0.0,0.0,0.0,0.18637647,-0.7505098,151.81277,0.0
2022-01-09 06:00:00,0.0,0.0,0.0,0.1909059,-0.92212784,160.27596,0.0
2022-01-09 07:00:00,0.0,0.0,0.0,0.072550446,-0.7621218,162.46951,0.0
2022-01-09 08:00:00,0.0,0.0,0.0,0.44146925,-0.14649957,156.65538,0.0
2022-01-09 09:00:00,0.0,0.0,0.0,0.022049518,-0.8202039,146.71178,0.0
2022-01-09 10:00:00,0.0,0.0,0.0,0.16382031,-0.73212713,135.43932,0.0
2022-01-09 11:00:00,0.0,0.0,0.0,-0.04240916,-0.7572104,123.81618,0.0
2022-01-09 12:00:00,0.0,0.0,0.0,0.06657883,-0.63489884,112.25341,0.0
2022-01-09 13:00:00,0.0,0.0,0.0,-0.0044901897,-0.72351736,101.02194,0.0
2022-01-09 14:00:00,0.0,0.0,0.0,8.33486,8.208948,90.13986,0.5240058
2022-01-09 15:00:00,71.9000015258789,519.5,28.299999237060547,162.8875,39.864063,80.5815,0.36463693
2022-01-09 16:00:00,269.6000061035156,928.0,46.5,361.26306,58.963608,72.286285,0.16450979
2022-01-09 17:00:00,433.0,1031.0,57.79999923706055,495.10696,67.390465,65.878845,0.13678485
2022-01-09 18:00:00,545.0999755859375,1076.0,64.0999984741211,578.7934,70.61019,62.00726,0.122075
2022-01-09 19:00:00,593.5999755859375,1092.0,65.9000015258789,588.34607,70.4371,61.168945,0.11970559
2022-01-09 20:00:00,573.2999877929688,1081.0,64.30000305175781,534.86005,61.99838,63.485966,0.11592625
2022-01-09 21:00:00,490.3999938964844,1049.0,60.20000076293945,422.97916,52.820232,68.63406,0.12527664
2022-01-09 22:00:00,348.1000061035156,969.0,52.29999923706055,241.71552,39.327957,76.01897,0.24281475
2022-01-09 23:00:00,168.6999969482422,800.0,37.900001525878906,18.727211,17.636358,84.92672,0.9533635
2022-01-10 00:00:00,0.0,0.0,0.0,0.7139091,0.3903098,95.22302,0.06666498
2022-01-10 01:00:00,0.0,0.0,0.0,-0.12287168,-1.1538067,106.278496,0.0
2022-01-10 02:00:00,0.0,0.0,0.0,-0.09937902,-0.90076184,117.695526,0.0
2022-01-10 03:00:00,0.0,0.0,0.0,0.16613127,-0.49435273,129.3188,0.0
2022-01-10 04:00:00,0.0,0.0,0.0,0.1339253,-0.634548,140.83388,0.0
2022-01-10 05:00:00,0.0,0.0,0.0,0.002570873,-0.77250594,151.64413,0.0
2022-01-10 06:00:00,0.0,0.0,0.0,0.18286443,-0.4577218,160.10501,0.0
2022-01-10 07:00:00,0.0,0.0,0.0,0.12387161,-0.6940101,162.34239,0.0
2022-01-10 08:00:00,0.0,0.0,0.0,0.04263826,-0.43290105,156.5992,0.0
2022-01-10 09:00:00,0.0,0.0,0.0,0.07066812,-0.66219103,146.69402,0.0
2022-01-10 10:00:00,0.0,0.0,0.0,-0.0017097165,-0.570778,135.43565,0.0
2022-01-10 11:00:00,0.0,0.0,0.0,0.047947414,-0.49411502,123.8147,0.0
2022-01-10 12:00:00,0.0,0.0,0.0,-0.14442047,-0.54001576,112.247154,0.0
2022-01-10 13:00:00,0.0,0.0,0.0,-0.34076324,-0.49776512,101.005745,0.0
2022-01-10 14:00:00,0.0,0.0,0.0,7.9583707,7.9512324,90.10873,0.54521245
2022-01-10 15:00:00,72.9000015258789,525.5999755859375,28.299999237060547,162.57617,38.1606,80.531715,0.35451946
2022-01-10 16:00:00,271.0,930.0,46.5,359.0993,55.361797,72.212036,0.1555437
2022-01-10 17:00:00,433.8999938964844,1029.0,57.70000076293945,499.7361,63.9301,65.77681,0.12824322
2022-01-10 18:00:00,546.5999755859375,1075.0,64.0999984741211,577.0345,66.29228,61.877026,0.11492344
2022-01-10 19:00:00,594.9000244140625,1090.0,65.80000305175781,591.9301,65.229614,61.014942,0.11022292
2022-01-10 20:00:00,577.5,1084.0,64.4000015258789,538.8289,60.00618,63.31659,0.11140026
2022-01-10 21:00:00,495.8999938964844,1055.0,60.29999923706055,425.65118,51.82696,68.45824,0.12242158
2022-01-10 22:00:00,355.6000061035156,980.0,52.099998474121094,249.27313,38.328743,75.84345,0.2241153
2022-01-10 23:00:00,173.60000610351562,810.0,37.900001525878906,18.592564,17.087921,84.761696,0.9356056
2022-01-11 00:00:00,0.0,0.0,0.0,0.63454473,0.19946454,95.04517,0.083329886
2022-01-11 01:00:00,0.0,0.0,0.0,-0.11910336,-1.0225214,106.11392,0.0
2022-01-11 02:00:00,0.0,0.0,0.0,-0.13811591,-0.8208661,117.53379,0.0
2022-01-11 03:00:00,0.0,0.0,0.0,0.06251063,-0.96214646,129.15764,0.0
2022-01-11 04:00:00,0.0,0.0,0.0,0.05402367,-0.7933261,140.66963,0.0
2022-01-11 05:00:00,0.0,0.0,0.0,0.13022546,-0.68819207,151.47206,0.0
2022-01-11 06:00:00,0.0,0.0,0.0,0.10725302,-0.710226,159.92862,0.0
2022-01-11 07:00:00,0.0,0.0,0.0,0.13581888,-0.54451233,162.20743,0.0
2022-01-11 08:00:00,0.0,0.0,0.0,0.14424267,-0.5669833,156.53516,0.0
2022-01-11 09:00:00,0.0,0.0,0.0,0.10239988,-0.54598564,146.66943,0.0
2022-01-11 10:00:00,0.0,0.0,0.0,0.10122443,-0.46472025,135.42583,0.0
2022-01-11 11:00:00,0.0,0.0,0.0,0.107924305,-0.43785098,123.80729,0.0
2022-01-11 12:00:00,0.0,0.0,0.0,-0.15147296,-0.5270766,112.23499,0.0
2022-01-11 13:00:00,0.0,0.0,0.0,-0.23007073,-0.44192457,100.98352,0.0
2022-01-11 14:00:00,0.0,0.0,0.0,12.701664,12.60532,90.0712,0.5442713
2022-01-11 15:00:00,63.099998474121094,53.79999923706055,58.5,141.22261,94.21606,80.47544,0.7462868
2022-01-11 16:00:00,264.79998779296875,676.0,101.0,287.4671,156.53178,72.13091,0.5888836
2022-01-11 17:00:00,438.8999938964844,1024.0,63.29999923706055,440.5121,101.10618,65.66768,0.24989249
2022-01-11 18:00:00,552.4000244140625,1074.0,68.4000015258789,530.72986,138.06631,61.73966,0.26912355
2022-01-11 19:00:00,603.5,1090.0,71.69999694824219,595.50793,83.84368,60.85411,0.14147736
2022-01-11 20:00:00,581.0999755859375,1087.0,63.900001525878906,542.91547,60.774437,63.14104,0.11198261
2022-01-11 21:00:00,499.79998779296875,1056.0,60.900001525878906,425.20926,51.37406,68.27711,0.12126169
2022-01-11 22:00:00,360.79998779296875,991.0,52.400001525878906,256.19196,39.815624,75.66352,0.2108913
2022-01-11 23:00:00,177.8000030517578,820.0,38.400001525878906,19.523064,17.776672,84.59265,0.90619504
2022-01-12 00:00:00,0.30000001192092896,20.0,0.30000001192092896,0.8962086,0.54966444,94.86479,0.087542266
2022-01-12 01:00:00,0.0,0.0,0.0,-0.13778758,-0.7397101,105.94683,0.0
2022-01-12 02:00:00,0.0,0.0,0.0,-0.11473467,-0.6738988,117.36983,0.0
2022-01-12 03:00:00,0.0,0.0,0.0,0.22900602,-0.45135802,128.99425,0.0
2022-01-12 04:00:00,0.0,0.0,0.0,0.00914526,-0.75462836,140.50288,0.0
2022-01-12 05:00:00,0.0,0.0,0.0,-0.2700856,-0.5686997,151.29655,0.0
2022-01-12 06:00:00,0.0,0.0,0.0,0.035212126,-0.50314635,159.74693,0.0
2022-01-12 07:00:00,0.0,0.0,0.0,0.047985442,-0.46214068,162.06454,0.0
2022-01-12 08:00:00,0.0,0.0,0.0,0.067853265,-0.4294856,156.46318,0.0
2022-01-12 09:00:00,0.0,0.0,0.0,0.13679238,-0.36536053,146.63797,0.0
2022-01-12 10:00:00,0.0,0.0,0.0,0.015491454,-0.66445136,135.40973,0.0
2022-01-12 11:00:00,0.0,0.0,0.0,-0.002639839,-0.4288813,123.793915,0.0
2022-01-12 12:00:00,0.0,0.0,0.0,-0.1181254,-0.60655046,112.21692,0.0
2022-01-12 13:00:00,0.0,0.0,0.0,-0.105987504,-0.27194017,100.95523,0.0
2022-01-12 14:00:00,0.0,0.0,0.0,6.4379454,6.398946,90.02723,0.5434606
2022-01-12 15:00:00,70.19999694824219,482.79998779296875,28.5,149.34735,58.05588,80.41268,0.50545716
2022-01-12 16:00:00,261.8999938964844,881.0,47.20000076293945,340.964,61.460747,72.04298,0.1839247
2022-01-12 17:00:00,421.5,985.0,58.29999923706055,479.3439,86.96029,65.55147,0.18035269
2022-01-12 18:00:00,530.7000122070312,1034.0,62.70000076293945,489.33847,147.05339,61.595203,0.31234863
2022-01-12 19:00:00,577.9000244140625,1008.0,84.0,564.4297,161.16754,60.686523,0.29623422
2022-01-12 20:00:00,565.0,1046.0,64.4000015258789,480.08945,127.43423,62.959423,0.2953098
2022-01-12 21:00:00,486.0,1017.0,60.20000076293945,382.0212,125.01069,68.09079,0.33155337
2022-01-12 22:00:00,349.6000061035156,946.0,52.29999923706055,243.92732,77.94356,75.47929,0.35145748
2022-01-12 23:00:00,174.0,780.0,38.20000076293945,34.919994,34.88441,84.41971,0.99799466
2022-01-13 00:00:00,1.600000023841858,50.0,1.399999976158142,1.6176076,1.4523085,94.68198,0.11665426
2022-01-13 01:00:00,0.0,0.0,0.0,-0.34294328,-0.68075573,105.77735,0.0
2022-01-13 02:00:00,0.0,0.0,0.0,-0.2357133,-0.6921266,117.2037,0.0
2022-01-13 03:00:00,0.0,0.0,0.0,-0.041334372,-0.774889,128.82875,0.0
2022-01-13 04:00:00,0.0,0.0,0.0,0.0830365,-0.4314527,140.33368,0.0
2022-01-13 05:00:00,0.0,0.0,0.0,0.08777658,-0.5240444,151.1177,0.0
2022-01-13 06:00:00,0.0,0.0,0.0,-0.008119266,-0.6831645,159.56003,0.0
2022-01-13 07:00:00,0.0,0.0,0.0,0.06712988,-0.47405162,161.91402,0.0
2022-01-13 08:00:00,0.0,0.0,0.0,-0.021920752,-0.5765056,156.38329,0.0
2022-01-13 09:00:00,0.0,0.0,0.0,-0.038057126,-0.5678273,146.59956,0.0
2022-01-13 10:00:00,0.0,0.0,0.0,0.03216248,-0.55089104,135.38734,0.0
2022-01-13 11:00:00,0.0,0.0,0.0,0.07689662,-0.6835115,123.7745,0.0
2022-01-13 12:00:00,0.0,0.0,0.0,-0.011873285,-0.51158625,112.19285,0.0
2022-01-13 13:00:00,0.0,0.0,0.0,-0.1998544,-0.4007579,100.92088,0.0
2022-01-13 14:00:00,0.0,0.0,0.0,8.302577,8.103916,89.97747,0.5437333
2022-01-13 15:00:00,77.19999694824219,622.0,22.899999618530273,156.38327,41.452744,80.34344,0.37657255
2022-01-13 16:00:00,265.20001220703125,891.0,47.0,340.00198,76.4187,71.94823,0.22420047
2022-01-13 17:00:00,420.70001220703125,907.0,84.9000015258789,475.09216,84.02235,65.42824,0.1780582
2022-01-13 18:00:00,527.5999755859375,959.0,91.19999694824219,550.18365,134.22986,61.443726,0.24575247
2022-01-13 19:00:00,563.7999877929688,697.0,220.5,555.4054,145.85945,60.51225,0.2630145
2022-01-13 20:00:00,567.4000244140625,1042.0,66.0,466.54407,195.65636,62.771805,0.4428937
2022-01-13 21:00:00,489.6000061035156,1019.0,60.099998474121094,382.30286,179.12804,67.8994,0.47400895
2022-01-13 22:00:00,343.29998779296875,790.0,92.4000015258789,190.09521,156.19261,75.29089,0.8288386
2022-01-13 23:00:00,177.39999389648438,744.0,46.29999923706055,47.69457,33.899357,84.243,0.99451923
2022-01-14 00:00:00,2.5999999046325684,0.0,2.5999999046325684,0.54632264,0.48058134,94.49679,0.12781152
2022-01-14 01:00:00,0.0,0.0,0.0,-0.4946448,-0.7426154,105.60555,0.0
2022-01-14 02:00:00,0.0,0.0,0.0,-0.36781648,-0.6790952,117.03551,0.0
2022-01-14 03:00:00,0.0,0.0,0.0,-0.4065402,-0.50382817,128.66118,0.0
2022-01-14 04:00:00,0.0,0.0,0.0,-0.16806081,-0.36771575,140.1621,0.0
2022-01-14 05:00:00,0.0,0.0,0.0,-0.1961881,-0.27337328,150.93564,0.0
2022-01-14 06:00:00,0.0,0.0,0.0,-0.108312026,-0.40133077,159.36797,0.0
2022-01-14 07:00:00,0.0,0.0,0.0,-0.009347758,-0.3798744,161.75584,0.0
2022-01-14 08:00:00,0.0,0.0,0.0,0.64621544,-0.08657878,156.2954,0.0
2022-01-14 09:00:00,0.0,0.0,0.0,0.105527155,-0.95268357,146.55412,0.0
2022-01-14 10:00:00,0.0,0.0,0.0,-0.7343396,-0.94671434,135.35857,0.0
2022-01-14 11:00:00,0.0,0.0,0.0,-0.44020385,-1.1019573,123.74899,0.0
2022-01-14 12:00:00,0.0,0.0,0.0,-0.100705385,-0.56641185,112.16275,0.0
2022-01-14 13:00:00,0.0,0.0,0.0,-0.5099698,-0.58676803,100.88042,0.0
2022-01-14 14:00:00,0.0,0.0,0.0,9.078109,9.049284,89.921,0.5638139
2022-01-14 15:00:00,63.099998474121094,177.0,47.5,90.91523,72.30567,80.267715,0.9666669
2022-01-14 16:00:00,265.1000061035156,822.0,62.599998474121094,335.93454,157.17464,71.84668,0.52117044
2022-01-14 17:00:00,434.20001220703125,1005.0,60.20000076293945,436.37933,181.37366,65.29802,0.49342105
2022-01-14 18:00:00,542.4000244140625,1042.0,66.19999694824219,569.4648,238.5523,61.285282,0.4489488
2022-01-14 19:00:00,589.2000122070312,1027.0,80.5999984741211,443.43964,376.1162,60.331364,0.9553117
2022-01-14 20:00:00,579.5999755859375,1048.0,72.30000305175781,380.85684,333.70847,62.578293,0.9629283
2022-01-14 21:00:00,493.0,895.0,112.9000015258789,231.82742,225.39679,67.703,0.98517436
2022-01-14 22:00:00,379.0,900.0,92.80000305175781,177.58989,161.71602,75.09841,0.972517
2022-01-14 23:00:00,167.0,547.0,68.9000015258789,36.641838,36.65719,84.06264,0.99982035
2022-01-15 00:00:00,8.399999618530273,0.0,8.399999618530273,0.776177,0.9430992,94.30937,0.15
2022-01-15 01:00:00,0.0,0.0,0.0,-0.63976204,-0.2917703,105.43154,0.0
2022-01-15 02:00:00,0.0,0.0,0.0,-0.72129905,-0.47387192,116.86536,0.0
2022-01-15 03:00:00,0.0,0.0,0.0,-0.61933875,-0.4030461,128.49165,0.0
2022-01-15 04:00:00,0.0,0.0,0.0,-0.45227486,-0.3803936,139.9882,0.0
2022-01-15 05:00:00,0.0,0.0,0.0,-0.14394823,-0.5906176,150.7504,0.0
2022-01-15 06:00:00,0.0,0.0,0.0,0.1309464,-0.89026916,159.17094,0.0
2022-01-15 07:00:00,0.0,0.0,0.0,0.2257216,-1.006065,161.59009,0.0
2022-01-15 08:00:00,0.0,0.0,0.0,0.21525602,-0.7485494,156.19957,0.0
2022-01-15 09:00:00,0.0,0.0,0.0,0.13172497,-0.62127376,146.50156,0.0
2022-01-15 10:00:00,0.0,0.0,0.0,-0.21287678,-0.81634116,135.32335,0.0
2022-01-15 11:00:00,0.0,0.0,0.0,-0.035692833,-1.3122718,123.71737,0.0
2022-01-15 12:00:00,0.0,0.0,0.0,-0.2782423,-1.1531042,112.126595,0.0
2022-01-15 13:00:00,0.0,0.0,0.0,-0.33224812,-0.6757776,100.83383,0.0
2022-01-15 14:00:00,0.0,0.0,0.0,8.627796,8.573373,89.857864,0.56202906
2022-01-15 15:00:00,85.69999694824219,682.0,24.600000381469727,167.65141,37.779972,80.18553,0.3382255
2022-01-15 16:00:00,282.20001220703125,943.0,48.29999923706055,364.59427,54.34652,71.738396,0.15058494
2022-01-15 17:00:00,447.20001220703125,1036.0,59.79999923706055,505.43002,63.614925,65.16087,0.12616126
2022-01-15 18:00:00,560.9000244140625,1079.0,65.19999694824219,589.3066,67.69045,61.11993,0.11490681
2022-01-15 19:00:00,612.4000244140625,1095.0,67.4000015258789,607.9681,66.835144,60.14394,0.109927796
2022-01-15 20:00:00,595.5,1086.0,66.69999694824219,556.96106,61.267902,62.378963,0.1100904
2022-01-15 21:00:00,515.4000244140625,1059.0,62.5,447.69876,52.37731,67.501724,0.117364526
2022-01-15 22:00:00,377.20001220703125,1000.0,54.29999923706055,281.122,39.95667,74.90197,0.14913836
2022-01-15 23:00:00,195.10000610351562,846.0,40.400001525878906,21.116663,20.049683,83.878784,0.95768505
2022-01-16 00:00:00,8.100000381469727,180.0,5.699999809265137,1.2228656,1.0752031,94.11995,0.16613369
2022-01-16 01:00:00,0.0,0.0,0.0,-0.42944765,-0.8171892,105.255424,0.0
2022-01-16 02:00:00,0.0,0.0,0.0,0.1360238,-0.098453075,116.693306,0.0
2022-01-16 03:00:00,0.0,0.0,0.0,-0.13129891,-0.97868717,128.32022,0.0
2022-01-16 04:00:00,0.0,0.0,0.0,-0.019463805,-0.6770505,139.81209,0.0
2022-01-16 05:00:00,0.0,0.0,0.0,0.040817875,-0.5138041,150.56197,0.0
2022-01-16 06:00:00,0.0,0.0,0.0,0.2147517,-0.44994098,158.96898,0.0
2022-01-16 07:00:00,0.0,0.0,0.0,0.22466914,-0.41573685,161.41695,0.0
2022-01-16 08:00:00,0.0,0.0,0.0,0.2287862,-0.7306996,156.0957,0.0
2022-01-16 09:00:00,0.0,0.0,0.0,-0.0624918,-0.86785996,146.44191,0.0
2022-01-16 10:00:00,0.0,0.0,0.0,-0.087244794,-0.6130846,135.28166,0.0
2022-01-16 11:00:00,0.0,0.0,0.0,0.016177634,-0.8093688,123.67955,0.0
2022-01-16 12:00:00,0.0,0.0,0.0,0.03228258,-0.43583277,112.08437,0.0
2022-01-16 13:00:00,0.0,0.0,0.0,-0.32222763,-0.64578706,100.78113,0.0
2022-01-16 14:00:00,0.0,0.0,0.0,6.2991,6.0751033,89.78904,0.5575869
2022-01-16 15:00:00,84.0999984741211,652.0,24.799999237060547,149.67195,41.00376,80.09691,0.41081876
2022-01-16 16:00:00,278.29998779296875,919.0,49.0,362.52383,59.118767,71.6234,0.16516753
2022-01-16 17:00:00,442.29998779296875,1015.0,60.70000076293945,500.5558,65.592606,65.01684,0.131504
2022-01-16 18:00:00,554.0999755859375,1055.0,67.30000305175781,579.4102,67.29316,60.947735,0.116195545
2022-01-16 19:00:00,602.4000244140625,1067.0,68.5,596.8566,66.46563,59.95007,0.11135897
2022-01-16 20:00:00,586.2000122070312,1058.0,67.5,551.16705,60.596867,62.173927,0.10994784
2022-01-16 21:00:00,506.20001220703125,1028.0,63.29999923706055,441.1876,52.17831,67.29568,0.118686005
2022-01-16 22:00:00,340.29998779296875,480.0,183.10000610351562,278.97992,69.09419,74.70166,0.2830853
2022-01-16 23:00:00,191.39999389648438,800.0,42.900001525878906,70.7436,75.14967,83.69155,0.98818684
2022-01-17 00:00:00,8.899999618530273,20.0,8.5,2.516727,2.3523638,93.92845,0.18328886
2022-01-17 01:00:00,0.0,0.0,0.0,-0.4561545,-0.76582456,105.07728,0.0
2022-01-17 02:00:00,0.0,0.0,0.0,-0.31771466,-0.76298285,116.51946,0.0
2022-01-17 03:00:00,0.0,0.0,0.0,-0.08403273,-0.88620543,128.14697,0.0
2022-01-17 04:00:00,0.0,0.0,0.0,0.04240469,-0.9355227,139.63382,0.0
2022-01-17 05:00:00,0.0,0.0,0.0,0.03534534,-0.81220436,150.37056,0.0
2022-01-17 06:00:00,0.0,0.0,0.0,0.021783037,-0.8574814,158.76222,0.0
2022-01-17 07:00:00,0.0,0.0,0.0,0.0122804195,-0.6278067,161.2365,0.0
2022-01-17 08:00:00,0.0,0.0,0.0,0.05986141,-0.5873804,155.9839,0.0
2022-01-17 09:00:00,0.0,0.0,0.0,0.07990536,-0.64574987,146.37502,0.0
2022-01-17 10:00:00,0.0,0.0,0.0,0.011760639,-0.5195976,135.23338,0.0
2022-01-17 11:00:00,0.0,0.0,0.0,0.12951231,-0.5577231,123.63551,0.0
2022-01-17 12:00:00,0.0,0.0,0.0,0.002401032,-0.53059506,112.03603,0.0
2022-01-17 13:00:00,0.0,0.0,0.0,-0.43742403,-0.60982454,100.72228,0.0
2022-01-17 14:00:00,0.0,0.0,0.0,8.8637905,8.810757,89.713326,0.57663935
2022-01-17 15:00:00,83.30000305175781,633.7000122070312,24.899999618530273,167.39877,37.366047,80.00182,0.33143413
2022-01-17 16:00:00,276.6000061035156,908.0,48.5,362.6161,56.78914,71.50169,0.15747668
2022-01-17 17:00:00,440.1000061035156,1006.0,59.79999923706055,475.15128,84.229546,64.86597,0.1795664
2022-01-17 18:00:00,551.2999877929688,993.0,90.69999694824219,585.9501,69.94903,60.768764,0.119526945
2022-01-17 19:00:00,604.2999877929688,1067.0,67.4000015258789,606.87964,72.63722,59.749817,0.120090656
2022-01-17 20:00:00,590.9000244140625,1064.0,66.5,482.5558,153.84886,61.963264,0.33693135
2022-01-17 21:00:00,510.0,962.0,92.19999694824219,438.43866,84.99706,67.08495,0.19350411
2022-01-17 22:00:00,378.5,980.0,55.0,224.63968,70.82083,74.49763,0.3608042
2022-01-17 23:00:00,195.10000610351562,720.0,58.099998474121094,45.21452,44.404243,83.50105,0.9890925
2022-01-18 00:00:00,12.5,220.0,8.0,1.37557,1.279703,93.73498,0.19999881
2022-01-18 01:00:00,0.0,0.0,0.0,-0.30343494,-0.7505219,104.89722,0.0
2022-01-18 02:00:00,0.0,0.0,0.0,-0.15390015,-0.7409566,116.34391,0.0
2022-01-18 03:00:00,0.0,0.0,0.0,-0.116124555,-0.5721753,127.97197,0.0
2022-01-18 04:00:00,0.0,0.0,0.0,-0.18969195,-0.71779317,139.45343,0.0
2022-01-18 05:00:00,0.0,0.0,0.0,-0.0973104,-0.79302764,150.17613,0.0
2022-01-18 06:00:00,0.0,0.0,0.0,-0.018209735,-0.7280975,158.5507,0.0
2022-01-18 07:00:00,0.0,0.0,0.0,-0.084019944,-0.76688045,161.04878,0.0
2022-01-18 08:00:00,0.0,0.0,0.0,-0.067115895,-0.637367,155.86409,0.0
2022-01-18 09:00:00,0.0,0.0,0.0,-0.12856178,-0.6048411,146.30093,0.0
2022-01-18 10:00:00,0.0,0.0,0.0,-0.08324329,-0.5063841,135.17854,0.0
2022-01-18 11:00:00,0.0,0.0,0.0,0.0049968986,-0.53554744,123.58522,0.0
2022-01-18 12:00:00,0.0,0.0,0.0,-0.13091756,-0.9491027,111.98156,0.0
2022-01-18 13:00:00,0.0,0.0,0.0,-0.23616715,-0.83215255,100.657265,0.0
2022-01-18 14:00:00,0.0,0.0,0.0,7.8851295,8.04346,89.63131,0.5785763
2022-01-18 15:00:00,87.80000305175781,660.7000122070312,25.899999618530273,170.04514,51.091957,79.900345,0.3805217
2022-01-18 16:00:00,284.1000061035156,921.0,51.099998474121094,287.1777,167.21411,71.373375,0.6104706
2022-01-18 17:00:00,449.8999938964844,1022.0,61.0,419.52588,193.46544,64.70832,0.5024902
2022-01-18 18:00:00,561.9000244140625,872.0,155.10000610351562,415.30664,184.77179,60.583084,0.56181824
2022-01-18 19:00:00,596.7000122070312,777.0,203.10000610351562,459.00214,236.13722,59.543274,0.54099977
2022-01-18 20:00:00,570.7000122070312,688.0,229.1999969482422,437.45648,204.58708,61.74709,0.4919643
2022-01-18 21:00:00,457.20001220703125,230.0,356.5,310.46466,244.52414,66.86966,0.8310587
2022-01-18 22:00:00,315.70001220703125,185.0,253.89999389648438,141.31288,140.63524,74.28996,0.9944267
2022-01-18 23:00:00,128.0,0.0,127.9000015258789,35.983494,35.9033,83.30747,0.998173
2022-01-19 00:00:00,8.899999618530273,0.0,8.899999618530273,1.4670398,1.4733297,93.53955,0.21665597
2022-01-19 01:00:00,0.0,0.0,0.0,-0.27716687,-0.37515554,104.71534,0.0
2022-01-19 02:00:00,0.0,0.0,0.0,-0.20165062,-0.37252912,116.16672,0.0
2022-01-19 03:00:00,0.0,0.0,0.0,-0.40989253,-0.7642038,127.79528,0.0
2022-01-19 04:00:00,0.0,0.0,0.0,-0.20047848,-0.7651891,139.27098,0.0
2022-01-19 05:00:00,0.0,0.0,0.0,-0.24975322,-0.7843,149.97878,0.0
2022-01-19 06:00:00,0.0,0.0,0.0,-0.17016824,-0.81982523,158.33455,0.0
2022-01-19 07:00:00,0.0,0.0,0.0,-0.14044768,-0.7675646,160.85394,0.0
2022-01-19 08:00:00,0.0,0.0,0.0,-0.068743184,-0.89059454,155.73636,0.0
2022-01-19 09:00:00,0.0,0.0,0.0,-0.06744005,-0.76201737,146.21957,0.0
2022-01-19 10:00:00,0.0,0.0,0.0,-0.0743024,-0.9986938,135.11705,0.0
2022-01-19 11:00:00,0.0,0.0,0.0,-0.055325456,-0.68903476,123.52866,0.0
2022-01-19 12:00:00,0.0,0.0,0.0,-0.22023268,-0.719038,111.920944,0.0
2022-01-19 13:00:00,0.0,0.0,0.0,-0.43267918,-0.42918584,100.586105,0.0
2022-01-19 14:00:00,0.0,0.0,0.0,11.977825,11.870057,89.54335,0.59204656
2022-01-19 15:00:00,64.80000305175781,3.799999952316284,64.5,121.53592,104.84538,79.79249,0.88596314
2022-01-19 16:00:00,253.89999389648438,370.0,159.5,281.10553,134.60321,71.238434,0.50453264
2022-01-19 17:00:00,441.8999938964844,953.0,77.0999984741211,500.93124,74.319405,64.54395,0.15131259
2022-01-19 18:00:00,543.5,777.0,179.10000610351562,589.25336,70.04379,60.39077,0.11891833
2022-01-19 19:00:00,588.4000244140625,728.0,217.5,604.7849,70.2733,59.330524,0.11619535
2022-01-19 20:00:00,596.7000122070312,1063.0,65.5,560.07983,66.683624,61.52548,0.11914455
2022-01-19 21:00:00,517.2000122070312,1028.0,63.900001525878906,451.04672,57.288532,66.649925,0.12741244
2022-01-19 22:00:00,382.8999938964844,970.0,56.0,292.41043,44.40946,74.078766,0.15404622
2022-01-19 23:00:00,204.3000030517578,824.0,42.400001525878906,30.00561,22.75306,83.110855,0.9350086
2022-01-20 00:00:00,17.399999618530273,300.0,10.5,1.7130253,1.405389,93.34211,0.24999903
2022-01-20 01:00:00,0.0,0.0,0.0,0.012067928,-1.1035308,104.531715,0.0
2022-01-20 02:00:00,0.0,0.0,0.0,-0.44616258,-1.127144,115.98797,0.0
2022-01-20 03:00:00,0.0,0.0,0.0,-0.041046772,-0.57024807,127.61699,0.0
2022-01-20 04:00:00,0.0,0.0,0.0,0.010928472,-0.8835935,139.08653,0.0
2022-01-20 05:00:00,0.0,0.0,0.0,0.29119682,-0.53494704,149.77858,0.0
2022-01-20 06:00:00,0.0,0.0,0.0,-0.13988756,-0.9425888,158.11388,0.0
2022-01-20 07:00:00,0.0,0.0,0.0,0.10175593,-0.54270846,160.65218,0.0
2022-01-20 08:00:00,0.0,0.0,0.0,-0.0830605,-0.97256297,155.6007,0.0
2022-01-20 09:00:00,0.0,0.0,0.0,0.10671747,-0.91325706,146.13095,0.0
2022-01-20 10:00:00,0.0,0.0,0.0,0.2882971,-0.5852827,135.0489,0.0
2022-01-20 11:00:00,0.0,0.0,0.0,-0.33359778,-1.0222214,123.46579,0.0
2022-01-20 12:00:00,0.0,0.0,0.0,-0.10718407,-0.863658,111.85417,0.0
2022-01-20 13:00:00,0.0,0.0,0.0,-0.024293542,-0.77881867,100.508804,0.0
2022-01-20 14:00:00,0.0,0.0,0.0,9.442881,9.338148,89.44863,0.59283227
2022-01-20 15:00:00,91.0999984741211,670.7000122070312,26.200000762939453,177.88397,39.03152,79.67829,0.30878776
2022-01-20 16:00:00,289.70001220703125,936.0,49.0,375.43658,56.751015,71.09696,0.15247856
2022-01-20 17:00:00,458.1000061035156,1033.0,60.20000076293945,518.1788,64.776024,64.37293,0.12540327
2022-01-20 18:00:00,573.7999877929688,1074.0,66.5,601.5175,68.723724,60.19189,0.11427986
2022-01-20 19:00:00,625.7999877929688,1088.0,68.30000305175781,619.76373,68.63175,59.111656,0.11073318
2022-01-20 20:00:00,610.0999755859375,1081.0,66.69999694824219,573.27734,63.229595,61.29856,0.11033649
2022-01-20 21:00:00,530.5,1050.0,62.70000076293945,461.56012,56.010193,66.425835,0.12180059
2022-01-20 22:00:00,391.29998779296875,985.0,55.20000076293945,302.60294,44.35772,73.86417,0.14824799
2022-01-20 23:00:00,209.60000610351562,836.0,42.400001525878906,32.535755,22.269377,82.911385,0.932905
2022-01-21 00:00:00,20.299999237060547,290.0,11.5,2.1523068,1.8480926,93.1429,0.23848881
2022-01-21 01:00:00,0.0,0.0,0.0,-0.5033666,-0.6229934,104.34643,0.0
2022-01-21 02:00:00,0.0,0.0,0.0,-0.19276732,-0.29436883,115.80773,0.0
2022-01-21 03:00:00,0.0,0.0,0.0,-0.14023946,-0.6534649,127.43714,0.0
2022-01-21 04:00:00,0.0,0.0,0.0,-0.12872453,-0.733564,138.90016,0.0
2022-01-21 05:00:00,0.0,0.0,0.0,-0.29054943,-0.22324523,149.57553,0.0
2022-01-21 06:00:00,0.0,0.0,0.0,-0.22632794,-0.28054464,157.88875,0.0
2022-01-21 07:00:00,0.0,0.0,0.0,-0.20627978,-0.43284342,160.44354,0.0
2022-01-21 08:00:00,0.0,0.0,0.0,-0.19531463,-0.68890566,155.45712,0.0
2022-01-21 09:00:00,0.0,0.0,0.0,-0.165262,-0.330075,146.035,0.0
2022-01-21 10:00:00,0.0,0.0,0.0,-0.18892428,-0.39961344,134.97408,0.0
2022-01-21 11:00:00,0.0,0.0,0.0,-0.28737935,-0.4305724,123.39658,0.0
2022-01-21 12:00:00,0.0,0.0,0.0,-0.19946644,-0.5926517,111.78125,0.0
2022-01-21 13:00:00,0.0,0.0,0.0,-0.18526863,-0.7192036,100.42536,0.0
2022-01-21 14:00:00,0.0,0.0,0.0,19.836643,16.44436,89.34807,0.5868123
2022-01-21 15:00:00,43.0,0.0,43.0,138.05417,148.74792,79.55776,0.9876
2022-01-21 16:00:00,252.0,441.0,137.6999969482422,229.34935,217.17659,70.949,0.95412666
2022-01-21 17:00:00,260.6000061035156,0.0,260.6000061035156,338.45062,310.21185,64.195305,0.9172716
2022-01-21 18:00:00,443.70001220703125,22.0,433.29998779296875,409.72403,378.42462,59.986538,0.98642486
2022-01-21 19:00:00,409.20001220703125,0.0,409.1000061035156,308.84787,305.55502,58.88677,0.9904462
2022-01-21 20:00:00,407.70001220703125,0.0,407.6000061035156,213.35767,212.99574,61.066406,0.99783486
2022-01-21 21:00:00,400.6000061035156,7.0,397.3999938964844,179.46506,179.10295,66.19751,0.9977037
2022-01-21 22:00:00,269.79998779296875,1.0,269.3999938964844,127.929344,127.17549,73.64628,0.99398386
2022-01-21 23:00:00,130.89999389648438,0.0,130.89999389648438,50.139854,49.756966,82.70918,0.99159634
2022-01-22 00:00:00,16.200000762939453,0.0,16.200000762939453,2.6331944,2.6346004,92.94199,0.28184447
2022-01-22 01:00:00,0.0,0.0,0.0,-0.27070868,-0.45749325,104.1596,0.0
2022-01-22 02:00:00,0.0,0.0,0.0,0.17302571,-0.6521615,115.6261,0.0
2022-01-22 03:00:00,0.0,0.0,0.0,0.02457515,-0.71379954,127.255806,0.0
2022-01-22 04:00:00,0.0,0.0,0.0,-0.007086211,-0.5653353,138.71188,0.0
2022-01-22 05:00:00,0.0,0.0,0.0,-0.17444552,-0.50550014,149.36972,0.0
2022-01-22 06:00:00,0.0,0.0,0.0,-0.19961736,-0.60066587,157.65927,0.0
2022-01-22 07:00:00,0.0,0.0,0.0,0.13387893,-0.25478527,160.22813,0.0
2022-01-22 08:00:00,0.0,0.0,0.0,-0.13003452,-0.4576079,155.30574,0.0
2022-01-22 09:00:00,0.0,0.0,0.0,-0.019548047,-0.6136058,145.93173,0.0
2022-01-22 10:00:00,0.0,0.0,0.0,-0.034318887,-0.9506699,134.89252,0.0
2022-01-22 11:00:00,0.0,0.0,0.0,-0.06788655,-0.70362484,123.32103,0.0
2022-01-22 12:00:00,0.0,0.0,0.0,-0.22754505,-1.0948833,111.70215,0.0
2022-01-22 13:00:00,0.0,0.0,0.0,-0.00238973,-1.000707,100.33579,0.0
2022-01-22 14:00:00,0.0,0.0,0.0,9.613502,9.399709,89.24117,0.6078126
2022-01-22 15:00:00,90.9000015258789,649.0,25.600000381469727,179.54228,39.65957,79.43096,0.29688305
2022-01-22 16:00:00,285.6000061035156,903.0,49.5,374.43918,57.43577,70.794586,0.15475154
2022-01-22 17:00:00,452.1000061035156,1002.0,61.20000076293945,516.3615,66.970665,64.01117,0.13000344
2022-01-22 18:00:00,568.7999877929688,1049.0,67.4000015258789,603.49994,71.931854,59.77478,0.11923603
2022-01-22 19:00:00,622.7000122070312,1068.0,68.9000015258789,622.9648,70.861275,58.655937,0.1137477
2022-01-22 20:00:00,608.0,1058.0,68.69999694824219,575.6582,64.612595,60.82915,0.112277485
2022-01-22 21:00:00,531.5,1033.0,64.80000305175781,464.13937,55.47322,65.96507,0.11985746
2022-01-22 22:00:00,395.3999938964844,940.0,69.19999694824219,308.51935,43.568882,73.4252,0.14296962
2022-01-22 23:00:00,217.39999389648438,840.0,43.599998474121094,40.18272,23.507793,82.50435,0.86550343
2022-01-23 00:00:00,26.200000762939453,334.29998779296875,13.800000190734863,2.8426697,2.5832334,92.739494,0.29870778
2022-01-23 01:00:00,0.0,0.0,0.0,-0.22560734,-1.2751938,103.97129,0.0
2022-01-23 02:00:00,0.0,0.0,0.0,-0.34735954,-1.0053874,115.44314,0.0
2022-01-23 03:00:00,0.0,0.0,0.0,-0.024892883,-0.7914559,127.073044,0.0
2022-01-23 04:00:00,0.0,0.0,0.0,0.04883833,-0.75338227,138.52176,0.0
2022-01-23 05:00:00,0.0,0.0,0.0,0.09836102,-0.6674038,149.16121,0.0
2022-01-23 06:00:00,0.0,0.0,0.0,0.030923149,-0.70368063,157.42546,0.0
2022-01-23 07:00:00,0.0,0.0,0.0,0.062232923,-0.8191367,160.0061,0.0
2022-01-23 08:00:00,0.0,0.0,0.0,0.031255998,-0.6702456,155.14655,0.0
2022-01-23 09:00:00,0.0,0.0,0.0,0.06029307,-0.5199451,145.82112,0.0
2022-01-23 10:00:00,0.0,0.0,0.0,0.096735835,-0.6040787,134.80424,0.0
2022-01-23 11:00:00,0.0,0.0,0.0,0.029461265,-0.6411051,123.239136,0.0
2022-01-23 12:00:00,0.0,0.0,0.0,0.07297603,-0.46109533,111.616875,0.0
2022-01-23 13:00:00,0.0,0.0,0.0,-0.35267866,-0.65340275,100.24011,0.0
2022-01-23 14:00:00,0.0,0.0,0.0,10.453231,10.349176,89.1277,0.6250647
2022-01-23 15:00:00,93.5,647.5,27.200000762939453,187.68845,40.403942,79.297935,0.28543505
2022-01-23 16:00:00,289.20001220703125,910.0,49.20000076293945,381.50565,56.719578,70.6338,0.14997241
2022-01-23 17:00:00,457.1000061035156,1013.0,59.0,523.9068,63.995365,63.820576,0.122482754
2022-01-23 18:00:00,572.2999877929688,1051.0,67.0,607.37573,67.820244,59.5567,0.11171772
2022-01-23 19:00:00,624.4000244140625,1065.0,68.5999984741211,623.4542,67.474625,58.419262,0.10822464
2022-01-23 20:00:00,611.7000122070312,1060.0,67.9000015258789,580.0949,62.47346,60.58688,0.10772607
2022-01-23 21:00:00,534.2999877929688,1033.0,63.79999923706055,470.86667,53.79081,65.72863,0.114555195
2022-01-23 22:00:00,398.70001220703125,972.0,56.29999923706055,312.8996,43.02656,73.201065,0.13966022
2022-01-23 23:00:00,219.8000030517578,800.0,43.29999923706055,42.153572,23.844696,82.29701,0.8929825
2022-01-24 00:00:00,28.899999618530273,349.0,14.600000381469727,2.7994106,2.64114,92.53547,0.31666103
2022-01-24 01:00:00,0.0,0.0,0.0,0.027176829,-1.0324055,103.781586,0.0
2022-01-24 02:00:00,0.0,0.0,0.0,0.07689121,-0.8793293,115.25892,0.0
2022-01-24 03:00:00,0.0,0.0,0.0,0.17386176,-0.81634444,126.888916,0.0
2022-01-24 04:00:00,0.0,0.0,0.0,0.02604618,-1.0020343,138.32985,0.0
2022-01-24 05:00:00,0.0,0.0,0.0,-0.24405412,-1.0910372,148.94998,0.0
2022-01-24 06:00:00,0.0,0.0,0.0,0.007361553,-0.8318105,157.18748,0.0
2022-01-24 07:00:00,0.0,0.0,0.0,0.06180461,-0.71716267,159.7776,0.0
2022-01-24 08:00:00,0.0,0.0,0.0,0.022836858,-0.66446626,154.97964,0.0
2022-01-24 09:00:00,0.0,0.0,0.0,-0.075813696,-0.7651703,145.7032,0.0
2022-01-24 10:00:00,0.0,0.0,0.0,0.010492041,-0.65595883,134.70924,0.0
2022-01-24 11:00:00,0.0,0.0,0.0,0.019946229,-0.5053742,123.15087,0.0
2022-01-24 12:00:00,0.0,0.0,0.0,-0.1363841,-0.765877,111.52547,0.0
2022-01-24 13:00:00,0.0,0.0,0.0,-0.3942698,-0.507258,100.138336,0.0
2022-01-24 14:00:00,0.0,0.0,0.0,10.797315,10.658459,89.00877,0.6418318
2022-01-24 15:00:00,95.5,649.0,27.700000762939453,189.26854,39.9474,79.15868,0.2752746
2022-01-24 16:00:00,290.79998779296875,906.0,49.599998474121094,383.65997,56.026745,70.46668,0.1474122
2022-01-24 17:00:00,456.79998779296875,1001.0,60.900001525878906,527.88824,65.166595,63.623596,0.12367542
2022-01-24 18:00:00,573.2999877929688,1046.0,66.9000015258789,630.49603,89.50454,59.33238,0.13783386
2022-01-24 19:00:00,626.5999755859375,1063.0,68.4000015258789,657.9227,356.09476,58.17684,0.6033781
2022-01-24 20:00:00,614.5,1057.0,68.0,499.5599,228.63524,60.339718,0.53361994
2022-01-24 21:00:00,537.5999755859375,1031.0,64.30000305175781,295.1613,269.98196,65.4883,0.96081626
2022-01-24 22:00:00,403.0,972.0,57.0,174.53467,165.508,72.97399,0.9497887
2022-01-24 23:00:00,205.5,510.0,95.5,87.44297,69.03492,82.087296,0.9547019
2022-01-25 00:00:00,30.600000381469727,208.0,21.299999237060547,3.4007134,3.279703,92.33027,0.33323315
2022-01-25 01:00:00,0.0,0.0,0.0,-0.5043111,-0.8843637,103.59058,0.0
2022-01-25 02:00:00,0.0,0.0,0.0,-0.20645404,-0.32591236,115.073494,0.0
2022-01-25 03:00:00,0.0,0.0,0.0,-0.09904056,-0.7883832,126.70346,0.0
2022-01-25 04:00:00,0.0,0.0,0.0,-0.2950782,-0.5213587,138.13618,0.0
2022-01-25 05:00:00,0.0,0.0,0.0,-0.14892395,-0.7280002,148.73613,0.0
2022-01-25 06:00:00,0.0,0.0,0.0,-0.29477504,-0.51351297,156.94534,0.0
2022-01-25 07:00:00,0.0,0.0,0.0,-0.14649354,-0.17200047,159.5427,0.0
2022-01-25 08:00:00,0.0,0.0,0.0,-0.20192395,-0.43457583,154.80508,0.0
2022-01-25 09:00:00,0.0,0.0,0.0,-0.24765171,-0.4233055,145.57796,0.0
2022-01-25 10:00:00,0.0,0.0,0.0,-0.2635143,-0.42826375,134.60747,0.0
2022-01-25 11:00:00,0.0,0.0,0.0,-0.2587413,-0.44386095,123.05626,0.0
2022-01-25 12:00:00,0.0,0.0,0.0,-0.116455816,-0.49087057,111.42787,0.0
2022-01-25 13:00:00,0.0,0.0,0.0,-0.39961526,-0.44212714,100.03047,0.0
2022-01-25 14:00:00,0.0,0.0,0.0,18.153957,14.026857,88.88306,0.6048809
2022-01-25 15:00:00,79.80000305175781,63.0,73.0999984741211,109.862915,106.187164,79.01331,0.9543311
2022-01-25 16:00:00,199.60000610351562,1.0,199.1999969482422,148.47707,132.75493,70.29331,0.92672217
2022-01-25 17:00:00,300.0,0.0,299.8999938964844,328.82404,295.6859,63.42031,0.9443924
2022-01-25 18:00:00,502.0,84.0,461.1000061035156,274.35318,265.38754,59.101906,0.9737019
2022-01-25 19:00:00,571.4000244140625,232.0,448.70001220703125,377.42365,343.0625,57.92877,0.9339345
2022-01-25 20:00:00,561.9000244140625,487.0,308.29998779296875,303.8872,275.60153,60.08775,0.9210332
2022-01-25 21:00:00,469.0,295.0,332.5,229.01254,215.223,65.24418,0.9486647
2022-01-25 22:00:00,391.0,670.0,151.0,178.08208,161.84158,72.744064,0.99159914
2022-01-25 23:00:00,229.89999389648438,900.0,42.20000076293945,73.1523,73.28741,81.87533,0.99820393
2022-01-26 00:00:00,31.600000381469727,3.0,31.5,4.350682,4.421615,92.123955,0.34915435
2022-01-26 01:00:00,0.0,0.0,0.0,-0.2749332,-0.696263,103.39835,0.0
2022-01-26 02:00:00,0.0,0.0,0.0,-0.3382483,-0.90094554,114.88695,0.0
2022-01-26 03:00:00,0.0,0.0,0.0,-0.23816378,-0.7491358,126.51676,0.0
2022-01-26 04:00:00,0.0,0.0,0.0,-0.011051218,-1.0471333,137.94081,0.0
2022-01-26 05:00:00,0.0,0.0,0.0,-0.08175658,-0.7473444,148.51971,0.0
2022-01-26 06:00:00,0.0,0.0,0.0,0.090641,-0.9665187,156.69917,0.0
2022-01-26 07:00:00,0.0,0.0,0.0,0.00038936237,-1.0761919,159.30156,0.0
2022-01-26 08:00:00,0.0,0.0,0.0,-0.08265907,-0.9079703,154.62291,0.0
2022-01-26 09:00:00,0.0,0.0,0.0,0.09044348,-0.750734,145.44545,0.0
2022-01-26 10:00:00,0.0,0.0,0.0,0.12941532,-0.6279137,134.49896,0.0
2022-01-26 11:00:00,0.0,0.0,0.0,0.112600125,-0.7107842,122.95529,0.0
2022-01-26 12:00:00,0.0,0.0,0.0,0.24170807,-0.76141274,111.32418,0.0
2022-01-26 13:00:00,0.0,0.0,0.0,-0.043610822,-0.55149436,99.916595,0.0
2022-01-26 14:00:00,0.0,0.0,0.0,11.5389595,11.42018,88.751305,0.65799046
2022-01-26 15:00:00,104.19999694824219,691.2999877929688,28.899999618530273,203.29376,41.16319,78.861855,0.250936
2022-01-26 16:00:00,308.29998779296875,952.0,50.20000076293945,402.85602,57.406483,70.113754,0.14385279
2022-01-26 17:00:00,480.70001220703125,1045.0,61.29999923706055,547.8825,65.587234,63.210804,0.119971685
2022-01-26 18:00:00,601.7999877929688,1089.0,67.69999694824219,632.2365,70.65855,58.865364,0.11184426
2022-01-26 19:00:00,654.7999877929688,1099.0,69.69999694824219,649.1178,69.18949,57.67515,0.106585704
2022-01-26 20:00:00,639.2999877929688,1089.0,68.5999984741211,599.0022,63.69343,59.831104,0.10637247
2022-01-26 21:00:00,558.7000122070312,1059.0,64.5999984741211,491.6115,54.930088,64.99641,0.11203623
2022-01-26 22:00:00,418.5,992.0,57.5,329.65363,43.37446,72.51144,0.13303158
2022-01-26 23:00:00,235.6999969482422,900.0,45.0,52.956474,25.045168,81.66122,0.85307467
2022-01-27 00:00:00,39.099998474121094,414.0,17.600000381469727,3.6092937,3.3908873,91.91638,0.38279846
2022-01-27 01:00:00,0.0,0.0,0.0,-0.24085478,-1.0752945,103.20496,0.0
2022-01-27 02:00:00,0.0,0.0,0.0,-0.1279035,-0.90855926,114.69933,0.0
2022-01-27 03:00:00,0.0,0.0,0.0,0.08301627,-0.7769106,126.32882,0.0
2022-01-27 04:00:00,0.0,0.0,0.0,-0.14085832,-0.78167737,137.74374,0.0
2022-01-27 05:00:00,0.0,0.0,0.0,-0.16570772,-0.57450306,148.30072,0.0
2022-01-27 06:00:00,0.0,0.0,0.0,0.012955063,-0.3422991,156.449,0.0
2022-01-27 07:00:00,0.0,0.0,0.0,-0.09783388,-0.38324875,159.05435,0.0
2022-01-27 08:00:00,0.0,0.0,0.0,-0.17550193,-0.44585794,154.43327,0.0
2022-01-27 09:00:00,0.0,0.0,0.0,-0.11868159,-0.5931579,145.30563,0.0
2022-01-27 10:00:00,0.0,0.0,0.0,-0.23883449,-0.40711486,134.38373,0.0
2022-01-27 11:00:00,0.0,0.0,0.0,-0.03143802,-0.77604765,122.848,0.0
2022-01-27 12:00:00,0.0,0.0,0.0,-0.52510613,-0.5214143,111.21437,0.0
2022-01-27 13:00:00,0.0,0.0,0.0,-0.2384663,-0.31255022,99.79671,0.0
2022-01-27 14:00:00,0.0,0.0,0.0,23.601732,14.120772,88.61412,0.6110762
2022-01-27 15:00:00,102.4000015258789,261.6000061035156,73.30000305175781,116.6659,112.23291,78.704346,0.92774457
2022-01-27 16:00:00,291.29998779296875,693.0,101.5999984741211,321.96863,271.68787,69.92806,0.81970936
2022-01-27 17:00:00,439.5,435.0,263.5,281.0877,275.1716,62.995155,0.97953016
2022-01-27 18:00:00,465.5,16.0,457.70001220703125,251.6685,249.80147,58.622852,0.99268705
2022-01-27 19:00:00,523.5999755859375,38.0,503.1000061035156,249.61507,248.3081,57.416077,0.9944199
2022-01-27 20:00:00,567.0,240.0,440.5,314.38855,292.7363,59.56988,0.9372646
2022-01-27 21:00:00,516.7000122070312,413.0,322.3999938964844,491.36224,334.11823,64.745094,0.67899644
2022-01-27 22:00:00,423.6000061035156,980.0,63.5,381.0489,185.23364,72.27619,0.4847864
2022-01-27 23:00:00,241.10000610351562,840.0,50.599998474121094,93.000275,81.563065,81.445076,0.9429678
2022-01-28 00:00:00,43.20000076293945,440.0,18.899999618530273,6.6943827,6.514657,91.70735,0.3986582
2022-01-28 01:00:00,0.0,0.0,0.0,0.186487,-1.0452149,103.010506,0.0
2022-01-28 02:00:00,0.0,0.0,0.0,-0.21853836,-1.0048301,114.51073,0.0
2022-01-28 03:00:00,0.0,0.0,0.0,-0.035171572,-0.9138579,126.13972,0.0
2022-01-28 04:00:00,0.0,0.0,0.0,0.10244678,-0.96096855,137.54506,0.0
2022-01-28 05:00:00,0.0,0.0,0.0,0.08880014,-0.9939101,148.0792,0.0
2022-01-28 06:00:00,0.0,0.0,0.0,0.09356508,-0.83499444,156.19496,0.0
2022-01-28 07:00:00,0.0,0.0,0.0,0.052649494,-0.7059715,158.8011,0.0
2022-01-28 08:00:00,0.0,0.0,0.0,0.13498878,-0.63945526,154.23622,0.0
2022-01-28 09:00:00,0.0,0.0,0.0,0.18610658,-0.66240984,145.15855,0.0
2022-01-28 10:00:00,0.0,0.0,0.0,0.12853226,-0.4616882,134.26178,0.0
2022-01-28 11:00:00,0.0,0.0,0.0,0.16962881,-0.6198121,122.73436,0.0
2022-01-28 12:00:00,0.0,0.0,0.0,-0.04034062,-0.56946,111.098465,0.0
2022-01-28 13:00:00,0.0,0.0,0.0,-0.14081545,-0.48065123,99.67083,0.0
2022-01-28 14:00:00,0.0,0.0,0.0,12.47919,12.336036,88.47078,0.6905951
2022-01-28 15:00:00,107.30000305175781,685.0,29.399999618530273,210.82083,41.25014,78.54088,0.23041305
2022-01-28 16:00:00,308.8999938964844,933.0,50.70000076293945,406.5463,56.40188,69.73635,0.13970065
2022-01-28 17:00:00,481.0,1029.0,61.599998474121094,553.3072,65.28577,62.773434,0.1182567
2022-01-28 18:00:00,599.9000244140625,1071.0,67.30000305175781,642.223,69.498085,58.374462,0.10826715
2022-01-28 19:00:00,655.7000122070312,1086.0,69.5,663.3317,69.39046,57.151657,0.104610495
2022-01-28 20:00:00,644.2000122070312,1082.0,68.80000305175781,617.7382,64.35983,59.304203,0.1042142
2022-01-28 21:00:00,566.0999755859375,1056.0,65.0,506.57974,55.567955,64.49034,0.10993099
2022-01-28 22:00:00,431.0,1006.0,57.20000076293945,345.6334,43.97099,72.03844,0.12843528
2022-01-28 23:00:00,248.60000610351562,885.0,45.20000076293945,62.28319,25.216436,81.22703,0.79575324
2022-01-29 00:00:00,47.29999923706055,473.0,19.299999237060547,4.2839203,3.9040468,91.49708,0.41204983
2022-01-29 01:00:00,0.0,0.0,0.0,-0.26038614,-0.845304,102.81507,0.0
2022-01-29 02:00:00,0.0,0.0,0.0,-0.11133308,-0.72530043,114.32119,0.0
2022-01-29 03:00:00,0.0,0.0,0.0,0.16746268,-0.7374962,125.94948,0.0
2022-01-29 04:00:00,0.0,0.0,0.0,0.072476186,-0.7889995,137.34476,0.0
2022-01-29 05:00:00,0.0,0.0,0.0,0.082042225,-0.66503626,147.85524,0.0
2022-01-29 06:00:00,0.0,0.0,0.0,0.09126438,-0.5953255,155.93707,0.0
2022-01-29 07:00:00,0.0,0.0,0.0,0.14061792,-0.4754077,158.54204,0.0
2022-01-29 08:00:00,0.0,0.0,0.0,0.16481431,-0.5957947,154.03181,0.0
2022-01-29 09:00:00,0.0,0.0,0.0,0.11563329,-0.45692196,145.00433,0.0
2022-01-29 10:00:00,0.0,0.0,0.0,0.18362306,-0.55137616,134.13312,0.0
2022-01-29 11:00:00,0.0,0.0,0.0,0.18645206,-0.53804356,122.61442,0.0
2022-01-29 12:00:00,0.0,0.0,0.0,0.037575014,-0.44657087,110.976494,0.0
2022-01-29 13:00:00,0.0,0.0,0.0,-0.38242972,-0.5042827,99.53904,0.0
2022-01-29 14:00:00,0.0,0.0,0.0,12.705334,12.594483,88.32101,0.6924851
2022-01-29 15:00:00,112.80000305175781,709.0,30.299999237060547,219.64955,41.199055,78.37149,0.21356747
2022-01-29 16:00:00,318.29998779296875,955.0,51.29999923706055,418.05624,55.59724,69.538666,0.13412347
2022-01-29 17:00:00,492.8999938964844,1049.0,62.20000076293945,566.88763,63.81983,62.54575,0.112839244
2022-01-29 18:00:00,614.7999877929688,1091.0,68.5999984741211,655.5774,67.653275,58.120277,0.103244334
2022-01-29 19:00:00,670.5,1105.0,70.0,677.50543,67.54107,56.881992,0.09968908
2022-01-29 20:00:00,660.4000244140625,1103.0,69.19999694824219,630.0771,62.064045,59.034176,0.098484635
2022-01-29 21:00:00,577.2999877929688,1070.0,65.4000015258789,520.6082,53.48588,64.232285,0.10290312
2022-01-29 22:00:00,438.29998779296875,1010.0,57.900001525878906,354.46454,44.17541,71.79831,0.12201855
2022-01-29 23:00:00,254.0,890.0,45.5,66.414856,23.914948,81.00717,0.73792183
2022-01-30 00:00:00,51.79999923706055,502.0,20.200000762939453,4.758836,4.7349,91.28578,0.43209594
2022-01-30 01:00:00,0.0,0.0,0.0,-0.22559594,-0.8818795,102.6187,0.0
2022-01-30 02:00:00,0.0,0.0,0.0,-0.013377716,-0.8573345,114.13075,0.0
2022-01-30 03:00:00,0.0,0.0,0.0,-0.04789586,-0.88259715,125.75817,0.0
2022-01-30 04:00:00,0.0,0.0,0.0,0.24522041,-0.8393738,137.14287,0.0
2022-01-30 05:00:00,0.0,0.0,0.0,0.098210745,-0.7861923,147.62881,0.0
2022-01-30 06:00:00,0.0,0.0,0.0,0.19701333,-0.7674927,155.6754,0.0
2022-01-30 07:00:00,0.0,0.0,0.0,0.12924081,-0.67851937,158.2772,0.0
2022-01-30 08:00:00,0.0,0.0,0.0,0.10847441,-0.68549037,153.82024,0.0
2022-01-30 09:00:00,0.0,0.0,0.0,0.17340809,-0.53333575,144.84291,0.0
2022-01-30 10:00:00,0.0,0.0,0.0,0.21509767,-0.47439986,133.9978,0.0
2022-01-30 11:00:00,0.0,0.0,0.0,0.19754653,-0.61041766,122.488205,0.0
2022-01-30 12:00:00,0.0,0.0,0.0,0.12631625,-0.37320897,110.84852,0.0
2022-01-30 13:00:00,0.0,0.0,0.0,-0.22876184,-0.48658895,99.40137,0.0
2022-01-30 14:00:00,0.0,0.0,0.0,13.043944,12.90419,88.1654,0.7092504
2022-01-30 15:00:00,117.69999694824219,735.0,30.299999237060547,224.68803,41.15227,78.196266,0.19835459
2022-01-30 16:00:00,325.70001220703125,972.0,50.900001525878906,423.80545,55.77698,69.33509,0.13278872
2022-01-30 17:00:00,501.5,1062.0,62.0,571.1095,64.21965,62.312172,0.11267085
2022-01-30 18:00:00,626.2000122070312,1106.0,68.5,660.81433,67.71887,57.86041,0.10252186
2022-01-30 19:00:00,682.0999755859375,1119.0,69.80000305175781,683.06274,66.874344,56.607174,0.09789939
2022-01-30 20:00:00,668.0999755859375,1110.0,68.9000015258789,635.5814,62.304153,58.759914,0.09805775
2022-01-30 21:00:00,588.2000122070312,1083.0,65.19999694824219,526.70087,55.22564,63.971043,0.10508143
2022-01-30 22:00:00,451.3999938964844,1040.0,57.79999923706055,363.71198,44.466118,71.55592,0.12345713
2022-01-30 23:00:00,264.29998779296875,919.0,45.70000076293945,72.12048,26.078047,80.78562,0.7654967
2022-01-31 00:00:00,56.79999923706055,536.0,21.0,4.49779,4.8470216,91.07351,0.45
2022-01-31 01:00:00,0.0,0.0,0.0,-0.2588288,-1.4559643,102.42148,0.0
2022-01-31 02:00:00,0.0,0.0,0.0,-0.47100383,-1.2596787,113.93949,0.0
2022-01-31 03:00:00,0.0,0.0,0.0,-0.13658424,-1.0127825,125.56584,0.0
2022-01-31 04:00:00,0.0,0.0,0.0,0.066261254,-0.5632276,136.93945,0.0
2022-01-31 05:00:00,0.0,0.0,0.0,-0.13275962,-0.97960174,147.39998,0.0
2022-01-31 06:00:00,0.0,0.0,0.0,-0.102970906,-0.7650462,155.41006,0.0
2022-01-31 07:00:00,0.0,0.0,0.0,0.18100902,-0.5397888,158.0068,0.0
2022-01-31 08:00:00,0.0,0.0,0.0,0.15302706,-0.710571,153.60152,0.0
2022-01-31 09:00:00,0.0,0.0,0.0,0.19016059,-0.6352476,144.67438,0.0
2022-01-31 10:00:00,0.0,0.0,0.0,0.20062813,-0.64647096,133.85582,0.0
2022-01-31 11:00:00,0.0,0.0,0.0,0.1815942,-0.61985594,122.35576,0.0
2022-01-31 12:00:00,0.0,0.0,0.0,0.234181,-0.6188717,110.71457,0.0
2022-01-31 13:00:00,0.0,0.0,0.0,-0.18457963,-0.44451237,99.25786,0.0
2022-01-31 14:00:00,0.0,0.0,0.0,13.525051,13.2053795,88.00441,0.7210985
2022-01-31 15:00:00,120.30000305175781,737.0,30.600000381469727,231.35954,57.871204,78.01526,0.2448233
2022-01-31 16:00:00,321.0,815.0,88.19999694824219,397.14273,187.50478,69.12571,0.46556142
2022-01-31 17:00:00,489.20001220703125,823.0,145.6999969482422,482.95865,335.19952,62.0728,0.7044347
2022-01-31 18:00:00,580.2000122070312,562.0,295.0,557.9781,410.04004,57.594944,0.7437777
2022-01-31 19:00:00,631.9000244140625,558.0,324.29998779296875,594.0709,182.08412,56.32733,0.35292044
2022-01-31 20:00:00,655.0999755859375,1078.0,68.69999694824219,627.6396,65.846054,58.481533,0.104935445
2022-01-31 21:00:00,575.9000244140625,1049.0,65.4000015258789,524.042,57.661594,63.70672,0.11022375
2022-01-31 22:00:00,442.70001220703125,1000.0,58.79999923706055,363.4611,45.91493,71.31138,0.12760991
2022-01-31 23:00:00,261.29998779296875,890.0,46.70000076293945,75.458015,27.251648,80.56251,0.77380544
2022-02-01 00:00:00,58.20000076293945,500.0,21.899999618530273,4.7449718,4.5672426,90.860954,0.4664828
2022-02-01 01:00:00,0.0,0.0,0.0,0.05498984,-1.1506641,102.223495,0.0
2022-02-01 02:00:00,0.0,0.0,0.0,-0.27033606,-0.810034,113.74746,0.0
2022-02-01 03:00:00,0.0,0.0,0.0,-0.028634738,-0.37761322,125.37248,0.0
2022-02-01 04:00:00,0.0,0.0,0.0,0.30870572,-0.4586077,136.73453,0.0
2022-02-01 05:00:00,0.0,0.0,0.0,0.12596332,-0.9439347,147.16875,0.0
2022-02-01 06:00:00,0.0,0.0,0.0,0.013843682,-0.7611799,155.1411,0.0
2022-02-01 07:00:00,0.0,0.0,0.0,-0.09886565,-1.0254188,157.73091,0.0
2022-02-01 08:00:00,0.0,0.0,0.0,-0.13464291,-0.70379704,153.37581,0.0
2022-02-01 09:00:00,0.0,0.0,0.0,-0.100423254,-0.812735,144.49883,0.0
2022-02-01 10:00:00,0.0,0.0,0.0,0.044470295,-0.6155318,133.70724,0.0
2022-02-01 11:00:00,0.0,0.0,0.0,-0.13843158,-0.68059486,122.217094,0.0
2022-02-01 12:00:00,0.0,0.0,0.0,-0.105128296,-0.56735605,110.57466,0.0
2022-02-01 13:00:00,0.0,0.0,0.0,-0.3539863,-0.7028132,99.108574,0.0
2022-02-01 14:00:00,0.0,0.0,0.0,41.376217,14.109968,87.83781,0.5747782
2022-02-01 15:00:00,99.4000015258789,88.0,88.5,164.93904,124.34136,77.82854,0.75710684
2022-02-01 16:00:00,283.0,277.0,202.8000030517578,349.73865,305.94717,68.910614,0.8069428
2022-02-01 17:00:00,394.70001220703125,30.0,382.20001220703125,400.32803,342.241,61.827724,0.8632741
2022-02-01 18:00:00,479.20001220703125,115.0,420.6000061035156,476.16504,407.76807,57.32398,0.8719707
2022-02-01 19:00:00,601.4000244140625,330.0,418.29998779296875,434.5412,395.93292,56.04256,0.9476498
2022-02-01 20:00:00,431.29998779296875,0.0,431.20001220703125,275.545,273.36923,58.19915,0.99186814
2022-02-01 21:00:00,454.1000061035156,62.0,423.5,205.6352,203.77483,63.439438,0.99057037
2022-02-01 22:00:00,375.6000061035156,270.0,270.79998779296875,114.43052,113.93871,71.06479,0.9956581
2022-02-01 23:00:00,185.89999389648438,70.0,169.8000030517578,51.36404,51.242447,80.337906,0.9975281
2022-02-02 00:00:00,38.5,0.0,38.5,5.07863,5.104565,90.64756,0.49892947
2022-02-02 01:00:00,0.0,0.0,0.0,-0.24559121,-0.4798486,102.02479,0.0
2022-02-02 02:00:00,0.0,0.0,0.0,0.07297097,-0.7582245,113.5547,0.0
2022-02-02 03:00:00,0.0,0.0,0.0,-0.14157744,-0.4485569,125.17817,0.0
2022-02-02 04:00:00,0.0,0.0,0.0,-0.12282094,-0.3946268,136.5281,0.0
2022-02-02 05:00:00,0.0,0.0,0.0,0.011920259,-0.2867521,146.93517,0.0
2022-02-02 06:00:00,0.0,0.0,0.0,0.014694261,-0.7094678,154.8686,0.0
2022-02-02 07:00:00,0.0,0.0,0.0,0.009801188,-0.73602873,157.4497,0.0
2022-02-02 08:00:00,0.0,0.0,0.0,-0.15457936,-0.8457142,153.14322,0.0
2022-02-02 09:00:00,0.0,0.0,0.0,-0.16214427,-0.8683681,144.31627,0.0
2022-02-02 10:00:00,0.0,0.0,0.0,-0.13087389,-0.83299387,133.55212,0.0
2022-02-02 11:00:00,0.0,0.0,0.0,-0.031349838,-0.6345143,122.072266,0.0
2022-02-02 12:00:00,0.0,0.0,0.0,-0.14951153,-0.068512104,110.428856,0.0
2022-02-02 13:00:00,0.0,0.0,0.0,-0.4994097,-0.53651893,98.953545,0.0
2022-02-02 14:00:00,0.0,0.0,0.0,17.835245,17.65945,87.66551,0.75986135
2022-02-02 15:00:00,40.79999923706055,0.0,40.79999923706055,128.9304,118.69862,77.63622,0.91487104
2022-02-02 16:00:00,228.8000030517578,6.0,227.10000610351562,230.40967,226.06064,68.68987,0.9822381
2022-02-02 17:00:00,479.8999938964844,637.0,209.60000610351562,351.6673,328.46292,61.57704,0.9421839
2022-02-02 18:00:00,558.7999877929688,189.0,461.20001220703125,449.8729,387.4483,57.04762,0.8672716
2022-02-02 19:00:00,652.2999877929688,558.0,340.5,503.57712,404.7295,55.752964,0.81228477
2022-02-02 20:00:00,614.2000122070312,394.0,396.8999938964844,438.7103,347.51764,57.912876,0.80018115
2022-02-02 21:00:00,554.7999877929688,536.0,289.6000061035156,393.546,256.3276,63.169315,0.68460387
2022-02-02 22:00:00,280.20001220703125,0.0,280.20001220703125,350.09473,182.8831,70.81627,0.52519256
2022-02-02 23:00:00,143.5,0.0,143.5,143.94853,103.02727,80.11196,0.8194819
2022-02-03 00:00:00,51.29999923706055,19.0,49.79999923706055,15.572432,11.901233,90.43345,0.4719416
2022-02-03 01:00:00,0.0,0.0,0.0,0.16367872,-0.96098626,101.82542,0.0
2022-02-03 02:00:00,0.0,0.0,0.0,0.19080834,-1.0013881,113.36126,0.0
2022-02-03 03:00:00,0.0,0.0,0.0,0.15939726,-1.0217471,124.98293,0.0
2022-02-03 04:00:00,0.0,0.0,0.0,0.10807952,-1.0777175,136.32022,0.0
2022-02-03 05:00:00,0.0,0.0,0.0,0.11127802,-0.9268679,146.69928,0.0
2022-02-03 06:00:00,0.0,0.0,0.0,0.13922188,-0.9706981,154.59258,0.0
2022-02-03 07:00:00,0.0,0.0,0.0,0.18358847,-0.6718122,157.16328,0.0
2022-02-03 08:00:00,0.0,0.0,0.0,0.15635888,-0.96458435,152.90387,0.0
2022-02-03 09:00:00,0.0,0.0,0.0,0.24591294,-0.8655619,144.12682,0.0
2022-02-03 10:00:00,0.0,0.0,0.0,0.099927016,-0.9016332,133.39047,0.0
2022-02-03 11:00:00,0.0,0.0,0.0,0.13766006,-0.7678722,121.92131,0.0
2022-02-03 12:00:00,0.0,0.0,0.0,0.21587242,-0.58662295,110.27723,0.0
2022-02-03 13:00:00,0.0,0.0,0.0,-0.15380684,-0.7881253,98.79288,0.0
2022-02-03 14:00:00,0.0,0.0,0.0,18.640402,15.826618,87.48758,0.7413215
2022-02-03 15:00:00,128.5,732.2000122070312,33.099998474121094,241.27832,48.99421,77.43835,0.20823264
2022-02-03 16:00:00,336.6000061035156,945.0,57.5,423.38788,68.065216,68.46361,0.16495402
2022-02-03 17:00:00,509.0,992.0,84.5,563.15625,92.82224,61.320854,0.16508038
2022-02-03 18:00:00,634.0999755859375,1086.0,70.4000015258789,599.0693,163.3089,56.765976,0.27377516
2022-02-03 19:00:00,691.4000244140625,1075.0,86.19999694824219,681.05817,160.0587,55.458668,0.23447308
2022-02-03 20:00:00,680.7000122070312,1096.0,71.0999984741211,647.65393,94.74162,57.622837,0.14598009
2022-02-03 21:00:00,602.7999877929688,1065.0,71.0,541.13904,64.90884,62.89649,0.12001923
2022-02-03 22:00:00,464.70001220703125,1020.0,60.20000076293945,377.56183,51.099655,70.565926,0.13659182
2022-02-03 23:00:00,278.20001220703125,905.0,48.400001525878906,88.6114,30.995363,79.88471,0.7579468
2022-02-04 00:00:00,70.5,560.0,24.399999618530273,6.445116,6.2703753,90.21833,0.5297253
2022-02-04 01:00:00,0.0,0.0,0.0,-0.08508744,-0.74530375,101.62546,0.0
2022-02-04 02:00:00,0.0,0.0,0.0,0.2855955,-0.8821249,113.1672,0.0
2022-02-04 03:00:00,0.0,0.0,0.0,-0.025863772,-1.049339,124.78678,0.0
2022-02-04 04:00:00,0.0,0.0,0.0,-0.05642154,-1.0756745,136.11089,0.0
2022-02-04 05:00:00,0.0,0.0,0.0,0.058629107,-0.7263669,146.46112,0.0
2022-02-04 06:00:00,0.0,0.0,0.0,0.089984864,-0.76157916,154.31314,0.0
2022-02-04 07:00:00,0.0,0.0,0.0,0.11326195,-0.6000243,156.87177,0.0
2022-02-04 08:00:00,0.0,0.0,0.0,0.07860564,-0.6128031,152.6579,0.0
2022-02-04 09:00:00,0.0,0.0,0.0,0.1880723,-0.5201158,143.93053,0.0
2022-02-04 10:00:00,0.0,0.0,0.0,0.094197385,-0.6797396,133.2224,0.0
2022-02-04 11:00:00,0.0,0.0,0.0,0.14113511,-0.50308233,121.76428,0.0
2022-02-04 12:00:00,0.0,0.0,0.0,0.07680325,-0.55820876,110.119804,0.0
2022-02-04 13:00:00,0.0,0.0,0.0,-0.21464539,-0.5761274,98.6266,0.0
2022-02-04 14:00:00,0.0,0.0,0.0,19.864096,15.836591,87.304115,0.7509079
2022-02-04 15:00:00,126.30000305175781,699.2000122070312,33.0,241.64786,44.719685,77.235,0.19169568
2022-02-04 16:00:00,331.70001220703125,933.0,53.099998474121094,437.28168,59.740242,68.23188,0.13760574
2022-02-04 17:00:00,506.6000061035156,1025.0,64.0999984741211,589.027,69.393906,61.05925,0.1179878
2022-02-04 18:00:00,630.2000122070312,1070.0,70.5,677.59357,73.93144,56.47914,0.10917282
2022-02-04 19:00:00,688.2000122070312,1086.0,72.19999694824219,704.49036,72.98533,55.159767,0.10359446
2022-02-04 20:00:00,677.7000122070312,1081.0,71.9000015258789,655.9432,67.319016,57.32914,0.102626525
2022-02-04 21:00:00,598.4000244140625,1053.0,68.0999984741211,544.5627,58.15018,62.621044,0.106990024
2022-02-04 22:00:00,460.29998779296875,1000.0,60.900001525878906,379.97427,46.16233,70.31387,0.12266278
2022-02-04 23:00:00,277.5,889.0,48.29999923706055,91.30104,27.75183,79.65632,0.69966125
2022-02-05 00:00:00,72.19999694824219,549.0,25.0,6.525832,6.201066,90.00257,0.5273713
2022-02-05 01:00:00,0.0,0.0,0.0,-0.053039756,-0.76033765,101.42497,0.0
2022-02-05 02:00:00,0.0,0.0,0.0,-0.104033075,-0.7600048,112.97255,0.0
2022-02-05 03:00:00,0.0,0.0,0.0,0.13916683,-0.7378723,124.589775,0.0
2022-02-05 04:00:00,0.0,0.0,0.0,0.1520038,-0.73333776,135.90015,0.0
2022-02-05 05:00:00,0.0,0.0,0.0,0.048986297,-0.56553483,146.22067,0.0
2022-02-05 06:00:00,0.0,0.0,0.0,-0.017314931,-0.7526795,154.03033,0.0
2022-02-05 07:00:00,0.0,0.0,0.0,0.12838036,-0.63131934,156.5753,0.0
2022-02-05 08:00:00,0.0,0.0,0.0,0.072593644,-0.6658805,152.40538,0.0
2022-02-05 09:00:00,0.0,0.0,0.0,0.12391499,-0.545014,143.7275,0.0
2022-02-05 10:00:00,0.0,0.0,0.0,0.1041057,-0.67958087,133.0479,0.0
2022-02-05 11:00:00,0.0,0.0,0.0,0.15330866,-0.5943226,121.601265,0.0
2022-02-05 12:00:00,0.0,0.0,0.0,-0.052039783,-0.6743095,109.956665,0.0
2022-02-05 13:00:00,0.0,0.0,0.0,-0.34577784,-0.3451572,98.4548,0.0
2022-02-05 14:00:00,0.0,0.0,0.0,21.813534,16.147762,87.11521,0.754765
2022-02-05 15:00:00,131.10000610351562,712.0,33.79999923706055,244.4343,43.84477,77.02628,0.18500847
2022-02-05 16:00:00,334.1000061035156,928.0,53.5,437.74167,58.451305,67.9948,0.13450837
2022-02-05 17:00:00,507.20001220703125,1017.0,64.30000305175781,585.2619,67.55043,60.79233,0.115626924
2022-02-05 18:00:00,628.0,1058.0,70.30000305175781,678.5799,72.87217,56.18724,0.10743008
2022-02-05 19:00:00,686.5999755859375,1076.0,72.0,700.29944,73.968,54.856377,0.105634026
2022-02-05 20:00:00,675.9000244140625,1070.0,71.69999694824219,655.4555,70.8473,57.031906,0.10808198
2022-02-05 21:00:00,599.7999877929688,1045.0,69.30000305175781,546.08307,62.313534,62.34312,0.11432905
2022-02-05 22:00:00,463.8999938964844,996.0,61.0,383.62296,54.53796,70.06023,0.14295004
2022-02-05 23:00:00,281.29998779296875,890.0,49.099998474121094,96.60231,31.81302,79.42686,0.7151295
2022-02-06 00:00:00,76.69999694824219,567.0,25.799999237060547,7.143959,7.093591,89.78627,0.56654483
2022-02-06 01:00:00,0.0,0.0,0.0,0.027394049,-0.99517363,101.22404,0.0
2022-02-06 02:00:00,0.0,0.0,0.0,0.16505902,-1.0518035,112.77735,0.0
2022-02-06 03:00:00,0.0,0.0,0.0,0.009561123,-0.9904842,124.39193,0.0
2022-02-06 04:00:00,0.0,0.0,0.0,-0.16438563,-0.7218103,135.688,0.0
2022-02-06 05:00:00,0.0,0.0,0.0,0.36994234,-0.3234088,145.97797,0.0
2022-02-06 06:00:00,0.0,0.0,0.0,0.15857781,-0.35016412,153.74423,0.0
2022-02-06 07:00:00,0.0,0.0,0.0,-0.10416825,-0.27060673,156.274,0.0
2022-02-06 08:00:00,0.0,0.0,0.0,-0.2954395,-0.44687948,152.14651,0.0
2022-02-06 09:00:00,0.0,0.0,0.0,-0.3467431,-0.32832983,143.51778,0.0
2022-02-06 10:00:00,0.0,0.0,0.0,-0.28226632,-0.21958397,132.86708,0.0
2022-02-06 11:00:00,0.0,0.0,0.0,-0.13365938,-0.22128794,121.432274,0.0
2022-02-06 12:00:00,0.0,0.0,0.0,-0.2929722,-0.29788724,109.787865,0.0
2022-02-06 13:00:00,0.0,0.0,0.0,-0.3583808,-0.75683796,98.27755,0.0
2022-02-06 14:00:00,0.0,0.0,0.0,25.960817,21.042356,86.92091,0.7804118
2022-02-06 15:00:00,134.5,719.0999755859375,34.0,244.74937,52.005486,76.81229,0.22947308
2022-02-06 16:00:00,344.0,949.0,53.79999923706055,457.2615,76.15331,67.75248,0.16484809
2022-02-06 17:00:00,521.0,1038.0,65.0999984741211,618.86053,95.58391,60.52021,0.1530225
2022-02-06 18:00:00,641.7999877929688,1074.0,71.0,703.0856,98.044106,55.890347,0.13962938
2022-02-06 19:00:00,698.5999755859375,1087.0,73.30000305175781,713.32086,76.89982,54.548607,0.10781003
2022-02-06 20:00:00,683.0999755859375,1029.0,97.5999984741211,664.93713,72.05965,56.731255,0.108387545
2022-02-06 21:00:00,609.2999877929688,1065.0,64.19999694824219,556.5872,62.47548,62.062828,0.1124296
2022-02-06 22:00:00,471.6000061035156,1002.0,62.0,393.33038,52.038162,69.805084,0.1338758
2022-02-06 23:00:00,285.0,855.0,57.5,99.87798,30.751251,79.19642,0.710626
2022-02-07 00:00:00,79.5999984741211,560.0,26.899999618530273,7.022138,7.1206803,89.569984,0.5829893
2022-02-07 01:00:00,0.0,0.0,0.0,-0.23422031,-1.2222611,101.022705,0.0
2022-02-07 02:00:00,0.0,0.0,0.0,-0.04685941,-0.89982367,112.58167,0.0
2022-02-07 03:00:00,0.0,0.0,0.0,0.05529017,-0.7332844,124.19326,0.0
2022-02-07 04:00:00,0.0,0.0,0.0,0.09939012,-0.9228556,135.47447,0.0
2022-02-07 05:00:00,0.0,0.0,0.0,0.067562394,-0.8856604,145.73305,0.0
2022-02-07 06:00:00,0.0,0.0,0.0,0.22699279,-0.43865624,153.45491,0.0
2022-02-07 07:00:00,0.0,0.0,0.0,0.1161975,-0.83354586,155.96802,0.0
2022-02-07 08:00:00,0.0,0.0,0.0,-0.15601087,-0.66151154,151.8814,0.0
2022-02-07 09:00:00,0.0,0.0,0.0,0.026774198,-0.8024309,143.30151,0.0
2022-02-07 10:00:00,0.0,0.0,0.0,0.06796648,-0.5638133,132.68001,0.0
2022-02-07 11:00:00,0.0,0.0,0.0,0.13192752,-0.60090226,121.25741,0.0
2022-02-07 12:00:00,0.0,0.0,0.0,0.027932303,-0.6593191,109.61349,0.0
2022-02-07 13:00:00,0.0,0.0,0.0,-0.24271415,-0.37833565,98.0949,0.0
2022-02-07 14:00:00,0.0,0.0,0.0,27.063328,17.337847,86.72133,0.7645037
2022-02-07 15:00:00,137.10000610351562,719.2000122070312,34.099998474121094,256.87628,45.70699,76.593094,0.1835072
2022-02-07 16:00:00,343.8999938964844,937.0,54.0,454.32947,60.206867,67.50498,0.13361683
2022-02-07 17:00:00,520.9000244140625,1029.0,65.0999984741211,603.7024,68.10379,60.242992,0.113000125
2022-02-07 18:00:00,644.2000122070312,1071.0,70.9000015258789,695.2263,73.17015,55.5886,0.10527637
2022-02-07 19:00:00,702.2000122070312,1085.0,73.0999984741211,716.4298,72.49631,54.23658,0.101193674
2022-02-07 20:00:00,690.7000122070312,1078.0,72.5999984741211,673.881,67.7294,56.427307,0.100501336
2022-02-07 21:00:00,611.7999877929688,1051.0,69.0,563.3361,59.03005,61.780293,0.10499762
2022-02-07 22:00:00,475.29998779296875,1002.0,61.599998474121094,396.18146,47.16559,69.54856,0.1198749
2022-02-07 23:00:00,292.0,897.0,49.599998474121094,104.425674,29.07236,78.96511,0.6604609
2022-02-08 00:00:00,84.5,590.0,27.299999237060547,8.132923,7.4806204,89.35343,0.57558185
2022-02-08 01:00:00,0.0,0.0,0.0,-0.41341564,-0.9978264,100.82098,0.0
2022-02-08 02:00:00,0.0,0.0,0.0,-0.28348,-0.866743,112.385506,0.0
2022-02-08 03:00:00,0.0,0.0,0.0,-0.15819614,-0.7816633,123.99379,0.0
2022-02-08 04:00:00,0.0,0.0,0.0,0.08379224,-0.52904683,135.25958,0.0
2022-02-08 05:00:00,0.0,0.0,0.0,0.03279686,-0.67493284,145.48593,0.0
2022-02-08 06:00:00,0.0,0.0,0.0,0.061083455,-0.5429113,153.16241,0.0
2022-02-08 07:00:00,0.0,0.0,0.0,0.10862808,-0.5906652,155.65742,0.0
2022-02-08 08:00:00,0.0,0.0,0.0,0.117666475,-0.4630404,151.61018,0.0
2022-02-08 09:00:00,0.0,0.0,0.0,0.14659017,-0.5187271,143.07881,0.0
2022-02-08 10:00:00,0.0,0.0,0.0,0.026933856,-0.5578928,132.48676,0.0
2022-02-08 11:00:00,0.0,0.0,0.0,0.13321331,-0.5847604,121.07673,0.0
2022-02-08 12:00:00,0.0,0.0,0.0,-0.0072555416,-0.39611015,109.43358,0.0
2022-02-08 13:00:00,0.0,0.0,0.0,-0.04662496,-0.3232377,97.90697,0.0
2022-02-08 14:00:00,0.0,0.0,0.0,30.507568,21.148817,86.51653,0.7843019
2022-02-08 15:00:00,138.8000030517578,724.0,32.70000076293945,253.96362,51.578487,76.3688,0.20921555
2022-02-08 16:00:00,344.6000061035156,926.0,54.599998474121094,452.30524,68.10697,67.25246,0.15170999
2022-02-08 17:00:00,522.4000244140625,1021.0,65.80000305175781,607.81714,81.16919,59.960777,0.13371246
2022-02-08 18:00:00,652.7000122070312,1078.0,71.0,697.00867,86.34834,55.282085,0.1239317
2022-02-08 19:00:00,711.5,1093.0,73.30000305175781,719.9421,85.519005,53.92041,0.11878344
2022-02-08 20:00:00,703.4000244140625,1092.0,72.5999984741211,675.2049,80.29488,56.120174,0.118943565
2022-02-08 21:00:00,627.5999755859375,1073.0,68.80000305175781,564.1434,71.00237,61.49562,0.1260814
2022-02-08 22:00:00,491.5,1030.0,61.400001525878906,400.75824,57.68773,69.29076,0.14508766
2022-02-08 23:00:00,306.5,940.0,50.0,114.42563,40.844532,78.73304,0.7089624
2022-02-09 00:00:00,91.0999984741211,619.0,28.299999237060547,9.132365,9.085678,89.13655,0.6333315
2022-02-09 01:00:00,0.0,0.0,0.0,0.24608418,-1.0916003,100.61897,0.0
2022-02-09 02:00:00,0.0,0.0,0.0,0.28659153,-1.0333945,112.18892,0.0
2022-02-09 03:00:00,0.0,0.0,0.0,0.2610498,-1.1239225,123.79358,0.0
2022-02-09 04:00:00,0.0,0.0,0.0,0.212777,-1.1057786,135.04333,0.0
2022-02-09 05:00:00,0.0,0.0,0.0,0.24735092,-0.98322093,145.23665,0.0
2022-02-09 06:00:00,0.0,0.0,0.0,0.19446407,-1.0942341,152.8668,0.0
2022-02-09 07:00:00,0.0,0.0,0.0,0.22168475,-0.894951,155.34242,0.0
2022-02-09 08:00:00,0.0,0.0,0.0,0.13706142,-0.83031934,151.33301,0.0
2022-02-09 09:00:00,0.0,0.0,0.0,0.10160715,-0.8268492,142.8497,0.0
2022-02-09 10:00:00,0.0,0.0,0.0,-0.19999816,-0.9792251,132.2874,0.0
2022-02-09 11:00:00,0.0,0.0,0.0,-0.2802199,-0.45372227,120.89029,0.0
2022-02-09 12:00:00,0.0,0.0,0.0,-0.5640387,-0.060907543,109.24822,0.0
2022-02-09 13:00:00,0.0,0.0,0.0,-0.24763086,0.083983906,97.71381,0.0
2022-02-09 14:00:00,0.0,0.0,0.0,37.962044,27.537249,86.306625,0.84402317
2022-02-09 15:00:00,140.10000610351562,712.0,33.20000076293945,267.17746,89.06001,76.139496,0.33970526
2022-02-09 16:00:00,344.5,691.0,125.5,466.06976,124.66563,66.99498,0.27077726
2022-02-09 17:00:00,472.6000061035156,379.0,301.6000061035156,601.325,327.20663,59.67369,0.56391734
2022-02-09 18:00:00,585.2999877929688,369.0,384.5,733.2437,447.25296,54.97094,0.6332926
2022-02-09 19:00:00,678.2000122070312,818.0,196.6999969482422,427.11465,407.5062,53.600197,0.96726584
2022-02-09 20:00:00,673.0999755859375,867.0,168.39999389648438,404.60663,347.5199,55.80999,0.9008783
2022-02-09 21:00:00,604.7000122070312,936.0,113.0,278.73434,272.8449,61.208942,0.9847013
2022-02-09 22:00:00,483.79998779296875,967.0,75.9000015258789,193.1026,176.71873,69.03177,0.93502194
2022-02-09 23:00:00,294.20001220703125,873.0,51.29999923706055,92.757355,92.09483,78.500275,0.9959976
2022-02-10 00:00:00,89.19999694824219,589.0,27.100000381469727,10.883528,10.907624,88.91941,0.65
2022-02-10 01:00:00,0.0,0.0,0.0,-0.6258882,-0.7545269,100.41671,0.0
2022-02-10 02:00:00,0.0,0.0,0.0,-0.09777547,-0.8669391,111.99194,0.0
2022-02-10 03:00:00,0.0,0.0,0.0,0.15726587,-0.8035516,123.59261,0.0
2022-02-10 04:00:00,0.0,0.0,0.0,0.20837769,-0.7258425,134.82576,0.0
2022-02-10 05:00:00,0.0,0.0,0.0,0.0675071,-1.0421627,144.98526,0.0
2022-02-10 06:00:00,0.0,0.0,0.0,-0.33437225,-1.2692713,152.56813,0.0
2022-02-10 07:00:00,0.0,0.0,0.0,0.23850968,-0.52170926,155.02306,0.0
2022-02-10 08:00:00,0.0,0.0,0.0,0.10220034,-1.0052998,151.05003,0.0
2022-02-10 09:00:00,0.0,0.0,0.0,-0.15304978,-0.82051355,142.61436,0.0
2022-02-10 10:00:00,0.0,0.0,0.0,0.14418812,-1.0534538,132.08202,0.0
2022-02-10 11:00:00,0.0,0.0,0.0,-0.23435593,-1.1189994,120.698204,0.0
2022-02-10 12:00:00,0.0,0.0,0.0,-0.2038924,-0.40950146,109.05751,0.0
2022-02-10 13:00:00,0.0,0.0,0.0,-0.048547152,-0.66367847,97.51474,0.0
2022-02-10 14:00:00,0.0,0.0,0.0,32.069168,18.744816,86.09245,0.7895879
2022-02-10 15:00:00,145.5,713.5999755859375,35.79999923706055,262.81302,48.356365,75.9053,0.18988948
2022-02-10 16:00:00,348.6000061035156,914.0,55.5,437.78867,124.8873,66.73265,0.29027814
2022-02-10 17:00:00,518.5,994.0,65.9000015258789,601.20245,76.66743,59.381817,0.1275814
2022-02-10 18:00:00,639.7999877929688,1028.0,76.4000015258789,582.1302,266.6892,54.65525,0.48746693
2022-02-10 19:00:00,684.2000122070312,876.0,164.60000610351562,622.3507,342.08264,53.276066,0.56469905
2022-02-10 20:00:00,687.7999877929688,1047.0,73.5,557.666,332.74954,55.496853,0.6216718
2022-02-10 21:00:00,617.9000244140625,1022.0,76.5,367.6918,233.63075,60.92036,0.6565798
2022-02-10 22:00:00,482.0,985.0,62.400001525878906,326.3115,126.63196,68.77171,0.40487444
2022-02-10 23:00:00,298.0,850.0,56.5,107.35523,59.32001,78.26692,0.7825525
2022-02-11 00:00:00,92.80000305175781,580.0,29.0,19.237692,19.229353,88.70178,0.66625077
2022-02-11 01:00:00,0.0,0.0,0.0,-0.68509144,-0.76600826,100.21424,0.0
2022-02-11 02:00:00,0.0,0.0,0.0,-0.03485628,-0.9210549,111.79461,0.0
2022-02-11 03:00:00,0.0,0.0,0.0,0.08831264,-0.92994386,123.3909,0.0
2022-02-11 04:00:00,0.0,0.0,0.0,0.13657913,-0.94512236,134.60687,0.0
2022-02-11 05:00:00,0.0,0.0,0.0,0.16168877,-0.9465717,144.7317,0.0
2022-02-11 06:00:00,0.0,0.0,0.0,0.23782407,-0.8644184,152.26651,0.0
2022-02-11 07:00:00,0.0,0.0,0.0,0.41579685,-0.7543604,154.6995,0.0
2022-02-11 08:00:00,0.0,0.0,0.0,0.3592569,-0.96856916,150.76134,0.0
2022-02-11 09:00:00,0.0,0.0,0.0,0.06674806,-1.1370685,142.3729,0.0
2022-02-11 10:00:00,0.0,0.0,0.0,0.056860764,-1.1014059,131.87074,0.0
2022-02-11 11:00:00,0.0,0.0,0.0,0.11012586,-1.074521,120.500534,0.0
2022-02-11 12:00:00,0.0,0.0,0.0,0.19163665,-0.99640065,108.86154,0.0
2022-02-11 13:00:00,0.0,0.0,0.0,0.023519564,-0.7157405,97.30734,0.0
2022-02-11 14:00:00,0.0,0.0,0.0,35.519215,18.759329,85.87683,0.7862683
2022-02-11 15:00:00,148.8000030517578,707.5,37.400001525878906,272.5366,48.361443,75.6663,0.18210816
2022-02-11 16:00:00,355.3999938964844,922.0,56.099998474121094,470.38278,62.657143,66.4656,0.13398129
2022-02-11 17:00:00,532.7999877929688,1016.0,66.0,621.7728,72.81381,59.08527,0.11727311
2022-02-11 18:00:00,655.2999877929688,1057.0,71.5999984741211,711.3817,78.733185,54.335144,0.110690124
2022-02-11 19:00:00,712.5999755859375,1058.0,80.5,732.7522,80.463844,52.948135,0.1098101
2022-02-11 20:00:00,708.4000244140625,1071.0,75.30000305175781,688.88403,96.87978,55.180904,0.14276393
2022-02-11 21:00:00,632.4000244140625,1051.0,71.0,496.45752,165.32903,60.629993,0.34960538
2022-02-11 22:00:00,491.79998779296875,980.0,70.0999984741211,311.90414,79.04111,68.510704,0.3662229
2022-02-11 23:00:00,307.1000061035156,890.0,51.0,70.051506,53.06544,78.03306,0.88075995
2022-02-12 00:00:00,93.19999694824219,400.0,48.900001525878906,23.315178,22.655903,88.48396,0.67762226
2022-02-12 01:00:00,0.0,0.0,0.0,-0.65580845,-0.6212875,100.011604,0.0
2022-02-12 02:00:00,0.0,0.0,0.0,-0.48995394,-0.56784356,111.59694,0.0
2022-02-12 03:00:00,0.0,0.0,0.0,-0.18589832,-0.6154088,123.188515,0.0
2022-02-12 04:00:00,0.0,0.0,0.0,-0.5015946,-0.2818856,134.38667,0.0
2022-02-12 05:00:00,0.0,0.0,0.0,-0.44634205,-0.37291792,144.47607,0.0
2022-02-12 06:00:00,0.0,0.0,0.0,-0.255004,-0.44394785,151.96194,0.0
2022-02-12 07:00:00,0.0,0.0,0.0,-0.1254036,-0.8352022,154.37189,0.0
2022-02-12 08:00:00,0.0,0.0,0.0,-0.047228735,-1.2371973,150.46718,0.0
2022-02-12 09:00:00,0.0,0.0,0.0,-0.030940648,-0.84679323,142.12541,0.0
2022-02-12 10:00:00,0.0,0.0,0.0,0.4397617,-0.6169535,131.65361,0.0
2022-02-12 11:00:00,0.0,0.0,0.0,0.04908096,-1.2020781,120.29738,0.0
2022-02-12 12:00:00,0.0,0.0,0.0,-0.1596917,-0.64543563,108.66037,0.0
2022-02-12 13:00:00,0.0,0.0,0.0,0.40120277,-0.36629897,97.09151,0.0
2022-02-12 14:00:00,0.0,0.0,0.0,57.73872,45.779804,85.6602,0.8505592
2022-02-12 15:00:00,157.39999389648438,744.7000122070312,37.400001525878906,261.21268,95.53581,75.4226,0.39834896
2022-02-12 16:00:00,366.1000061035156,941.0,56.599998474121094,471.89594,69.38656,66.19393,0.15080722
2022-02-12 17:00:00,541.9000244140625,1024.0,67.30000305175781,616.20624,159.8086,58.784176,0.25762025
2022-02-12 18:00:00,663.4000244140625,1061.0,72.9000015258789,690.78125,125.36828,54.010723,0.18573138
2022-02-12 19:00:00,720.4000244140625,1072.0,75.4000015258789,730.6904,82.50207,52.616524,0.11296814
2022-02-12 20:00:00,682.2999877929688,700.0,265.29998779296875,688.75287,72.70289,54.862247,0.10555574
2022-02-12 21:00:00,633.4000244140625,1044.0,71.0999984741211,575.9183,70.28002,60.337963,0.12283581
2022-02-12 22:00:00,495.8999938964844,993.0,64.0999984741211,414.00537,54.956226,68.24882,0.13248856
2022-02-12 23:00:00,311.6000061035156,890.0,53.29999923706055,124.84947,34.41001,77.798775,0.6532651
2022-02-13 00:00:00,102.69999694824219,610.0,30.899999618530273,10.68411,10.678881,88.2661,0.69927955
2022-02-13 01:00:00,0.0,0.0,0.0,0.01933866,-0.95282465,99.80886,0.0
2022-02-13 02:00:00,0.0,0.0,0.0,0.23666167,-0.93145,111.398964,0.0
2022-02-13 03:00:00,0.0,0.0,0.0,0.13988781,-1.0874928,122.98542,0.0
2022-02-13 04:00:00,0.0,0.0,0.0,0.109386764,-0.87916654,134.16519,0.0
2022-02-13 05:00:00,0.0,0.0,0.0,-0.1958411,-1.2817568,144.21837,0.0
2022-02-13 06:00:00,0.0,0.0,0.0,-0.16291982,-1.0064456,151.65451,0.0
2022-02-13 07:00:00,0.0,0.0,0.0,-0.07138015,-1.0458617,154.04028,0.0
2022-02-13 08:00:00,0.0,0.0,0.0,-0.08342632,-0.79589593,150.16759,0.0
2022-02-13 09:00:00,0.0,0.0,0.0,0.15641603,-0.6089611,141.87206,0.0
2022-02-13 10:00:00,0.0,0.0,0.0,0.10879335,-0.7468449,131.43077,0.0
2022-02-13 11:00:00,0.0,0.0,0.0,0.09477269,-0.70044386,120.08879,0.0
2022-02-13 12:00:00,0.0,0.0,0.0,-0.13865228,-0.62631494,108.4541,0.0
2022-02-13 13:00:00,0.0,0.0,0.0,-0.08775067,-0.16630913,96.86715,0.0
2022-02-13 14:00:00,0.0,0.0,0.0,44.053593,20.824724,85.44259,0.7996608
2022-02-13 15:00:00,161.3000030517578,746.0,38.099998474121094,283.3238,47.257214,75.17434,0.17106144
2022-02-13 16:00:00,371.5,944.0,57.29999923706055,483.15814,61.21174,65.917755,0.12749414
2022-02-13 17:00:00,548.2999877929688,1026.0,68.30000305175781,630.25287,69.63215,58.478653,0.1106418
2022-02-13 18:00:00,670.2000122070312,1064.0,73.30000305175781,719.54517,74.81136,53.682114,0.104006864
2022-02-13 19:00:00,727.5999755859375,1075.0,75.9000015258789,745.4731,74.218254,52.28133,0.099556826
2022-02-13 20:00:00,718.2999877929688,1071.0,75.5999984741211,701.5166,70.390724,54.541016,0.10038388
2022-02-13 21:00:00,641.5,1049.0,72.0999984741211,592.0252,63.13987,60.044376,0.10680761
2022-02-13 22:00:00,506.0,1010.0,64.5999984741211,424.7978,50.93547,67.98616,0.120754585
2022-02-13 23:00:00,320.0,910.0,52.70000076293945,131.3259,33.000477,77.56413,0.6130421
2022-02-14 00:00:00,108.80000305175781,638.0,31.700000762939453,9.809007,9.8030615,88.04871,0.71566105
2022-02-14 01:00:00,0.0,0.0,0.0,-0.20769033,-0.88156915,99.60606,0.0
2022-02-14 02:00:00,0.0,0.0,0.0,0.0026703875,-1.0848978,111.200714,0.0
2022-02-14 03:00:00,0.0,0.0,0.0,-0.26294157,-1.2437565,122.78165,0.0
2022-02-14 04:00:00,0.0,0.0,0.0,0.007506003,-0.8069017,133.9424,0.0
2022-02-14 05:00:00,0.0,0.0,0.0,0.16134459,-0.7158019,143.95863,0.0
2022-02-14 06:00:00,0.0,0.0,0.0,0.16467479,-0.86961156,151.34427,0.0
2022-02-14 07:00:00,0.0,0.0,0.0,0.11037253,-0.6563494,153.70486,0.0
2022-02-14 08:00:00,0.0,0.0,0.0,-0.013491494,-0.8475067,149.86278,0.0
2022-02-14 09:00:00,0.0,0.0,0.0,0.13371675,-0.7022502,141.61288,0.0
2022-02-14 10:00:00,0.0,0.0,0.0,0.038085755,-0.63719714,131.2023,0.0
2022-02-14 11:00:00,0.0,0.0,0.0,0.057330314,-0.6035858,119.87492,0.0
2022-02-14 12:00:00,0.0,0.0,0.0,-0.11893783,-0.67642915,108.242836,0.0
2022-02-14 13:00:00,0.0,0.0,0.0,0.23622963,-0.121889204,96.63417,0.0
2022-02-14 14:00:00,0.0,0.0,0.0,47.68935,21.819,85.22422,0.8009069
2022-02-14 15:00:00,167.0,756.0,39.400001525878906,288.84213,48.30096,74.92159,0.17129056
2022-02-14 16:00:00,378.6000061035156,952.0,57.70000076293945,486.8877,63.066116,65.63718,0.13029653
2022-02-14 17:00:00,557.2000122070312,1035.0,68.5999984741211,638.91486,71.856895,58.168816,0.11261713
2022-02-14 18:00:00,679.2999877929688,1070.0,73.9000015258789,728.19745,78.77767,53.349426,0.108220555
2022-02-14 19:00:00,737.7000122070312,1083.0,76.4000015258789,752.56537,81.326225,51.942688,0.10807808
2022-02-14 20:00:00,728.2000122070312,1078.0,76.19999694824219,682.2413,99.86794,54.21731,0.14875089
2022-02-14 21:00:00,650.7999877929688,1055.0,73.5,579.26227,111.72431,59.749355,0.19313042
2022-02-14 22:00:00,514.0,1017.0,63.0,376.77948,132.88405,67.72285,0.37817958
2022-02-14 23:00:00,326.79998779296875,910.0,53.099998474121094,124.67904,116.70707,77.329254,0.95077384
2022-02-15 00:00:00,114.0999984741211,656.0,32.20000076293945,19.154629,19.066828,87.83135,0.7429674
2022-02-15 01:00:00,0.0,0.0,0.0,-0.18287386,-0.8203675,99.403206,0.0
2022-02-15 02:00:00,0.0,0.0,0.0,-0.28783494,-0.95772,111.00222,0.0
2022-02-15 03:00:00,0.0,0.0,0.0,-0.07347255,-1.0028161,122.577225,0.0
2022-02-15 04:00:00,0.0,0.0,0.0,-0.052732762,-0.81415606,133.71835,0.0
2022-02-15 05:00:00,0.0,0.0,0.0,0.06017193,-0.5647795,143.69685,0.0
2022-02-15 06:00:00,0.0,0.0,0.0,-0.0024219777,-0.73440856,151.03131,0.0
2022-02-15 07:00:00,0.0,0.0,0.0,-0.13565148,-0.46493205,153.36574,0.0
2022-02-15 08:00:00,0.0,0.0,0.0,0.025940014,-0.46592557,149.5529,0.0
2022-02-15 09:00:00,0.0,0.0,0.0,-0.11935389,-0.704455,141.34807,0.0
2022-02-15 10:00:00,0.0,0.0,0.0,-0.07343676,-0.67472273,130.96832,0.0
2022-02-15 11:00:00,0.0,0.0,0.0,-0.13556305,-0.7550042,119.65586,0.0
2022-02-15 12:00:00,0.0,0.0,0.0,-0.16007638,-0.6435694,108.02666,0.0
2022-02-15 13:00:00,0.0,0.0,0.0,0.06274765,-0.1553828,96.39523,0.0
2022-02-15 14:00:00,0.0,0.0,0.0,57.944363,47.770676,85.00235,0.93644047
2022-02-15 15:00:00,170.10000610351562,751.0,40.29999923706055,229.62723,155.26886,74.6645,0.70790106
2022-02-15 16:00:00,375.20001220703125,827.0,93.0999984741211,310.83456,246.636,65.35232,0.8276649
2022-02-15 17:00:00,555.7999877929688,933.0,111.30000305175781,451.80988,338.81537,57.854763,0.8019367
2022-02-15 18:00:00,675.7000122070312,925.0,148.1999969482422,410.81598,352.54474,53.012775,0.8847613
2022-02-15 19:00:00,739.5,1064.0,84.5,446.992,340.16687,51.600716,0.80711174
2022-02-15 20:00:00,727.0,1032.0,98.0999984741211,567.97766,258.4289,53.89127,0.48699087
2022-02-15 21:00:00,625.9000244140625,629.0,278.79998779296875,543.02545,148.48541,59.453007,0.29311806
2022-02-15 22:00:00,425.0,110.0,373.8999938964844,248.8498,195.36455,67.458954,0.86294264
2022-02-15 23:00:00,309.70001220703125,733.0,87.30000305175781,86.913315,87.06455,77.0942,0.9995886
2022-02-16 00:00:00,92.0,308.0,52.29999923706055,13.914256,13.902287,87.61407,0.76610917
2022-02-16 01:00:00,0.0,0.0,0.0,-0.48899695,-0.5294754,99.20037,0.0
2022-02-16 02:00:00,0.0,0.0,0.0,-0.64259624,-0.3926487,110.8035,0.0
2022-02-16 03:00:00,0.0,0.0,0.0,-0.5357649,-0.6835213,122.372154,0.0
2022-02-16 04:00:00,0.0,0.0,0.0,-0.2509865,-0.4968889,133.49304,0.0
2022-02-16 05:00:00,0.0,0.0,0.0,-0.32230785,-0.7487229,143.43309,0.0
2022-02-16 06:00:00,0.0,0.0,0.0,-0.25015575,-0.09174398,150.71567,0.0
2022-02-16 07:00:00,0.0,0.0,0.0,-0.28362834,-0.17351119,153.02298,0.0
2022-02-16 08:00:00,0.0,0.0,0.0,-0.35930413,-0.4623209,149.23808,0.0
2022-02-16 09:00:00,0.0,0.0,0.0,-0.34926718,-0.45629138,141.07779,0.0
2022-02-16 10:00:00,0.0,0.0,0.0,-0.36163196,-0.53653586,130.72891,0.0
2022-02-16 11:00:00,0.0,0.0,0.0,-0.42071417,-0.44750848,119.43167,0.0
2022-02-16 12:00:00,0.0,0.0,0.0,-0.20254792,-0.57366794,107.80568,0.0
2022-02-16 13:00:00,0.0,0.0,0.0,-0.26285782,-0.2256344,96.15285,0.01663321
2022-02-16 14:00:00,0.0,0.0,0.0,24.283457,23.993652,84.77481,0.9879703
2022-02-16 15:00:00,132.3000030517578,18.299999237060547,129.10000610351562,115.14536,96.11352,74.403145,0.98553187
2022-02-16 16:00:00,367.8999938964844,333.0,252.6999969482422,241.05957,232.29448,65.06332,0.9910692
2022-02-16 17:00:00,458.70001220703125,76.0,422.1000061035156,477.57172,420.434,57.536633,0.9802321
2022-02-16 18:00:00,358.5,0.0,358.5,433.78113,381.70175,52.67228,0.9797027
2022-02-16 19:00:00,665.7000122070312,140.0,578.9000244140625,554.27563,455.79355,51.255527,0.9214996
2022-02-16 20:00:00,622.2999877929688,339.0,414.5,366.3672,291.169,53.562996,0.91115427
2022-02-16 21:00:00,539.7999877929688,200.0,428.3999938964844,276.7461,243.46597,59.155437,0.99345964
2022-02-16 22:00:00,460.3999938964844,209.0,365.8999938964844,140.303,139.82466,67.194595,0.99604326
2022-02-16 23:00:00,315.70001220703125,527.0,153.5,92.217735,91.693794,76.859024,0.9930783
2022-02-17 00:00:00,113.4000015258789,377.0,63.29999923706055,11.253069,11.0921955,87.39694,0.77318317
2022-02-17 01:00:00,0.0,0.0,0.0,-0.50201446,-0.54120696,98.99756,0.0
2022-02-17 02:00:00,0.0,0.0,0.0,-0.26240817,-0.70588547,110.60456,0.0
2022-02-17 03:00:00,0.0,0.0,0.0,-0.35823497,-0.5272294,122.16645,0.0
2022-02-17 04:00:00,0.0,0.0,0.0,-0.28007177,-0.6601221,133.2665,0.0
2022-02-17 05:00:00,0.0,0.0,0.0,-0.26516372,-0.65132415,143.16733,0.0
2022-02-17 06:00:00,0.0,0.0,0.0,-0.32990274,-0.59569526,150.3974,0.0
2022-02-17 07:00:00,0.0,0.0,0.0,-0.30776653,-0.6925728,152.67677,0.0
2022-02-17 08:00:00,0.0,0.0,0.0,-0.21534279,-0.80631644,148.91846,0.0
2022-02-17 09:00:00,0.0,0.0,0.0,-0.2547397,-0.67002255,140.8021,0.0
2022-02-17 10:00:00,0.0,0.0,0.0,-0.23177782,-0.512975,130.48422,0.0
2022-02-17 11:00:00,0.0,0.0,0.0,-0.0972894,-1.1307511,119.20249,0.0
2022-02-17 12:00:00,0.0,0.0,0.0,0.041427918,-0.9559338,107.58,0.0
2022-02-17 13:00:00,0.0,0.0,0.0,0.60238284,-0.29524466,95.90789,0.049887426
2022-02-17 14:00:00,0.0,0.0,0.0,58.220764,30.377008,84.541855,0.8023662
2022-02-17 15:00:00,180.8000030517578,791.0,37.5,308.99136,57.092014,74.13764,0.18987894
2022-02-17 16:00:00,398.1000061035156,971.0,58.599998474121094,513.96655,71.85102,64.77027,0.14063257
2022-02-17 17:00:00,579.2000122070312,1050.0,69.19999694824219,672.8602,80.66859,57.21454,0.120083615
2022-02-17 18:00:00,700.4000244140625,1080.0,74.9000015258789,762.2978,85.4469,52.328056,0.11211705
2022-02-17 19:00:00,762.9000244140625,1098.0,76.9000015258789,782.4617,87.62354,50.907227,0.11197875
2022-02-17 20:00:00,751.5999755859375,1092.0,76.5,733.036,78.08107,53.23262,0.106507935
2022-02-17 21:00:00,673.7999877929688,1071.0,73.0,621.42444,67.9513,58.856766,0.10951634
2022-02-17 22:00:00,532.0999755859375,1021.0,66.4000015258789,451.33676,55.172993,66.92984,0.123058006
2022-02-17 23:00:00,340.5,917.0,54.79999923706055,151.94447,36.514328,76.623856,0.6086119
2022-02-18 00:00:00,126.30000305175781,673.0,34.400001525878906,12.346192,12.336648,87.18,0.7988856
2022-02-18 01:00:00,0.0,0.0,0.0,0.0056125233,-0.8549951,98.79484,0.0
2022-02-18 02:00:00,0.0,0.0,0.0,0.15269162,-0.8745696,110.405464,0.0
2022-02-18 03:00:00,0.0,0.0,0.0,0.19281125,-0.79749167,121.960106,0.0
2022-02-18 04:00:00,0.0,0.0,0.0,0.102439985,-0.9792546,133.03871,0.0
2022-02-18 05:00:00,0.0,0.0,0.0,-0.3032865,-0.6440038,142.89964,0.0
2022-02-18 06:00:00,0.0,0.0,0.0,-0.096365586,-0.81325966,150.0766,0.0
2022-02-18 07:00:00,0.0,0.0,0.0,-0.017925136,-0.7387675,152.3272,0.0
2022-02-18 08:00:00,0.0,0.0,0.0,0.006030107,-0.72028196,148.59424,0.0
2022-02-18 09:00:00,0.0,0.0,0.0,-0.13293713,-0.2995156,140.5212,0.0
2022-02-18 10:00:00,0.0,0.0,0.0,0.008960828,-0.40817204,130.23438,0.0
2022-02-18 11:00:00,0.0,0.0,0.0,-0.21649717,-0.47713247,118.968414,0.0
2022-02-18 12:00:00,0.0,0.0,0.0,-0.13730066,-0.5577602,107.349724,0.0
2022-02-18 13:00:00,0.0,0.0,0.0,0.57433826,0.6273786,95.65965,0.06651119
2022-02-18 14:00:00,0.0,0.0,0.0,72.3253,48.21462,84.303696,0.84018373
2022-02-18 15:00:00,184.60000610351562,777.0,40.599998474121094,309.0839,58.082912,73.86814,0.20656718
2022-02-18 16:00:00,396.5,951.0,59.5,510.6551,68.95334,64.473305,0.13547727
2022-02-18 17:00:00,573.5,1026.0,70.5,664.9568,94.97422,56.888603,0.14208804
2022-02-18 18:00:00,698.0999755859375,1066.0,75.69999694824219,758.8418,94.09182,51.980225,0.12417169
2022-02-18 19:00:00,756.7999877929688,1079.0,78.0999984741211,772.25165,80.03973,50.555958,0.10364328
2022-02-18 20:00:00,745.7999877929688,1072.0,78.0,672.1432,109.90323,52.90025,0.1861935
2022-02-18 21:00:00,667.0999755859375,1050.0,73.5999984741211,564.7385,112.49293,58.557106,0.21862505
2022-02-18 22:00:00,527.5,1000.0,67.69999694824219,400.49564,130.32008,66.66481,0.37998945
2022-02-18 23:00:00,341.1000061035156,890.0,59.29999923706055,163.73029,47.820557,76.38871,0.6199809
2022-02-19 00:00:00,128.5,665.0,35.099998474121094,17.60913,17.582458,86.96316,0.81529176
2022-02-19 01:00:00,0.0,0.0,0.0,-0.22780953,-0.9885474,98.59224,0.0
2022-02-19 02:00:00,0.0,0.0,0.0,-0.0025821368,-0.8710386,110.20617,0.0
2022-02-19 03:00:00,0.0,0.0,0.0,-0.18172358,-1.0364436,121.75316,0.0
2022-02-19 04:00:00,0.0,0.0,0.0,-0.40969914,-1.0770661,132.80966,0.0
2022-02-19 05:00:00,0.0,0.0,0.0,-0.10203746,-0.7970253,142.63004,0.0
2022-02-19 06:00:00,0.0,0.0,0.0,0.11104628,-0.77948886,149.75334,0.0
2022-02-19 07:00:00,0.0,0.0,0.0,-0.01578985,-0.8616898,151.97438,0.0
2022-02-19 08:00:00,0.0,0.0,0.0,0.20853128,-0.71701825,148.26556,0.0
2022-02-19 09:00:00,0.0,0.0,0.0,0.08350328,-0.85260636,140.23517,0.0
2022-02-19 10:00:00,0.0,0.0,0.0,0.09482339,-0.7649801,129.97946,0.0
2022-02-19 11:00:00,0.0,0.0,0.0,-0.035470154,-0.7110936,118.72956,0.0
2022-02-19 12:00:00,0.0,0.0,0.0,-0.028091235,-0.6204022,107.114975,0.0
2022-02-19 13:00:00,0.0,0.0,0.0,0.68031967,0.43723407,95.407684,0.08301427
2022-02-19 14:00:00,0.0,0.0,0.0,65.51455,25.17446,84.06054,0.7471516
2022-02-19 15:00:00,186.89999389648438,762.2000122070312,42.5,312.76022,49.704453,73.594765,0.16234763
2022-02-19 16:00:00,397.8999938964844,941.0,60.599998474121094,512.3764,62.611164,64.17254,0.12293243
2022-02-19 17:00:00,575.5,1018.0,71.80000305175781,662.9479,71.26929,56.558952,0.107688695
2022-02-19 18:00:00,697.2000122070312,1054.0,76.80000305175781,754.66797,76.22816,51.628906,0.10104394
2022-02-19 19:00:00,757.5999755859375,1069.0,79.9000015258789,779.0293,76.31673,50.201817,0.09796323
2022-02-19 20:00:00,751.4000244140625,1071.0,79.0999984741211,737.98645,71.881294,52.566017,0.097422756
2022-02-19 21:00:00,676.5,1055.0,75.0,626.0324,63.292698,58.256557,0.10124866
2022-02-19 22:00:00,538.0999755859375,1011.0,67.80000305175781,457.8909,52.03754,66.399574,0.11437725
2022-02-19 23:00:00,348.5,913.0,56.400001525878906,156.88304,34.726517,76.153694,0.5573837
2022-02-20 00:00:00,133.39999389648438,671.0,36.400001525878906,12.60654,12.642037,86.74647,0.83318007
2022-02-20 01:00:00,0.0,0.0,0.0,-0.33875853,-0.8294018,98.38976,0.0
2022-02-20 02:00:00,0.0,0.0,0.0,-0.28888258,-1.2574275,110.00674,0.0
2022-02-20 03:00:00,0.0,0.0,0.0,0.0065753837,-0.9915258,121.5456,0.0
2022-02-20 04:00:00,0.0,0.0,0.0,-0.06399604,-0.984933,132.57942,0.0
2022-02-20 05:00:00,0.0,0.0,0.0,0.041928764,-0.784296,142.3585,0.0
2022-02-20 06:00:00,0.0,0.0,0.0,0.48457986,-0.4262281,149.4276,0.0
2022-02-20 07:00:00,0.0,0.0,0.0,0.024180476,-1.0913149,151.61842,0.0
2022-02-20 08:00:00,0.0,0.0,0.0,-0.03676739,-1.0360653,147.93253,0.0
2022-02-20 09:00:00,0.0,0.0,0.0,-0.08892111,-0.8091585,139.94423,0.0
2022-02-20 10:00:00,0.0,0.0,0.0,-0.05109228,-0.9872843,129.71962,0.0
2022-02-20 11:00:00,0.0,0.0,0.0,0.2054247,-0.37522247,118.48604,0.0
2022-02-20 12:00:00,0.0,0.0,0.0,-0.20161472,-0.7857766,106.87584,0.0
2022-02-20 13:00:00,0.0,0.0,0.0,0.79218894,0.6127422,95.152596,0.0995055
2022-02-20 14:00:00,0.0,0.0,0.0,88.87368,43.010616,83.81262,0.7579963
2022-02-20 15:00:00,196.39999389648438,792.0,42.79999923706055,330.6426,56.82288,73.31761,0.17790356
2022-02-20 16:00:00,410.6000061035156,962.0,61.29999923706055,523.47205,62.592045,63.86812,0.12015494
2022-02-20 17:00:00,589.0999755859375,1037.0,71.4000015258789,673.8558,70.57296,56.22569,0.10491243
2022-02-20 18:00:00,715.5999755859375,1072.0,79.4000015258789,765.811,75.26619,51.27421,0.09831421
2022-02-20 19:00:00,772.5999755859375,1085.0,79.9000015258789,784.6136,74.85526,49.844925,0.09540604
2022-02-20 20:00:00,763.5,1082.0,79.0999984741211,740.0815,71.25107,52.230026,0.0963037
2022-02-20 21:00:00,688.2999877929688,1068.0,75.0,630.0828,63.484688,57.955235,0.10087702
2022-02-20 22:00:00,544.2999877929688,1013.0,68.69999694824219,471.54782,61.86537,66.13423,0.13374448
2022-02-20 23:00:00,353.20001220703125,913.0,57.400001525878906,202.62276,108.45396,75.91885,0.73070514
2022-02-21 00:00:00,137.1999969482422,672.0,37.5,21.611229,21.577662,86.53011,0.8333022
2022-02-21 01:00:00,0.0,0.0,0.0,-0.5670503,-0.74046415,98.18746,0.0
2022-02-21 02:00:00,0.0,0.0,0.0,-0.59062386,-0.7527567,109.80716,0.0
2022-02-21 03:00:00,0.0,0.0,0.0,-0.47280332,-1.0328498,121.33743,0.0
2022-02-21 04:00:00,0.0,0.0,0.0,-0.05822803,-0.40296206,132.34796,0.0
2022-02-21 05:00:00,0.0,0.0,0.0,0.1767784,-0.67643434,142.0851,0.0
2022-02-21 06:00:00,0.0,0.0,0.0,-0.14508809,-0.85829824,149.09955,0.0
2022-02-21 07:00:00,0.0,0.0,0.0,-0.11735677,-0.86825347,151.25946,0.0
2022-02-21 08:00:00,0.0,0.0,0.0,0.13718449,-0.77666605,147.59537,0.0
2022-02-21 09:00:00,0.0,0.0,0.0,-0.21863799,-0.6540134,139.64844,0.0
2022-02-21 10:00:00,0.0,0.0,0.0,-0.5866086,-0.63767815,129.45499,0.0
2022-02-21 11:00:00,0.0,0.0,0.0,-0.6101705,-0.5103642,118.23797,0.0
2022-02-21 12:00:00,0.0,0.0,0.0,-0.5232001,-0.41321236,106.63246,0.0
2022-02-21 13:00:00,0.0,0.0,0.0,0.2307509,0.22950199,94.89475,0.133023
2022-02-21 14:00:00,0.0,0.0,0.0,29.660986,29.600128,83.560135,0.9973508
2022-02-21 15:00:00,122.0,0.0,122.0,90.775444,90.12249,73.03681,0.99403834
2022-02-21 16:00:00,225.1999969482422,0.0,225.1999969482422,133.02066,133.12181,63.560158,0.99890846
2022-02-21 17:00:00,396.8999938964844,0.0,396.8999938964844,150.91888,150.2376,55.88896,0.9950622
2022-02-21 18:00:00,331.70001220703125,0.0,331.70001220703125,146.56734,146.27788,50.916264,0.99679154
2022-02-21 19:00:00,340.8999938964844,0.0,340.8999938964844,189.59048,188.92888,49.48542,0.99593544
2022-02-21 20:00:00,615.9000244140625,19.0,604.0,137.22153,136.66045,51.892395,0.9948747
2022-02-21 21:00:00,502.3999938964844,2.0,501.0,125.00452,124.26522,57.65324,0.9941531
2022-02-21 22:00:00,438.3999938964844,25.0,426.79998779296875,74.56169,74.37277,65.868866,0.99648
2022-02-21 23:00:00,251.60000610351562,2.0,250.89999389648438,88.36619,87.789986,75.684296,0.9936827
2022-02-22 00:00:00,105.9000015258789,2.0,105.5999984741211,12.527337,12.440339,86.314415,0.8590166
2022-02-22 01:00:00,0.0,0.0,0.0,-0.27987593,-0.4322361,97.98535,0.0
2022-02-22 02:00:00,0.0,0.0,0.0,-0.40240344,-0.3576292,109.607475,0.0
2022-02-22 03:00:00,0.0,0.0,0.0,-0.5843903,-0.2198291,121.12869,0.0
2022-02-22 04:00:00,0.0,0.0,0.0,-0.46651918,-0.36319533,132.1153,0.0
2022-02-22 05:00:00,0.0,0.0,0.0,-0.57996,-0.2275532,141.80986,0.0
2022-02-22 06:00:00,0.0,0.0,0.0,-0.3015428,-0.2957598,148.76918,0.0
2022-02-22 07:00:00,0.0,0.0,0.0,-0.501841,-0.2767585,150.89764,0.0
2022-02-22 08:00:00,0.0,0.0,0.0,-0.57590216,-0.22024605,147.25415,0.0
2022-02-22 09:00:00,0.0,0.0,0.0,-0.639186,-0.17069943,139.34804,0.0
2022-02-22 10:00:00,0.0,0.0,0.0,-0.5301735,-0.1521679,129.18568,0.0
2022-02-22 11:00:00,0.0,0.0,0.0,-0.522587,-0.23745464,117.98546,0.0
2022-02-22 12:00:00,0.0,0.0,0.0,-0.56681454,-0.17849764,106.38494,0.0
2022-02-22 13:00:00,0.0,0.0,0.0,0.34273612,0.42283502,94.63335,0.14817785
2022-02-22 14:00:00,0.0,0.0,0.0,29.382887,28.929237,83.303276,0.9847973
2022-02-22 15:00:00,130.39999389648438,0.20000000298023224,130.39999389648438,129.91435,128.21423,72.75249,0.9868936
2022-02-22 16:00:00,329.3999938964844,161.0,269.6000061035156,263.1674,259.13614,63.248764,0.98510736
2022-02-22 17:00:00,528.0999755859375,243.0,404.70001220703125,317.5736,313.7579,55.54889,0.9883836
2022-02-22 18:00:00,631.5,132.0,551.9000244140625,432.08508,429.87943,50.555195,0.9950934
2022-02-22 19:00:00,678.2000122070312,353.0,449.3999938964844,447.05246,441.1015,49.123394,0.98704046
2022-02-22 20:00:00,716.5,424.0,444.3999938964844,361.2848,359.46884,51.553246,0.99473006
2022-02-22 21:00:00,655.0999755859375,496.0,365.79998779296875,311.7563,310.304,57.350674,0.99512416
2022-02-22 22:00:00,520.4000244140625,274.0,389.20001220703125,235.40414,234.72519,65.60355,0.99664634
2022-02-22 23:00:00,333.8999938964844,462.0,180.39999389648438,74.537964,74.51374,75.45003,0.9982504
2022-02-23 00:00:00,117.0,122.0,98.0,13.584069,13.469988,86.099236,0.87220967
2022-02-23 01:00:00,0.0,0.0,0.0,-0.34936163,-0.4972482,97.78346,0.0
2022-02-23 02:00:00,0.0,0.0,0.0,-0.27198797,-0.46577218,109.407684,0.0
2022-02-23 03:00:00,0.0,0.0,0.0,-0.119875245,-0.5717751,120.919365,0.0
2022-02-23 04:00:00,0.0,0.0,0.0,-0.0651687,-0.63447225,131.88144,0.0
2022-02-23 05:00:00,0.0,0.0,0.0,-0.07365469,-0.47490996,141.5328,0.0
2022-02-23 06:00:00,0.0,0.0,0.0,-0.11472171,-0.34245545,148.43657,0.0
2022-02-23 07:00:00,0.0,0.0,0.0,-0.12126521,-0.19909269,150.53299,0.0
2022-02-23 08:00:00,0.0,0.0,0.0,-0.3853192,-0.13942246,146.9091,0.0
2022-02-23 09:00:00,0.0,0.0,0.0,-0.4817588,-0.26643464,139.0431,0.0
2022-02-23 10:00:00,0.0,0.0,0.0,-0.55154264,-0.27253312,128.91183,0.0
2022-02-23 11:00:00,0.0,0.0,0.0,-0.6007974,-0.20077842,117.72866,0.0
2022-02-23 12:00:00,0.0,0.0,0.0,-0.40196007,-0.3357678,106.13341,0.0
2022-02-23 13:00:00,0.0,0.0,0.0,0.27303132,0.44401667,94.36877,0.1638507
2022-02-23 14:00:00,0.0,0.0,0.0,22.623728,22.350945,83.04226,0.97444063
2022-02-23 15:00:00,137.39999389648438,0.20000000298023224,137.3000030517578,72.19072,71.49159,72.464775,0.99044985
2022-02-23 16:00:00,276.1000061035156,0.0,276.1000061035156,188.0875,186.9196,62.93409,0.9922957
2022-02-23 17:00:00,411.5,3.0,409.8999938964844,665.1921,455.51047,55.20558,0.72251683
2022-02-23 18:00:00,353.79998779296875,0.0,353.79998779296875,500.825,444.0313,50.191113,0.942932
2022-02-23 19:00:00,650.5999755859375,24.0,634.5999755859375,315.41745,299.4674,48.75898,0.99275553
2022-02-23 20:00:00,429.29998779296875,0.0,429.29998779296875,182.80835,182.25253,51.2127,0.9965798
2022-02-23 21:00:00,507.0,1.0,506.29998779296875,99.731804,99.49888,57.047657,0.99576294
2022-02-23 22:00:00,363.79998779296875,0.0,363.70001220703125,173.8252,172.95853,65.3384,0.9952832
2022-02-23 23:00:00,229.39999389648438,0.0,229.3000030517578,81.721695,81.14674,75.216156,0.99295336
2022-02-24 00:00:00,61.70000076293945,0.0,61.70000076293945,20.466164,20.349987,85.88585,0.91111463
2022-02-24 01:00:00,0.0,0.0,0.0,-0.304834,-0.38817915,97.580475,0.0
2022-02-24 02:00:00,0.0,0.0,0.0,0.06308814,-0.7119228,109.20781,0.0
2022-02-24 03:00:00,0.0,0.0,0.0,0.057075486,-0.58578265,120.709465,0.0
2022-02-24 04:00:00,0.0,0.0,0.0,0.06832039,-0.60685563,131.64642,0.0
2022-02-24 05:00:00,0.0,0.0,0.0,-0.27111098,-0.3338807,141.25398,0.0
2022-02-24 06:00:00,0.0,0.0,0.0,-0.28568724,-0.26805562,148.10182,0.0
2022-02-24 07:00:00,0.0,0.0,0.0,0.09289898,-0.7606743,150.16573,0.0
2022-02-24 08:00:00,0.0,0.0,0.0,-0.111231804,-0.9228889,146.56032,0.0
2022-02-24 09:00:00,0.0,0.0,0.0,-0.33249193,-0.36303675,138.7338,0.0
2022-02-24 10:00:00,0.0,0.0,0.0,-0.10869563,-0.092038065,128.63359,0.0
2022-02-24 11:00:00,0.0,0.0,0.0,-0.32168722,-0.26654258,117.46768,0.0
2022-02-24 12:00:00,0.0,0.0,0.0,-0.58100593,-0.31903684,105.87796,0.0
2022-02-24 13:00:00,0.0,0.0,0.0,0.50381047,0.72102064,94.101585,0.19731788
2022-02-24 14:00:00,0.0,0.0,0.0,51.808357,51.159103,82.77727,0.984781
2022-02-24 15:00:00,118.80000305175781,0.0,118.80000305175781,233.2081,208.0753,72.1738,0.9247552
2022-02-24 16:00:00,422.29998779296875,639.0,178.60000610351562,478.8638,318.94748,62.61625,0.68681926
2022-02-24 17:00:00,582.2999877929688,591.0,276.0,577.6463,421.28036,54.85919,0.7715846
2022-02-24 18:00:00,729.4000244140625,730.0,282.3999938964844,646.3007,505.1719,49.824135,0.79829746
2022-02-24 19:00:00,783.9000244140625,602.0,387.79998779296875,589.95685,492.9762,48.392296,0.84740084
2022-02-24 20:00:00,769.2999877929688,676.0,329.1000061035156,631.3267,382.0478,50.870857,0.6243034
2022-02-24 21:00:00,708.5,907.0,171.3000030517578,662.8397,136.1238,56.74427,0.20463485
2022-02-24 22:00:00,498.0,370.0,318.8999938964844,259.77005,146.45695,65.07346,0.71068853
2022-02-24 23:00:00,309.8999938964844,147.0,260.1000061035156,84.25826,83.30732,74.98272,0.9887327
2022-02-25 00:00:00,138.5,221.0,102.4000015258789,34.756207,34.480965,85.67603,0.9257073
2022-02-25 01:00:00,0.0,0.0,0.0,-0.11053442,-0.782551,97.374664,0.0
2022-02-25 02:00:00,0.0,0.0,0.0,-0.37488052,-0.6850652,109.00782,0.0
2022-02-25 03:00:00,0.0,0.0,0.0,-0.20025177,-0.6995358,120.49897,0.0
2022-02-25 04:00:00,0.0,0.0,0.0,-0.24014044,-0.7771067,131.41019,0.0
2022-02-25 05:00:00,0.0,0.0,0.0,-0.20317167,-0.6327007,140.97339,0.0
2022-02-25 06:00:00,0.0,0.0,0.0,-0.15249579,-0.6870338,147.76497,0.0
2022-02-25 07:00:00,0.0,0.0,0.0,-0.03098658,-0.76821893,149.79588,0.0
2022-02-25 08:00:00,0.0,0.0,0.0,0.067213885,-0.5931789,146.20801,0.0
2022-02-25 09:00:00,0.0,0.0,0.0,-0.008278652,-0.38409021,138.42027,0.0
2022-02-25 10:00:00,0.0,0.0,0.0,-0.04714473,-0.72634405,128.35109,0.0
2022-02-25 11:00:00,0.0,0.0,0.0,-0.027439386,-0.6931523,117.202644,0.0
2022-02-25 12:00:00,0.0,0.0,0.0,-0.047300592,-0.6279428,105.61877,0.0
2022-02-25 13:00:00,0.0,0.0,0.0,1.2794791,1.0947089,93.830734,0.21440253
2022-02-25 14:00:00,0.0,0.0,0.0,56.885,56.105186,82.50848,0.985809
2022-02-25 15:00:00,181.39999389648438,70.0,166.1999969482422,196.95152,193.53658,71.87969,0.98382664
2022-02-25 16:00:00,269.70001220703125,0.0,269.70001220703125,426.43665,426.68433,62.295395,0.96519667
2022-02-25 17:00:00,425.20001220703125,0.0,425.1000061035156,522.6388,466.17368,54.509827,0.9103666
2022-02-25 18:00:00,502.0,0.0,502.0,529.03894,465.71585,49.454395,0.91738933
2022-02-25 19:00:00,778.5999755859375,584.0,391.8999938964844,847.9139,559.2607,48.02346,0.69476545
2022-02-25 20:00:00,653.5,15.0,643.7999877929688,898.0865,393.34897,50.527843,0.45311087
2022-02-25 21:00:00,707.9000244140625,789.0,237.0,700.74585,210.41307,56.44064,0.30912825
2022-02-25 22:00:00,559.5999755859375,734.0,199.5,507.97528,93.404564,64.80884,0.1830271
2022-02-25 23:00:00,394.5,640.0,173.0,197.27109,63.445805,74.74979,0.606944
2022-02-26 00:00:00,150.6999969482422,380.0,87.0,25.437529,25.349121,85.46984,0.9467079
2022-02-26 01:00:00,0.0,0.0,0.0,-0.15421985,-0.75507826,97.16605,0.0
2022-02-26 02:00:00,0.0,0.0,3.814697180359872e-08,-0.13305184,-0.7848608,108.80778,0.0
2022-02-26 03:00:00,0.0,0.0,0.0,-0.072088264,-0.6975041,120.28792,0.0
2022-02-26 04:00:00,0.0,0.0,0.0,-0.106816694,-0.2627394,131.17282,0.0
2022-02-26 05:00:00,0.0,0.0,0.0,-0.082078084,-0.5748237,140.69109,0.0
2022-02-26 06:00:00,0.0,0.0,0.0,0.030981254,-0.38390228,147.42607,0.0
2022-02-26 07:00:00,0.0,0.0,0.0,-0.07632046,-0.72824115,149.42358,0.0
2022-02-26 08:00:00,0.0,0.0,0.0,-0.0033576381,-0.20360477,145.85225,0.0
2022-02-26 09:00:00,0.0,0.0,0.0,-0.20414685,-0.13355431,138.10272,0.0
2022-02-26 10:00:00,0.0,0.0,0.0,-0.023257982,-0.6813001,128.06447,0.0
2022-02-26 11:00:00,0.0,0.0,0.0,-0.02186015,-1.2949399,116.933685,0.0
2022-02-26 12:00:00,0.0,0.0,0.0,-0.055099633,-1.0269669,105.35589,0.0
2022-02-26 13:00:00,0.0,0.0,0.0,2.4564366,1.8486524,93.55764,0.24738955
2022-02-26 14:00:00,0.0,0.0,0.0,105.975784,34.93579,82.23607,0.6359114
2022-02-26 15:00:00,236.8000030517578,858.0,47.099998474121094,371.96805,61.316,71.58257,0.16755901
2022-02-26 16:00:00,458.8999938964844,1007.0,64.9000015258789,580.7327,75.89999,61.971634,0.13129023
2022-02-26 17:00:00,641.9000244140625,1072.0,75.9000015258789,732.9427,84.33664,54.15762,0.11518293
2022-02-26 18:00:00,767.7999877929688,1102.0,82.4000015258789,824.2916,90.36347,49.081997,0.10965432
2022-02-26 19:00:00,825.0999755859375,1110.0,84.19999694824219,842.9503,89.30812,47.652576,0.10594165
2022-02-26 20:00:00,808.9000244140625,1099.0,83.4000015258789,790.1044,83.24287,50.18377,0.10539761
2022-02-26 21:00:00,727.5999755859375,1077.0,79.5,674.92883,74.92303,56.13684,0.11117285
2022-02-26 22:00:00,585.2000122070312,1036.0,72.0999984741211,499.38776,61.65507,64.54459,0.12410565
2022-02-26 23:00:00,393.70001220703125,956.0,60.599998474121094,182.22336,41.428036,74.51742,0.55285823
2022-02-27 00:00:00,170.39999389648438,753.0,41.5,17.3492,17.318256,85.26724,0.96323204
2022-02-27 01:00:00,0.0,0.0,0.0,0.07663981,-0.45626894,96.95468,0.0
2022-02-27 02:00:00,0.0,0.0,0.0,0.052866794,-1.0709955,108.60766,0.0
2022-02-27 03:00:00,0.0,0.0,0.0,0.002969953,-1.043365,120.07629,0.0
2022-02-27 04:00:00,0.0,0.0,0.0,0.11333905,-0.84509623,130.93428,0.0
2022-02-27 05:00:00,0.0,0.0,0.0,0.11702866,-0.8277119,140.40704,0.0
2022-02-27 06:00:00,0.0,0.0,0.0,0.093338415,-0.6210069,147.08524,0.0
2022-02-27 07:00:00,0.0,0.0,0.0,0.074975826,-0.7579997,149.04901,0.0
2022-02-27 08:00:00,0.0,0.0,0.0,0.1101126,-0.583959,145.49324,0.0
2022-02-27 09:00:00,0.0,0.0,0.0,0.090961985,-0.6541287,137.78125,0.0
2022-02-27 10:00:00,0.0,0.0,0.0,0.05440821,-0.6537587,127.773834,0.0
2022-02-27 11:00:00,0.0,0.0,0.0,0.008733786,-0.56698406,116.66094,0.0
2022-02-27 12:00:00,0.0,0.0,0.0,-0.07944282,-0.51033276,105.08953,0.0
2022-02-27 13:00:00,0.0,0.0,0.0,2.6575048,2.725773,93.28166,0.26549652
2022-02-27 14:00:00,0.0,0.0,0.0,107.81328,35.592884,81.96023,0.6295271
2022-02-27 15:00:00,240.8000030517578,852.5,48.20000076293945,372.1664,62.19082,71.28259,0.17002758
2022-02-27 16:00:00,461.6000061035156,999.0,65.9000015258789,575.537,75.03969,61.645115,0.13105427
2022-02-27 17:00:00,643.0,1063.0,76.5999984741211,728.2463,83.45072,53.80271,0.11471949
2022-02-27 18:00:00,767.5999755859375,1094.0,81.80000305175781,820.3495,88.32528,48.707092,0.1077092
2022-02-27 19:00:00,825.5999755859375,1104.0,83.9000015258789,839.6152,87.83032,47.279785,0.10460799
2022-02-27 20:00:00,810.9000244140625,1096.0,82.5,795.8361,81.639694,49.838753,0.102593265
2022-02-27 21:00:00,729.0,1073.0,78.5999984741211,669.4061,75.513145,55.832993,0.112982236
2022-02-27 22:00:00,591.2000122070312,1041.0,71.19999694824219,499.07962,66.26528,64.28081,0.13342056
2022-02-27 23:00:00,394.70001220703125,950.0,59.79999923706055,188.61479,50.074783,74.285645,0.5748714
2022-02-28 00:00:00,172.5,750.0,41.099998474121094,20.358877,19.963245,85.06827,0.96983975
2022-02-28 01:00:00,0.0,0.0,0.0,-0.10126025,-0.560185,96.74061,0.0
2022-02-28 02:00:00,0.0,0.0,0.0,-0.17844899,-0.85226566,108.40749,0.0
2022-02-28 03:00:00,0.0,0.0,0.0,0.06670927,-0.7222829,119.86412,0.0
2022-02-28 04:00:00,0.0,0.0,0.0,0.12035987,-0.929469,130.69461,0.0
2022-02-28 05:00:00,0.0,0.0,0.0,0.0598848,-0.6743415,140.12137,0.0
2022-02-28 06:00:00,0.0,0.0,0.0,-0.059981894,-0.58895487,146.7425,0.0
2022-02-28 07:00:00,0.0,0.0,0.0,-0.018368036,-0.7860202,148.67218,0.0
2022-02-28 08:00:00,0.0,0.0,0.0,-0.0766685,-0.3702514,145.13116,0.0
2022-02-28 09:00:00,0.0,0.0,0.0,-0.037387915,-0.42513523,137.45604,0.0
2022-02-28 10:00:00,0.0,0.0,0.0,-0.04806924,-0.5867707,127.479385,0.0
2022-02-28 11:00:00,0.0,0.0,0.0,-0.23426779,-0.5201544,116.38454,0.0
2022-02-28 12:00:00,0.0,0.0,0.0,-0.26048127,-0.49276182,104.81975,0.0
2022-02-28 13:00:00,0.0,0.0,0.0,1.6122196,1.516849,93.00243,0.28274715
2022-02-28 14:00:00,0.0,0.0,0.0,109.10493,34.504604,81.68112,0.62071383
2022-02-28 15:00:00,237.1999969482422,822.0,47.599998474121094,375.2618,61.61006,70.97988,0.16700731
2022-02-28 16:00:00,455.8999938964844,972.0,66.0999984741211,579.3988,74.10119,61.315964,0.1284702
2022-02-28 17:00:00,640.7000122070312,1049.0,76.19999694824219,732.67035,82.88894,53.44521,0.11326928
2022-02-28 18:00:00,768.0,1087.0,81.30000305175781,823.382,87.19573,48.329773,0.10592369
2022-02-28 19:00:00,827.9000244140625,1099.0,84.0999984741211,844.2189,86.10524,46.90517,0.10199361
2022-02-28 20:00:00,816.0999755859375,1094.0,83.5,790.3547,81.01561,49.4929,0.1025288
2022-02-28 21:00:00,731.2999877929688,1068.0,79.0999984741211,675.3866,71.4083,55.529186,0.10587438
2022-02-28 22:00:00,588.9000244140625,1030.0,71.5999984741211,503.99768,59.341606,64.017555,0.11846366
2022-02-28 23:00:00,396.79998779296875,943.0,60.599998474121094,188.22113,40.162148,74.054535,0.5338248
2022-03-01 00:00:00,176.60000610351562,750.0,41.900001525878906,18.29859,16.63751,84.87053,0.919938
2022-03-01 01:00:00,0.0,0.0,0.0,0.1937369,-0.13306679,96.526245,0.0
2022-03-01 02:00:00,0.0,0.0,0.0,-0.24583636,-1.1149067,108.20727,0.0
2022-03-01 03:00:00,0.0,0.0,0.0,-0.102435,-0.8332053,119.65139,0.0
2022-03-01 04:00:00,0.0,0.0,0.0,0.18990172,-0.6148506,130.45381,0.0
2022-03-01 05:00:00,0.0,0.0,0.0,-0.17914723,-0.95713043,139.83408,0.0
2022-03-01 06:00:00,0.0,0.0,0.0,-0.033368967,-0.6361547,146.39793,0.0
2022-03-01 07:00:00,0.0,0.0,0.0,0.10956492,-0.58798736,148.29327,0.0
2022-03-01 08:00:00,0.0,0.0,0.0,-0.025791403,-0.6340614,144.76611,0.0
2022-03-01 09:00:00,0.0,0.0,0.0,0.00014368593,-0.65422195,137.12721,0.0
2022-03-01 10:00:00,0.0,0.0,0.0,0.0025812457,-0.72127867,127.18124,0.0
2022-03-01 11:00:00,0.0,0.0,0.0,0.0014320682,-0.5868831,116.10462,0.0
2022-03-01 12:00:00,0.0,0.0,0.0,-0.16378252,-0.6705485,104.54674,0.0
2022-03-01 13:00:00,0.0,0.0,0.0,3.1824365,3.188856,92.72115,0.31484115
2022-03-01 14:00:00,0.0,0.0,0.0,115.84317,34.674488,81.39891,0.59717315
2022-03-01 15:00:00,245.1999969482422,833.9000244140625,48.70000076293945,376.98987,57.537277,70.67456,0.15517618
2022-03-01 16:00:00,460.79998779296875,971.0,66.5999984741211,580.6797,70.1787,60.984318,0.12138108
2022-03-01 17:00:00,636.2000122070312,1032.0,75.80000305175781,726.45575,76.895615,53.085262,0.10600465
2022-03-01 18:00:00,760.7000122070312,1065.0,82.30000305175781,815.72375,80.836845,47.950172,0.0991373
2022-03-01 19:00:00,821.7999877929688,1081.0,84.9000015258789,836.6077,80.08919,46.528885,0.09572994
2022-03-01 20:00:00,806.7999877929688,1072.0,84.30000305175781,788.44415,74.51345,49.146317,0.094504274
2022-03-01 21:00:00,725.7000122070312,1050.0,80.30000305175781,673.1394,65.59781,55.225502,0.09751661
2022-03-01 22:00:00,586.7999877929688,1013.0,72.5,507.0156,53.452713,63.75491,0.10601056
2022-03-01 23:00:00,398.1000061035156,935.0,61.20000076293945,189.23122,36.613163,73.82414,0.5319444
2022-03-02 00:00:00,178.10000610351562,743.0,42.400001525878906,17.39617,16.57377,84.672195,0.9496111
2022-03-02 01:00:00,0.0,0.0,0.0,0.2883831,-0.041831583,96.31348,0.016666321
2022-03-02 02:00:00,0.0,0.0,0.0,-0.35070786,-1.1622058,108.00698,0.0
2022-03-02 03:00:00,0.0,0.0,0.0,-0.108770736,-1.1696537,119.438095,0.0
2022-03-02 04:00:00,0.0,0.0,0.0,-0.08647807,-0.8197601,130.2119,0.0
2022-03-02 05:00:00,0.0,0.0,0.0,0.067245565,-0.7486244,139.54517,0.0
2022-03-02 06:00:00,0.0,0.0,0.0,0.06317852,-0.78355354,146.05162,0.0
2022-03-02 07:00:00,0.0,0.0,0.0,0.071552046,-0.8106918,147.91234,0.0
2022-03-02 08:00:00,0.0,0.0,0.0,-0.20241533,-0.7288328,144.39822,0.0
2022-03-02 09:00:00,0.0,0.0,0.0,0.075436205,-0.5524886,136.79495,0.0
2022-03-02 10:00:00,0.0,0.0,0.0,0.06782122,-0.820478,126.879524,0.0
2022-03-02 11:00:00,0.0,0.0,0.0,-0.1491153,-0.5122355,115.82131,0.0
2022-03-02 12:00:00,0.0,0.0,0.0,-0.08944471,-0.6956598,104.270584,0.0
2022-03-02 13:00:00,0.0,0.0,0.0,3.640142,3.5504193,92.43669,0.33101204
2022-03-02 14:00:00,0.0,0.0,0.0,119.37995,34.29379,81.113754,0.5848237
2022-03-02 15:00:00,246.6999969482422,821.0,49.400001525878906,379.44247,55.519085,70.366776,0.14853948
2022-03-02 16:00:00,460.3999938964844,955.0,68.19999694824219,580.09644,68.559685,60.65031,0.1187259
2022-03-02 17:00:00,636.9000244140625,1021.0,77.9000015258789,729.51483,75.94496,52.722984,0.10401678
2022-03-02 18:00:00,757.5,1049.0,84.0999984741211,812.10785,111.42282,47.568405,0.13754058
2022-03-02 19:00:00,817.0,1064.0,87.0999984741211,816.74994,118.263565,46.151024,0.14959764
2022-03-02 20:00:00,806.0,1058.0,87.30000305175781,758.83746,196.99107,48.799126,0.26850462
2022-03-02 21:00:00,726.2999877929688,1034.0,85.80000305175781,677.0291,70.165276,54.92205,0.103028454
2022-03-02 22:00:00,586.0,1003.0,72.19999694824219,502.94473,53.150818,63.492935,0.106174424
2022-03-02 23:00:00,397.8999938964844,936.0,56.79999923706055,191.27647,36.741966,73.59449,0.5292727
2022-03-03 00:00:00,179.1999969482422,731.0,42.900001525878906,17.436441,16.862894,84.473404,0.9601934
2022-03-03 01:00:00,0.0,0.0,0.0,0.11743699,-0.4131813,96.102196,0.033333335
2022-03-03 02:00:00,0.0,0.0,0.0,-0.14513573,-1.1317762,107.80666,0.0
2022-03-03 03:00:00,0.0,0.0,0.0,-0.2308642,-1.1420884,119.22425,0.0
2022-03-03 04:00:00,0.0,0.0,0.0,-0.055905916,-1.0049552,129.96889,0.0
2022-03-03 05:00:00,0.0,0.0,0.0,0.004892218,-0.8559023,139.25473,0.0
2022-03-03 06:00:00,0.0,0.0,0.0,0.040975787,-0.8687058,145.70363,0.0
2022-03-03 07:00:00,0.0,0.0,0.0,0.09030262,-0.83271354,147.52957,0.0
2022-03-03 08:00:00,0.0,0.0,0.0,-0.06365157,-0.84316987,144.02773,0.0
2022-03-03 09:00:00,0.0,0.0,0.0,0.06583832,-0.76330864,136.45943,0.0
2022-03-03 10:00:00,0.0,0.0,0.0,0.14000559,-0.8287842,126.57441,0.0
2022-03-03 11:00:00,0.0,0.0,0.0,0.11191794,-0.80249345,115.534744,0.0
2022-03-03 12:00:00,0.0,0.0,0.0,-0.104487255,-0.7611153,103.99144,0.0
2022-03-03 13:00:00,0.0,0.0,0.0,5.92569,5.8360395,92.150505,0.3647213
2022-03-03 14:00:00,29.299999237060547,175.5,20.0,128.06207,62.482315,80.82583,0.67338544
2022-03-03 15:00:00,254.10000610351562,782.0,62.20000076293945,352.86505,125.263725,70.05667,0.36433953
2022-03-03 16:00:00,472.5,927.0,86.80000305175781,455.95685,225.17564,60.314087,0.4986025
2022-03-03 17:00:00,649.7999877929688,985.0,105.30000305175781,642.3771,269.43488,52.35853,0.43220705
2022-03-03 18:00:00,775.7999877929688,1045.0,100.30000305175781,823.9208,239.54538,47.184612,0.29220924
2022-03-03 19:00:00,836.0,1056.0,105.5,796.80273,226.1768,45.771717,0.28571692
2022-03-03 20:00:00,814.0,856.0,229.10000610351562,745.0733,237.67906,48.451427,0.3224236
2022-03-03 21:00:00,732.7000122070312,845.0,205.89999389648438,596.83203,258.7991,54.618923,0.46165428
2022-03-03 22:00:00,575.0,617.0,256.20001220703125,296.9575,258.70078,63.231705,0.89646065
2022-03-03 23:00:00,362.70001220703125,240.0,275.8999938964844,166.46063,162.49461,73.36565,0.9809082
2022-03-04 00:00:00,169.6999969482422,375.0,98.4000015258789,46.536983,46.38596,84.2743,0.9975233
2022-03-04 01:00:00,0.0,0.0,0.0,0.050941195,-0.21544398,95.89229,0.049987856
2022-03-04 02:00:00,0.0,0.0,0.0,-0.3053886,-1.4407537,107.606316,0.0
2022-03-04 03:00:00,0.0,0.0,0.0,-0.34855685,-1.0949843,119.00988,0.0
2022-03-04 04:00:00,0.0,0.0,0.0,-0.23919727,-1.0793427,129.72476,0.0
2022-03-04 05:00:00,0.0,0.0,0.0,-0.0074652405,-0.9921526,138.96278,0.0
2022-03-04 06:00:00,0.0,0.0,0.0,-0.028368544,-0.85871774,145.35402,0.0
2022-03-04 07:00:00,0.0,0.0,0.0,-0.028909365,-0.89122003,147.14502,0.0
2022-03-04 08:00:00,0.0,0.0,0.0,-0.19846442,-0.7896503,143.6547,0.0
2022-03-04 09:00:00,0.0,0.0,0.0,0.032033574,-0.57549495,136.12077,0.0
2022-03-04 10:00:00,0.0,0.0,0.0,0.0073594362,-0.5787386,126.26604,0.0
2022-03-04 11:00:00,0.0,0.0,0.0,-0.04267927,-0.4479445,115.245094,0.0
2022-03-04 12:00:00,0.0,0.0,0.0,-0.16286132,-0.47378293,103.70945,0.0
2022-03-04 13:00:00,0.0,0.0,0.0,5.0572457,5.142792,91.86128,0.37985003
2022-03-04 14:00:00,29.700000762939453,33.0,27.799999237060547,71.19475,72.109,80.53529,0.98842335
2022-03-04 15:00:00,175.5,2.0,175.10000610351562,128.89494,127.38704,69.74437,0.9886992
2022-03-04 16:00:00,347.3999938964844,8.0,344.20001220703125,196.02037,194.24228,59.97578,0.9915064
2022-03-04 17:00:00,549.7999877929688,38.0,528.4000244140625,446.56873,404.88864,51.991997,0.9280433
2022-03-04 18:00:00,742.0,575.0,367.5,595.8809,492.26242,46.798897,0.86716884
2022-03-04 19:00:00,806.0,747.0,285.8999938964844,414.9149,400.77823,45.391064,0.9721312
2022-03-04 20:00:00,674.2000122070312,25.0,656.7000122070312,436.8428,399.41043,48.103336,0.9397115
2022-03-04 21:00:00,697.5999755859375,465.0,405.6000061035156,446.27655,280.05853,54.316208,0.6877399
2022-03-04 22:00:00,591.0,659.0,247.89999389648438,235.52184,178.27695,62.971287,0.88877946
2022-03-04 23:00:00,318.8999938964844,193.0,246.89999389648438,95.86457,93.5463,73.13765,0.98790807
2022-03-05 00:00:00,130.3000030517578,153.0,100.69999694824219,12.605933,12.089708,84.07505,0.9497919
2022-03-05 01:00:00,0.0,0.0,0.0,-0.19108388,-0.16140862,95.68364,0.066379555
2022-03-05 02:00:00,0.0,0.0,0.0,-0.61865634,-0.368341,107.40592,0.0
2022-03-05 03:00:00,0.0,0.0,0.0,-0.67849165,-0.3479026,118.79495,0.0
2022-03-05 04:00:00,0.0,0.0,0.0,-0.34057486,-0.5599502,129.47957,0.0
2022-03-05 05:00:00,0.0,0.0,0.0,-0.103003144,-0.40782902,138.66934,0.0
2022-03-05 06:00:00,0.0,0.0,0.0,-0.33427295,-0.37121508,145.0029,0.0
2022-03-05 07:00:00,0.0,0.0,0.0,-0.31678328,-0.70445234,146.75882,0.0
2022-03-05 08:00:00,0.0,0.0,0.0,-0.18468669,-0.71330225,143.2793,0.0
2022-03-05 09:00:00,0.0,0.0,0.0,-0.17544265,-0.500814,135.77913,0.0
2022-03-05 10:00:00,0.0,0.0,0.0,-0.22119282,-0.27068284,125.95457,0.0
2022-03-05 11:00:00,0.0,0.0,0.0,-0.22091846,-0.20552015,114.95246,0.0
2022-03-05 12:00:00,0.0,0.0,0.0,-0.36961916,-0.27063608,103.42472,0.0
2022-03-05 13:00:00,0.0,0.0,0.0,0.6977889,0.7762722,91.57058,0.39908186
2022-03-05 14:00:00,20.200000762939453,0.0,20.200000762939453,22.480742,21.742615,80.242294,0.96343017
2022-03-05 15:00:00,197.3000030517578,94.0,173.3000030517578,61.177017,59.41172,69.43002,0.9691729
2022-03-05 16:00:00,472.0,894.0,91.4000015258789,170.37321,168.46188,59.635517,0.98823506
2022-03-05 17:00:00,546.5999755859375,30.0,529.5999755859375,290.1283,289.31985,51.623558,0.9966925
2022-03-05 18:00:00,285.6000061035156,0.0,285.6000061035156,597.6311,469.92883,46.411385,0.9754116
2022-03-05 19:00:00,530.0,0.0,529.7000122070312,590.71204,494.7844,45.009182,0.8974359
2022-03-05 20:00:00,459.0,0.0,458.70001220703125,465.72772,413.94562,47.754963,0.9548743
2022-03-05 21:00:00,614.5,241.0,462.29998779296875,530.14636,364.2544,54.01399,0.7362557
2022-03-05 22:00:00,540.2999877929688,186.0,442.8999938964844,533.3503,229.3115,62.71173,0.4919506
2022-03-05 23:00:00,304.70001220703125,21.0,296.8999938964844,262.40393,171.70236,72.91053,0.7859156
2022-03-06 00:00:00,69.4000015258789,0.0,69.4000015258789,79.37636,64.02333,83.875755,0.99983996
2022-03-06 01:00:00,0.30000001192092896,0.0,0.30000001192092896,0.4481366,0.2816175,95.47611,0.083333336
2022-03-06 02:00:00,0.0,0.0,0.0,-0.34187558,-0.6684674,107.20552,0.0
2022-03-06 03:00:00,0.0,0.0,0.0,-0.033509355,-0.5081206,118.579506,0.0
2022-03-06 04:00:00,0.0,0.0,0.0,-0.13470827,-0.5219036,129.23332,0.0
2022-03-06 05:00:00,0.0,0.0,0.0,-0.21696393,-0.5038525,138.37447,0.0
2022-03-06 06:00:00,0.0,0.0,0.0,-0.206877,-0.49441245,144.65028,0.0
2022-03-06 07:00:00,0.0,0.0,0.0,-0.1286985,-0.55610394,146.37106,0.0
2022-03-06 08:00:00,0.0,0.0,0.0,-0.10971048,-0.5309477,142.90169,0.0
2022-03-06 09:00:00,0.0,0.0,0.0,-0.28042108,-0.4590605,135.4347,0.0
2022-03-06 10:00:00,0.0,0.0,0.0,-0.18728085,-0.77396846,125.640114,0.0
2022-03-06 11:00:00,0.0,0.0,0.0,-0.39745966,-0.9166521,114.657,0.0
2022-03-06 12:00:00,0.0,0.0,0.0,-0.30097294,-0.800552,103.13742,0.0
2022-03-06 13:00:00,0.0,0.0,0.0,6.8704114,6.693295,91.277054,0.4291647
2022-03-06 14:00:00,34.599998474121094,5.800000190734863,34.20000076293945,67.06273,66.08614,79.947,0.9848727
2022-03-06 15:00:00,237.60000610351562,175.8000030517578,191.8000030517578,171.95158,169.63808,69.113754,0.98658204
2022-03-06 16:00:00,437.8999938964844,245.0,332.29998779296875,250.29468,247.7001,59.293446,0.9896983
2022-03-06 17:00:00,404.1000061035156,0.0,404.0,427.52814,415.97607,51.25331,0.9750283
2022-03-06 18:00:00,738.4000244140625,331.0,519.5,503.58295,495.02533,46.022213,0.98398477
2022-03-06 19:00:00,711.0,44.0,679.9000244140625,481.33484,471.04932,44.626198,0.98031884
2022-03-06 20:00:00,402.0,0.0,402.0,473.03635,457.7668,47.4064,0.9716725
2022-03-06 21:00:00,403.70001220703125,0.0,403.70001220703125,403.35468,387.63092,53.712357,0.96715087
2022-03-06 22:00:00,544.9000244140625,260.0,407.29998779296875,253.75258,251.74464,62.453114,0.99279326
2022-03-06 23:00:00,304.20001220703125,16.0,298.20001220703125,154.48117,153.39998,72.68436,0.99421865
2022-03-07 00:00:00,120.80000305175781,0.0,120.80000305175781,34.20261,34.133587,83.67651,0.9977385
2022-03-07 01:00:00,1.0,0.0,1.0,0.3142486,0.59560454,95.26966,0.09968721
2022-03-07 02:00:00,0.0,0.0,3.0517577442878974e-07,-0.6357219,-0.18691419,107.00504,0.0
2022-03-07 03:00:00,0.0,0.0,0.0,-0.345177,-0.09687768,118.363525,0.0
2022-03-07 04:00:00,0.0,0.0,0.0,-0.11001445,-0.29769477,128.98601,0.0
2022-03-07 05:00:00,0.0,0.0,0.0,-0.012672673,-0.54637015,138.07817,0.0
2022-03-07 06:00:00,0.0,0.0,0.0,0.048671883,-0.37979203,144.29628,0.0
2022-03-07 07:00:00,0.0,0.0,0.0,-0.14123464,-0.3585145,145.98186,0.0
2022-03-07 08:00:00,0.0,0.0,0.0,0.042736784,-0.4010863,142.52199,0.0
2022-03-07 09:00:00,0.0,0.0,0.0,-0.055552594,-0.37828535,135.08757,0.0
2022-03-07 10:00:00,0.0,0.0,0.0,-0.100398146,-0.7974393,125.322876,0.0
2022-03-07 11:00:00,0.0,0.0,0.0,-0.099731125,-0.5340283,114.35887,0.0
2022-03-07 12:00:00,0.0,0.0,0.0,-0.061742745,-0.45717123,102.84769,0.0
2022-03-07 13:00:00,0.0,0.0,0.0,5.936033,6.0125813,90.982315,0.45716983
2022-03-07 14:00:00,34.900001525878906,0.0,34.900001525878906,90.4503,83.525406,79.64956,0.9652175
2022-03-07 15:00:00,197.60000610351562,1.0,197.3000030517578,283.7257,267.49768,68.79572,0.91752243
2022-03-07 16:00:00,438.20001220703125,108.0,391.0,356.1285,298.8072,58.949707,0.8913688
2022-03-07 17:00:00,590.5,94.0,536.4000244140625,394.80203,353.9135,50.881413,0.9443283
2022-03-07 18:00:00,608.7999877929688,33.0,586.7000122070312,724.82776,555.50464,45.63148,0.81510866
2022-03-07 19:00:00,776.0,81.0,718.2000122070312,893.10815,559.9452,44.24221,0.65635526
2022-03-07 20:00:00,813.0,359.0,561.0999755859375,795.5615,293.3624,47.057766,0.37949568
2022-03-07 21:00:00,651.7000122070312,335.0,436.8999938964844,596.3319,293.73572,53.411396,0.5329488
2022-03-07 22:00:00,615.2000122070312,764.0,208.0,385.30798,287.58673,62.19548,0.7644542
2022-03-07 23:00:00,428.79998779296875,908.0,80.30000305175781,241.6109,136.99081,72.45912,0.7276841
2022-03-08 00:00:00,240.10000610351562,754.0,85.69999694824219,44.623123,44.545025,83.47742,0.99826264
2022-03-08 01:00:00,2.9000000953674316,0.0,2.9000000953674316,1.522277,1.033293,95.06424,0.116557725
2022-03-08 02:00:00,0.0,0.0,0.0,-0.05841073,-1.236044,106.804565,0.0
2022-03-08 03:00:00,0.0,0.0,0.0,-0.036795482,-0.81679267,118.146996,0.0
2022-03-08 04:00:00,0.0,0.0,0.0,-0.13575898,-0.8739228,128.7377,0.0
2022-03-08 05:00:00,0.0,0.0,0.0,0.115580946,-0.67801857,137.78055,0.0
2022-03-08 06:00:00,0.0,0.0,0.0,0.11182689,-0.89051557,143.94098,0.0
2022-03-08 07:00:00,0.0,0.0,0.0,0.24436909,-0.673046,145.59135,0.0
2022-03-08 08:00:00,0.0,0.0,0.0,0.20885363,-0.5717119,142.14037,0.0
2022-03-08 09:00:00,0.0,0.0,0.0,0.14549392,-0.50386995,134.73796,0.0
2022-03-08 10:00:00,0.0,0.0,0.0,0.45716697,-0.18930434,125.00297,0.0
2022-03-08 11:00:00,0.0,0.0,0.0,0.12697607,-0.5392452,114.05821,0.0
2022-03-08 12:00:00,0.0,0.0,0.0,0.011155051,-0.883731,102.55563,0.0
2022-03-08 13:00:00,0.0,0.0,0.0,7.2061725,7.0626936,90.685005,0.47868648
2022-03-08 14:00:00,54.79999923706055,351.0,27.600000381469727,145.41374,63.28309,79.35014,0.59651065
2022-03-08 15:00:00,289.6000061035156,867.0,54.900001525878906,370.61478,184.77034,68.47605,0.49172288
2022-03-08 16:00:00,506.5,981.0,73.80000305175781,533.2478,236.22755,58.604435,0.45540655
2022-03-08 17:00:00,687.2999877929688,1040.0,86.4000015258789,745.65173,201.73439,50.507988,0.27985325
2022-03-08 18:00:00,722.7999877929688,330.0,501.6000061035156,921.372,215.8737,45.239326,0.23711807
2022-03-08 19:00:00,741.0,340.0,498.1000061035156,947.1595,176.16197,43.85734,0.18499427
2022-03-08 20:00:00,784.0,538.0,404.20001220703125,877.55695,133.67415,46.70916,0.15198247
2022-03-08 21:00:00,727.9000244140625,671.0,294.8999938964844,746.7057,113.36638,53.1112,0.15229441
2022-03-08 22:00:00,508.1000061035156,86.0,462.20001220703125,572.5802,98.10369,61.9389,0.1720412
2022-03-08 23:00:00,285.3999938964844,0.0,285.3999938964844,226.43988,52.426018,72.23488,0.52680665
2022-03-09 00:00:00,115.5999984741211,0.0,115.5999984741211,21.069187,21.03663,83.27859,0.9971046
2022-03-09 01:00:00,4.800000190734863,40.0,4.400000095367432,0.82300466,0.122028604,94.85981,0.13307396
2022-03-09 02:00:00,0.0,0.0,0.0,-0.08733748,-0.8983751,106.60407,0.0
2022-03-09 03:00:00,0.0,0.0,0.0,-0.28073433,-0.6256973,117.929955,0.0
2022-03-09 04:00:00,0.0,0.0,0.0,-0.22463574,0.03831091,128.48836,0.0
2022-03-09 05:00:00,0.0,0.0,0.0,-0.12885061,-0.32828295,137.48163,0.0
2022-03-09 06:00:00,0.0,0.0,0.0,-0.22655225,-0.3562899,143.58443,0.0
2022-03-09 07:00:00,0.0,0.0,0.0,-0.14335698,-0.46727413,145.19962,0.0
2022-03-09 08:00:00,0.0,0.0,0.0,-0.12342883,-0.5545863,141.75699,0.0
2022-03-09 09:00:00,0.0,0.0,0.0,-0.18109539,-0.2767789,134.38602,0.0
2022-03-09 10:00:00,0.0,0.0,0.0,-0.18424521,-0.4430627,124.68056,0.0
2022-03-09 11:00:00,0.0,0.0,0.0,-0.13415542,-0.53153044,113.75515,0.0
2022-03-09 12:00:00,0.0,0.0,0.0,-0.17042308,-0.60915244,102.26143,0.0
2022-03-09 13:00:00,0.0,0.0,0.0,11.445777,11.320875,90.38665,0.51146543
2022-03-09 14:00:00,41.70000076293945,0.0,41.70000076293945,91.077095,90.10701,79.048874,0.988175
2022-03-09 15:00:00,243.3000030517578,98.0,216.3000030517578,155.14577,153.53941,68.154884,0.9897554
2022-03-09 16:00:00,466.8999938964844,298.0,333.79998779296875,232.5479,230.23706,58.25777,0.99006355
2022-03-09 17:00:00,658.7999877929688,402.0,424.6000061035156,368.44766,365.2269,50.133156,0.99135536
2022-03-09 18:00:00,772.0,406.0,498.1000061035156,507.60022,496.25867,44.845867,0.9853011
2022-03-09 19:00:00,820.0,517.0,448.1000061035156,494.7755,479.77805,43.471706,0.98115903
2022-03-09 20:00:00,836.0,873.0,215.60000610351562,518.24207,480.06754,46.360683,0.9714551
2022-03-09 21:00:00,779.2999877929688,1054.0,94.0999984741211,367.04898,338.33655,52.81183,0.9907417
2022-03-09 22:00:00,599.0999755859375,493.0,332.20001220703125,227.83011,202.19034,61.68342,0.9915574
2022-03-09 23:00:00,416.8999938964844,667.0,155.60000610351562,69.898026,68.88071,72.01167,0.9849492
2022-03-10 00:00:00,205.8000030517578,308.0,140.3000030517578,7.948851,7.583731,83.080055,0.9398092
2022-03-10 01:00:00,6.599999904632568,0.0,6.5,-0.1974474,0.07992377,94.65629,0.14297377
2022-03-10 02:00:00,0.0,0.0,0.0,-0.49628124,-0.22448193,106.403534,0.0
2022-03-10 03:00:00,0.0,0.0,0.0,-0.39182404,-0.45458847,117.712425,0.0
2022-03-10 04:00:00,0.0,0.0,0.0,-0.23644547,-0.16022263,128.23805,0.0
2022-03-10 05:00:00,0.0,0.0,0.0,-0.46535614,-0.25937614,137.18141,0.0
2022-03-10 06:00:00,0.0,0.0,0.0,-0.48672435,-0.21777306,143.22673,0.0
2022-03-10 07:00:00,0.0,0.0,0.0,-0.45406678,-0.17977437,144.80675,0.0
2022-03-10 08:00:00,0.0,0.0,0.0,-0.4223262,-0.1485671,141.37192,0.0
2022-03-10 09:00:00,0.0,0.0,0.0,-0.3319027,-0.14382736,134.03188,0.0
2022-03-10 10:00:00,0.0,0.0,0.0,-0.18128592,-0.40941495,124.35579,0.0
2022-03-10 11:00:00,0.0,0.0,0.0,-0.26330817,-1.0013171,113.449844,0.0
2022-03-10 12:00:00,0.0,0.0,0.0,-0.23980977,-0.82558244,101.96519,0.0
2022-03-10 13:00:00,0.0,0.0,0.0,8.657108,8.482858,90.086044,0.52682227
2022-03-10 14:00:00,55.599998474121094,158.0,41.70000076293945,86.04111,84.59139,78.74593,0.9836308
2022-03-10 15:00:00,233.0,214.0,172.8000030517578,210.16742,205.80875,67.83238,0.97930175
2022-03-10 16:00:00,444.1000061035156,409.0,259.3999938964844,342.15952,333.82858,57.90985,0.9767784
2022-03-10 17:00:00,609.9000244140625,336.0,412.20001220703125,528.9458,489.9373,49.75708,0.92827797
2022-03-10 18:00:00,744.0,182.0,619.9000244140625,597.9296,557.13806,44.451214,0.9331434
2022-03-10 19:00:00,804.0,265.0,611.7999877929688,627.3712,583.2968,43.08541,0.9504513
2022-03-10 20:00:00,681.0,299.0,467.70001220703125,603.2101,552.3236,46.01244,0.9247383
2022-03-10 21:00:00,611.0,339.0,389.3999938964844,483.85825,455.99066,52.513386,0.95172393
2022-03-10 22:00:00,429.79998779296875,265.0,285.5,286.03085,282.2171,61.429092,0.9895357
2022-03-10 23:00:00,398.29998779296875,142.0,342.29998779296875,180.83272,180.29594,71.78951,0.99723303
2022-03-11 00:00:00,176.10000610351562,141.0,145.60000610351562,48.574635,48.51689,82.88188,0.9990621
2022-03-11 01:00:00,7.199999809265137,15.0,6.900000095367432,0.9489494,0.9499353,94.45366,0.16655634
2022-03-11 02:00:00,0.0,0.0,0.0,-0.17995907,-0.6172623,106.202995,0.0
2022-03-11 03:00:00,0.0,0.0,0.0,0.11787824,-0.9923442,117.494354,0.0
2022-03-11 04:00:00,0.0,0.0,0.0,0.23882733,-0.9533807,127.98676,0.0
2022-03-11 05:00:00,0.0,0.0,0.0,0.16919652,-0.9618351,136.87999,0.0
2022-03-11 06:00:00,0.0,0.0,0.0,-0.11501614,-1.2329551,142.86792,0.0
2022-03-11 07:00:00,0.0,0.0,0.0,0.029855823,-0.84276533,144.4129,0.0
2022-03-11 08:00:00,0.0,0.0,0.0,0.33009434,-0.5362617,140.9854,0.0
2022-03-11 09:00:00,0.0,0.0,0.0,0.1488742,-0.6575004,133.67567,0.0
2022-03-11 10:00:00,0.0,0.0,0.0,0.41075283,-0.2076271,124.02882,0.0
2022-03-11 11:00:00,0.0,0.0,0.0,0.08736118,-0.9212258,113.14243,0.0
2022-03-11 12:00:00,0.0,0.0,0.0,-0.4132686,-0.36978877,101.667076,0.0
2022-03-11 13:00:00,0.0,0.0,0.0,8.861919,8.737519,89.78459,0.5619446
2022-03-11 14:00:00,71.19999694824219,429.8999938964844,31.299999237060547,182.93466,45.44581,78.44148,0.43900257
2022-03-11 15:00:00,311.0,889.0,56.900001525878906,449.6182,69.43792,67.50865,0.15601712
2022-03-11 16:00:00,530.4000244140625,999.0,74.19999694824219,650.1911,84.6758,57.56083,0.13052863
2022-03-11 17:00:00,707.7999877929688,1050.0,84.9000015258789,797.72943,124.54099,49.379864,0.15547872
2022-03-11 18:00:00,828.0,1070.0,93.9000015258789,877.7629,132.91112,44.055504,0.15152265
2022-03-11 19:00:00,862.0,747.0,316.70001220703125,907.6766,158.14044,42.698566,0.17429286
2022-03-11 20:00:00,874.0,1064.0,108.5,857.1756,244.92197,45.66453,0.2894398
2022-03-11 21:00:00,785.5,1059.0,88.0999984741211,732.039,239.69058,52.215927,0.33288276
2022-03-11 22:00:00,641.0999755859375,1023.0,79.69999694824219,535.92413,123.33967,61.17598,0.23211558
2022-03-11 23:00:00,446.0,945.0,68.80000305175781,225.75456,78.76535,71.56844,0.6157231
2022-03-12 00:00:00,219.3000030517578,770.0,50.599998474121094,33.377617,33.324673,82.684166,0.9986286
2022-03-12 01:00:00,10.600000381469727,150.0,7.5,1.5335041,1.6571479,94.25186,0.1832985
2022-03-12 02:00:00,0.0,0.0,0.0,-0.5900944,-0.104653366,106.00242,0.0
2022-03-12 03:00:00,0.0,0.0,0.0,-0.58481747,-0.14477558,117.27578,0.0
2022-03-12 04:00:00,0.0,0.0,0.0,-0.17558616,-0.047770705,127.73451,0.0
2022-03-12 05:00:00,0.0,0.0,0.0,-0.15156536,-0.34684274,136.57742,0.0
2022-03-12 06:00:00,0.0,0.0,0.0,-0.18949237,-0.5442824,142.5081,0.0
2022-03-12 07:00:00,0.0,0.0,0.0,0.14824125,-0.77670604,144.01816,0.0
2022-03-12 08:00:00,0.0,0.0,0.0,0.10687731,-0.76479524,140.59749,0.0
2022-03-12 09:00:00,0.0,0.0,0.0,-0.27537882,-0.9771981,133.31761,0.0
2022-03-12 10:00:00,0.0,0.0,0.0,-0.04413147,-0.4878603,123.699814,0.0
2022-03-12 11:00:00,0.0,0.0,0.0,-0.35242647,-0.7800473,112.83305,0.0
2022-03-12 12:00:00,0.0,0.0,0.0,-0.27480543,-0.6811231,101.36722,0.0
2022-03-12 13:00:00,0.0,0.0,0.0,8.488086,8.407877,89.4812,0.57664853
2022-03-12 14:00:00,71.5999984741211,399.5,32.400001525878906,184.53688,44.154945,78.13563,0.41898882
2022-03-12 15:00:00,304.3999938964844,845.0,58.400001525878906,443.75137,64.65815,67.18387,0.14735661
2022-03-12 16:00:00,519.2000122070312,958.0,76.80000305175781,640.3109,78.1344,57.210823,0.12244249
2022-03-12 17:00:00,692.2999877929688,1014.0,86.0,787.31866,86.2841,49.00166,0.109654345
2022-03-12 18:00:00,812.9000244140625,1043.0,92.5,875.66675,92.13189,43.658855,0.10520817
2022-03-12 19:00:00,867.0,1047.0,98.69999694824219,889.4744,115.0529,42.31129,0.12999329
2022-03-12 20:00:00,854.0,1040.0,101.30000305175781,831.53,124.12049,45.317055,0.15290774
2022-03-12 21:00:00,774.5,1035.0,89.0999984741211,703.38153,113.85934,51.91954,0.17314833
2022-03-12 22:00:00,633.7000122070312,1000.0,80.5999984741211,553.3623,65.66873,60.92412,0.118765555
2022-03-12 23:00:00,440.5,922.0,69.0,213.3139,43.63973,71.34849,0.53273267
2022-03-13 00:00:00,217.8000030517578,752.0,50.29999923706055,21.601078,21.590448,82.48692,0.998331
2022-03-13 01:00:00,12.399999618530273,156.0,8.5,1.6364427,1.7002969,94.05086,0.199787
2022-03-13 02:00:00,0.0,0.0,0.0,-0.41247895,-1.1741602,105.801834,0.0
2022-03-13 03:00:00,0.0,0.0,0.0,-0.18541116,-0.8479899,117.05673,0.0
2022-03-13 04:00:00,0.0,0.0,0.0,-0.12262055,-1.0687181,127.48137,0.0
2022-03-13 05:00:00,0.0,0.0,0.0,-0.0510291,-0.8643244,136.27371,0.0
2022-03-13 06:00:00,0.0,0.0,0.0,0.050526667,-0.8418456,142.14738,0.0
2022-03-13 07:00:00,0.0,0.0,0.0,0.0034911325,-0.7599913,143.62263,0.0
2022-03-13 08:00:00,0.0,0.0,0.0,0.066437654,-0.7242777,140.20839,0.0
2022-03-13 09:00:00,0.0,0.0,0.0,0.111823276,-0.6780546,132.95781,0.0
2022-03-13 10:00:00,0.0,0.0,0.0,-0.11737316,-0.78575534,123.36888,0.0
2022-03-13 11:00:00,0.0,0.0,0.0,0.013665645,-0.73437816,112.52188,0.0
2022-03-13 12:00:00,0.0,0.0,0.0,-0.15767878,-0.6173752,101.06577,0.0
2022-03-13 13:00:00,0.0,0.0,0.0,9.680057,9.601163,89.17715,0.61248654
2022-03-13 14:00:00,84.80000305175781,543.0999755859375,28.700000762939453,193.40736,43.568707,77.82856,0.3926112
2022-03-13 15:00:00,312.29998779296875,852.0,59.900001525878906,448.73138,63.332756,66.85816,0.14272197
2022-03-13 16:00:00,529.7000122070312,970.0,76.80000305175781,646.517,76.433426,56.860004,0.11850905
2022-03-13 17:00:00,704.9000244140625,1027.0,85.5,793.8777,86.160576,48.6226,0.10866556
2022-03-13 18:00:00,825.0,1054.0,92.0999984741211,881.5104,91.374306,43.261387,0.103662685
2022-03-13 19:00:00,879.0,1061.0,95.5999984741211,865.8222,147.15956,41.92369,0.17558216
2022-03-13 20:00:00,865.0,1057.0,95.0999984741211,862.209,168.21822,44.970097,0.19944526
2022-03-13 21:00:00,781.5,1035.0,91.69999694824219,579.44696,374.9537,51.624294,0.78005207
2022-03-13 22:00:00,627.2000122070312,909.0,121.30000305175781,275.88635,269.988,60.67356,0.98472875
2022-03-13 23:00:00,437.20001220703125,549.0,214.1999969482422,134.4463,133.93947,71.12966,0.9960462
2022-03-14 00:00:00,120.5999984741211,0.0,120.5999984741211,36.924877,36.619205,82.290184,0.9896195
2022-03-14 01:00:00,12.800000190734863,0.0,12.800000190734863,0.77931774,0.9057356,93.85061,0.21505009
2022-03-14 02:00:00,0.0,0.0,0.0,-0.49343494,-0.34778005,105.60121,0.0
2022-03-14 03:00:00,0.0,0.0,0.0,-0.44157708,-0.14964575,116.83715,0.0
2022-03-14 04:00:00,0.0,0.0,0.0,-0.51543987,-0.1493648,127.22731,0.0
2022-03-14 05:00:00,0.0,0.0,0.0,-0.2591807,-0.46493354,135.96893,0.0
2022-03-14 06:00:00,0.0,0.0,0.0,-0.32607576,-0.2923321,141.78581,0.0
2022-03-14 07:00:00,0.0,0.0,0.0,-0.14496532,-0.31079087,143.22643,0.0
2022-03-14 08:00:00,0.0,0.0,0.0,-0.24760248,-0.37624174,139.81815,0.0
2022-03-14 09:00:00,0.0,0.0,0.0,0.028997831,-0.9142815,132.59645,0.0
2022-03-14 10:00:00,0.0,0.0,0.0,0.13808109,-0.889392,123.03622,0.0
2022-03-14 11:00:00,0.0,0.0,0.0,0.102764115,-0.80022144,112.20907,0.0
2022-03-14 12:00:00,0.0,0.0,0.0,-0.39278564,-0.5237476,100.762886,0.0
2022-03-14 13:00:00,0.0,0.0,0.0,17.608797,17.52774,88.87154,0.6475393
2022-03-14 14:00:00,92.4000015258789,576.9000244140625,29.799999237060547,220.30357,75.41761,77.52041,0.4584015
2022-03-14 15:00:00,324.1000061035156,876.0,59.79999923706055,461.5215,111.14837,66.53168,0.24678037
2022-03-14 16:00:00,545.7999877929688,997.0,75.4000015258789,645.8044,161.48544,56.508495,0.26109448
2022-03-14 17:00:00,722.4000244140625,1049.0,84.5999984741211,837.1824,118.04639,48.242813,0.1407508
2022-03-14 18:00:00,839.0,1067.0,91.80000305175781,904.0575,97.796715,42.863216,0.108246446
2022-03-14 19:00:00,900.0,1083.0,94.5999984741211,912.25116,106.96089,41.535873,0.11791452
2022-03-14 20:00:00,889.0,1084.0,94.9000015258789,849.0135,150.9885,44.62378,0.17908059
2022-03-14 21:00:00,806.7000122070312,1067.0,91.19999694824219,751.8378,79.85512,51.330273,0.105988845
2022-03-14 22:00:00,658.4000244140625,1028.0,82.19999694824219,575.87164,63.497005,60.424343,0.11076863
2022-03-14 23:00:00,456.70001220703125,940.0,69.80000305175781,223.17767,47.921787,70.912,0.54082406
2022-03-15 00:00:00,230.6999969482422,781.0,51.20000076293945,22.784454,22.66366,82.094025,0.99402696
2022-03-15 01:00:00,17.799999237060547,211.0,11.100000381469727,1.5842917,1.3322319,93.65111,0.23333333
2022-03-15 02:00:00,0.0,0.0,0.0,-0.19293958,-1.1264528,105.40059,0.0
2022-03-15 03:00:00,0.0,0.0,0.0,-0.17195539,-1.1291255,116.61712,0.0
2022-03-15 04:00:00,0.0,0.0,0.0,0.04469437,-0.79312897,126.97239,0.0
2022-03-15 05:00:00,0.0,0.0,0.0,-0.084558025,-0.91829675,135.66315,0.0
2022-03-15 06:00:00,0.0,0.0,0.0,0.034657717,-0.72520304,141.4235,0.0
2022-03-15 07:00:00,0.0,0.0,0.0,0.094227694,-0.8131672,142.82967,0.0
2022-03-15 08:00:00,0.0,0.0,0.0,-0.08474477,-0.9594803,139.42702,0.0
2022-03-15 09:00:00,0.0,0.0,0.0,0.23193522,-0.6546517,132.23366,0.0
2022-03-15 10:00:00,0.0,0.0,0.0,-0.04814733,-0.90325725,122.70195,0.0
2022-03-15 11:00:00,0.0,0.0,0.0,-0.007832679,-0.72664064,111.8947,0.0
2022-03-15 12:00:00,0.0,0.0,0.0,0.03812211,-0.6984257,100.45867,0.0
2022-03-15 13:00:00,0.0,0.0,0.0,11.247094,11.171382,88.56536,0.66071934
2022-03-15 14:00:00,96.4000015258789,570.7000122070312,31.399999618530273,212.19731,45.28728,77.21134,0.35487393
2022-03-15 15:00:00,325.29998779296875,864.0,60.20000076293945,469.98846,64.42143,66.20455,0.1385609
2022-03-15 16:00:00,540.5999755859375,972.0,76.9000015258789,667.2729,75.43753,56.156445,0.113400355
2022-03-15 17:00:00,716.4000244140625,1029.0,85.69999694824219,812.405,83.8137,47.862442,0.10325088
2022-03-15 18:00:00,836.0,1057.0,91.0,896.24243,88.868935,42.46447,0.099180296
2022-03-15 19:00:00,887.0,1061.0,93.19999694824219,910.4347,87.37656,41.14794,0.09596999
2022-03-15 20:00:00,870.0,1056.0,91.0999984741211,859.18353,81.539116,44.27817,0.09489952
2022-03-15 21:00:00,787.0999755859375,1038.0,86.5999984741211,743.04065,72.958755,51.037537,0.09838029
2022-03-15 22:00:00,643.0,999.0,78.9000015258789,565.29755,68.755684,60.176517,0.12266551
2022-03-15 23:00:00,450.70001220703125,925.0,68.0,223.49893,45.98921,70.695526,0.5455463
2022-03-16 00:00:00,227.5,759.0,50.5,24.495003,24.15746,81.89845,0.9853947
2022-03-16 01:00:00,19.200000762939453,209.0,11.899999618530273,1.6770419,1.3798174,93.45232,0.25
2022-03-16 02:00:00,0.0,0.0,0.0,-0.44279653,-0.99682915,105.19995,0.0
2022-03-16 03:00:00,0.0,0.0,0.0,-0.054964583,-0.83627194,116.39661,0.0
2022-03-16 04:00:00,0.0,0.0,0.0,0.07015066,-0.7680305,126.716606,0.0
2022-03-16 05:00:00,0.0,0.0,0.0,0.06522558,-0.70079446,135.35641,0.0
2022-03-16 06:00:00,0.0,0.0,0.0,-0.17885962,-0.85375327,141.06046,0.0
2022-03-16 07:00:00,0.0,0.0,0.0,0.005730782,-0.71205544,142.43242,0.0
2022-03-16 08:00:00,0.0,0.0,0.0,-0.0046447236,-0.64629716,139.03506,0.0
2022-03-16 09:00:00,0.0,0.0,0.0,0.0068550617,-0.69038296,131.8696,0.0
2022-03-16 10:00:00,0.0,0.0,0.0,-0.13528481,-0.2675215,122.36626,0.0
2022-03-16 11:00:00,0.0,0.0,0.0,-0.2005814,-0.43505755,111.57899,0.0
2022-03-16 12:00:00,0.0,0.0,0.0,-0.32584232,-0.5785551,100.153305,0.0
2022-03-16 13:00:00,0.0,0.0,0.0,12.975524,12.809584,88.25806,0.6957995
2022-03-16 14:00:00,86.0999984741211,211.10000610351562,61.0,206.96349,78.69021,76.901474,0.47620362
2022-03-16 15:00:00,294.20001220703125,408.29998779296875,166.6999969482422,380.91196,180.34427,65.87694,0.4779294
2022-03-16 16:00:00,511.3999938964844,659.0,193.6999969482422,518.5856,384.24957,55.80398,0.7595014
2022-03-16 17:00:00,649.5999755859375,351.0,432.70001220703125,666.64264,410.92203,47.481625,0.6707924
2022-03-16 18:00:00,646.0,23.0,629.0999755859375,648.8151,448.52463,42.06526,0.7519709
2022-03-16 19:00:00,753.0,109.0,671.2999877929688,662.9858,549.65533,40.760017,0.84992635
2022-03-16 20:00:00,636.0,9.0,629.7000122070312,723.7625,579.7487,43.93339,0.81621426
2022-03-16 21:00:00,546.7000122070312,4.0,543.7999877929688,497.83627,441.29553,50.74615,0.898545
2022-03-16 22:00:00,610.2000122070312,359.0,406.20001220703125,264.03214,261.72552,59.930122,0.99268746
2022-03-16 23:00:00,366.1000061035156,64.0,339.3999938964844,160.87915,160.30205,70.48025,0.99393666
2022-03-17 00:00:00,191.3000030517578,74.0,173.89999389648438,43.018845,42.871407,81.70352,0.99479634
2022-03-17 01:00:00,15.5,0.0,15.5,1.3563383,1.4219892,93.25418,0.26479915
2022-03-17 02:00:00,0.0,0.0,0.0,-0.43829104,-0.33912876,104.99928,0.0
2022-03-17 03:00:00,0.0,0.0,0.0,-0.46092597,-0.26236013,116.17564,0.0
2022-03-17 04:00:00,0.0,0.0,0.0,-0.26445642,-0.26632935,126.460014,0.0
2022-03-17 05:00:00,0.0,0.0,0.0,-0.23170191,-0.21502706,135.04878,0.0
2022-03-17 06:00:00,0.0,0.0,0.0,-0.37672088,-0.2941815,140.69682,0.0
2022-03-17 07:00:00,0.0,0.0,0.0,-0.47110593,-0.17360973,142.03485,0.0
2022-03-17 08:00:00,0.0,0.0,0.0,-0.31085566,-0.35552564,138.64243,0.0
2022-03-17 09:00:00,0.0,0.0,0.0,-0.21749498,-0.4663868,131.50441,0.0
2022-03-17 10:00:00,0.0,0.0,0.0,-0.26015374,-0.56513005,122.029274,0.0
2022-03-17 11:00:00,0.0,0.0,0.0,-0.5033326,-0.5392825,111.26206,0.0
2022-03-17 12:00:00,0.0,0.0,0.0,-0.73137563,-0.465788,99.84691,0.0
2022-03-17 13:00:00,0.0,0.0,0.0,14.274588,14.176432,87.95018,0.71064097
2022-03-17 14:00:00,60.5,0.0,60.5,85.25981,84.49805,76.59102,0.9904137
2022-03-17 15:00:00,210.39999389648438,0.0,210.3000030517578,281.75632,267.17346,65.54897,0.9566059
2022-03-17 16:00:00,481.70001220703125,109.0,428.70001220703125,540.38385,346.02786,55.451267,0.65488696
2022-03-17 17:00:00,618.7000122070312,85.0,565.5999755859375,707.0233,316.7128,47.100475,0.45064375
2022-03-17 18:00:00,696.0,30.0,675.0999755859375,830.2761,259.83597,41.665718,0.33674002
2022-03-17 19:00:00,691.0,12.0,682.2000122070312,919.2133,248.92625,40.372196,0.27742854
2022-03-17 20:00:00,471.0,0.0,471.3999938964844,954.4451,369.48972,43.5895,0.41673777
2022-03-17 21:00:00,802.5,773.0,274.70001220703125,511.9041,235.26685,50.45618,0.6579294
2022-03-17 22:00:00,681.2999877929688,805.0,220.6999969482422,288.82162,168.18948,59.685184,0.7120049
2022-03-17 23:00:00,466.3999938964844,956.0,64.0,183.55962,132.33144,70.26619,0.847802
2022-03-18 00:00:00,141.0,0.0,141.0,48.939594,48.932556,81.50921,0.9993564
2022-03-18 01:00:00,33.79999923706055,300.0,23.100000381469727,2.6486027,2.756108,93.05675,0.2832903
2022-03-18 02:00:00,0.0,0.0,0.0,-0.1268908,-0.8504333,104.7986,0.0
2022-03-18 03:00:00,0.0,0.0,0.0,0.09409538,-1.0382645,115.954216,0.0
2022-03-18 04:00:00,0.0,0.0,0.0,0.053903587,-1.0527488,126.20264,0.0
2022-03-18 05:00:00,0.0,0.0,0.0,0.25533813,-0.8058217,134.74028,0.0
2022-03-18 06:00:00,0.0,0.0,0.0,0.22607017,-0.9547335,140.33269,0.0
2022-03-18 07:00:00,0.0,0.0,0.0,0.28948763,-1.0290933,141.63702,0.0
2022-03-18 08:00:00,0.0,0.0,0.0,-0.11540939,-1.0353256,138.24927,0.0
2022-03-18 09:00:00,0.0,0.0,0.0,-0.15279031,-0.97010255,131.13828,0.0
2022-03-18 10:00:00,0.0,0.0,0.0,0.049099986,-1.0103886,121.691154,0.0
2022-03-18 11:00:00,0.0,0.0,0.0,0.053270753,-0.6792676,110.944046,0.0
2022-03-18 12:00:00,0.0,0.0,0.0,-0.19926852,-0.737018,99.539635,0.0
2022-03-18 13:00:00,0.0,0.0,0.0,20.382538,20.240675,87.64183,0.74431854
2022-03-18 14:00:00,102.30000305175781,127.0999984741211,85.9000015258789,240.62816,89.02529,76.28004,0.4527355
2022-03-18 15:00:00,348.79998779296875,829.0,81.0999984741211,487.89938,193.67651,65.22079,0.39757335
2022-03-18 16:00:00,552.5999755859375,722.0,196.6999969482422,639.0993,192.41278,55.098434,0.31466207
2022-03-18 17:00:00,732.5,838.0,206.1999969482422,808.8401,190.57573,46.71915,0.23607202
2022-03-18 18:00:00,805.0,427.0,497.3999938964844,866.7894,234.38303,41.265953,0.27324852
2022-03-18 19:00:00,908.0,993.0,152.1999969482422,963.2479,223.63496,39.984592,0.23284593
2022-03-18 20:00:00,875.0,747.0,314.0,734.6879,418.46292,43.24662,0.57545054
2022-03-18 21:00:00,790.0,814.0,231.10000610351562,566.20575,428.54605,50.1677,0.77129924
2022-03-18 22:00:00,652.7999877929688,810.0,186.5,480.0234,342.32706,59.441757,0.71475875
2022-03-18 23:00:00,456.6000061035156,812.0,111.80000305175781,265.20053,110.87945,70.05337,0.6496879
2022-03-19 00:00:00,244.0,782.0,53.400001525878906,33.796196,33.859528,81.31559,0.99967015
2022-03-19 01:00:00,27.799999237060547,270.0,15.699999809265137,2.449986,2.0774353,92.85993,0.29994652
2022-03-19 02:00:00,0.0,0.0,0.0,-0.30269295,-0.98579586,104.597916,0.0
2022-03-19 03:00:00,0.0,0.0,0.0,-0.053672556,-0.8907703,115.73235,0.0
2022-03-19 04:00:00,0.0,0.0,0.0,0.070688345,-0.97414047,125.94449,0.0
2022-03-19 05:00:00,0.0,0.0,0.0,-0.19171685,-1.0441612,134.43098,0.0
2022-03-19 06:00:00,0.0,0.0,0.0,-0.18191485,-0.79801536,139.96812,0.0
2022-03-19 07:00:00,0.0,0.0,0.0,0.1477559,-0.633415,141.23904,0.0
2022-03-19 08:00:00,0.0,0.0,0.0,0.012275181,-0.5873182,137.85573,0.0
2022-03-19 09:00:00,0.0,0.0,0.0,-0.029170139,-0.5793549,130.77133,0.0
2022-03-19 10:00:00,0.0,0.0,0.0,-0.22530484,-0.7730455,121.35203,0.0
2022-03-19 11:00:00,0.0,0.0,0.0,-0.17597587,-0.5532019,110.625114,0.0
2022-03-19 12:00:00,0.0,0.0,0.0,-0.34931052,-0.7630791,99.23161,0.0
2022-03-19 13:00:00,0.0,0.0,0.0,17.907804,17.732098,87.33274,0.75954443
2022-03-19 14:00:00,118.4000015258789,604.0,36.900001525878906,229.21309,63.4562,75.96876,0.36498442
2022-03-19 15:00:00,349.79998779296875,876.9000244140625,62.20000076293945,476.84613,94.668434,64.89253,0.20015033
2022-03-19 16:00:00,564.7999877929688,984.0,75.0999984741211,675.63495,111.94676,54.745613,0.16626702
2022-03-19 17:00:00,738.9000244140625,1036.0,83.0999984741211,828.3185,122.876305,46.337772,0.14846376
2022-03-19 18:00:00,857.0,1057.0,91.0,911.7014,132.65416,40.866096,0.14568596
2022-03-19 19:00:00,910.0,1039.0,114.9000015258789,921.057,162.41086,39.597298,0.17764685
2022-03-19 20:00:00,894.0,1041.0,108.5,885.11066,180.49223,42.904823,0.20540611
2022-03-19 21:00:00,816.5999755859375,998.0,127.0,691.77747,327.00012,49.880764,0.49509954
2022-03-19 22:00:00,642.0999755859375,706.0,232.89999389648438,351.4597,328.64886,59.19987,0.943352
2022-03-19 23:00:00,421.0,307.0,289.70001220703125,195.99707,192.69615,69.8418,0.9853367
2022-03-20 00:00:00,201.60000610351562,120.0,171.1999969482422,62.765823,62.681824,81.12266,0.9978408
2022-03-20 01:00:00,21.899999618530273,0.0,21.899999618530273,1.9175689,1.5630027,92.66374,0.3074494
2022-03-20 02:00:00,0.0,0.0,0.0,-0.36335832,-0.87763214,104.39722,0.0
2022-03-20 03:00:00,0.0,0.0,0.0,-0.30072668,-0.7488493,115.51008,0.0
2022-03-20 04:00:00,0.0,0.0,0.0,-0.19358931,-1.0072145,125.68563,0.0
2022-03-20 05:00:00,0.0,0.0,0.0,-0.33917108,-0.7092583,134.12097,0.0
2022-03-20 06:00:00,0.0,0.0,0.0,-0.082869396,-0.34408003,139.60321,0.0
2022-03-20 07:00:00,0.0,0.0,0.0,-0.044211768,-0.46689895,140.84105,0.0
2022-03-20 08:00:00,0.0,0.0,0.0,-0.22142766,-0.8103367,137.46188,0.0
2022-03-20 09:00:00,0.0,0.0,0.0,-0.1629879,-0.76325965,130.4037,0.0
2022-03-20 10:00:00,0.0,0.0,0.0,-0.17547183,-0.37240097,121.01207,0.0
2022-03-20 11:00:00,0.0,0.0,0.0,-0.21766828,-0.5314399,110.305405,0.0
2022-03-20 12:00:00,0.0,0.0,0.0,-0.323604,-0.41865638,98.92301,0.0
2022-03-20 13:00:00,0.0,0.0,0.0,15.499094,15.372209,87.02398,0.79286355
2022-03-20 14:00:00,93.0,5.599999904632568,92.19999694824219,83.054436,81.97874,75.657265,0.9866914
2022-03-20 15:00:00,258.0,14.0,253.1999969482422,156.07973,153.67178,64.564354,0.9853682
2022-03-20 16:00:00,458.6000061035156,68.0,424.5,288.44012,285.522,54.392967,0.98971075
2022-03-20 17:00:00,679.5999755859375,332.0,467.70001220703125,478.26224,453.77228,45.956486,0.95954436
2022-03-20 18:00:00,808.0,621.0,355.0,570.48816,534.0827,40.466255,0.94590664
2022-03-20 19:00:00,633.0,5.0,628.5,531.36566,511.76178,39.21043,0.96708846
2022-03-20 20:00:00,852.0,568.0,421.6000061035156,396.1304,393.38077,42.564194,0.993256
2022-03-20 21:00:00,753.0999755859375,414.0,465.20001220703125,283.202,281.93512,49.595417,0.99522185
2022-03-20 22:00:00,479.20001220703125,7.0,475.0,226.41034,225.85048,58.959545,0.9969689
2022-03-20 23:00:00,387.8999938964844,9.0,384.20001220703125,181.04938,179.20819,69.63148,0.99108046
2022-03-21 00:00:00,133.39999389648438,0.0,133.39999389648438,45.393414,45.427715,80.93043,0.99896735
2022-03-21 01:00:00,22.600000381469727,0.0,22.600000381469727,3.7197046,3.7810223,92.468155,0.33333334
2022-03-21 02:00:00,0.0,0.0,0.0,-0.45623636,-0.6095389,104.19652,0.0
2022-03-21 03:00:00,0.0,0.0,0.0,-0.6478683,-0.049817663,115.28737,0.0
2022-03-21 04:00:00,0.0,0.0,0.0,-0.6055292,-0.25433177,125.42607,0.0
2022-03-21 05:00:00,0.0,0.0,0.0,-0.32046753,-0.78869,133.81029,0.0
2022-03-21 06:00:00,0.0,0.0,0.0,-0.30790424,-0.6755607,139.23802,0.0
2022-03-21 07:00:00,0.0,0.0,0.0,-0.32212445,-0.4517259,140.44313,0.0
2022-03-21 08:00:00,0.0,0.0,0.0,-0.22443883,-0.48025307,137.06792,0.0
2022-03-21 09:00:00,0.0,0.0,0.0,-0.20951399,-0.5921877,130.03555,0.0
2022-03-21 10:00:00,0.0,0.0,0.0,-0.16022818,-0.43180773,120.67142,0.0
2022-03-21 11:00:00,0.0,0.0,0.0,-0.03270602,-0.73493785,109.98506,0.0
2022-03-21 12:00:00,0.0,0.0,0.0,-0.52488804,-0.5258215,98.61396,0.0
2022-03-21 13:00:00,0.0,0.0,0.0,24.235527,24.106306,86.71452,0.812717
2022-03-21 14:00:00,62.5,0.0,62.5,235.9675,151.77277,75.34574,0.68958575
2022-03-21 15:00:00,318.3999938964844,169.0,261.20001220703125,430.23843,235.65503,64.2364,0.55453384
2022-03-21 16:00:00,469.1000061035156,50.0,443.79998779296875,619.77026,321.91776,54.040627,0.522456
2022-03-21 17:00:00,695.0,348.0,471.0,729.4055,429.42007,45.575424,0.5968883
2022-03-21 18:00:00,818.0,431.0,501.70001220703125,838.0437,325.6561,40.066547,0.3938023
2022-03-21 19:00:00,916.0,920.0,203.5,869.619,252.43321,38.82408,0.3100448
2022-03-21 20:00:00,901.0,984.0,151.1999969482422,933.74164,347.50778,42.22482,0.3782192
2022-03-21 21:00:00,825.0,1047.0,93.69999694824219,821.52734,375.24307,49.311752,0.45637596
2022-03-21 22:00:00,686.5,977.0,113.0999984741211,607.58765,196.14847,58.72081,0.3193402
2022-03-21 23:00:00,484.8999938964844,946.0,73.0999984741211,264.26123,149.03978,69.42245,0.7117046
2022-03-22 00:00:00,256.29998779296875,788.4000244140625,56.29999923706055,96.67467,97.05253,80.73893,0.99977607
2022-03-22 01:00:00,36.20000076293945,311.0,19.100000381469727,6.53974,6.5857625,92.273186,0.34998825
2022-03-22 02:00:00,0.0,0.0,0.0,-0.55966294,-0.84103465,103.995804,0.0
2022-03-22 03:00:00,0.0,0.0,0.0,0.10041984,-0.92420423,115.06426,0.0
2022-03-22 04:00:00,0.0,0.0,0.0,0.14927341,-0.96379495,125.16587,0.0
2022-03-22 05:00:00,0.0,0.0,0.0,0.16954006,-1.0787896,133.49901,0.0
2022-03-22 06:00:00,0.0,0.0,0.0,0.18320045,-0.95624065,138.87267,0.0
2022-03-22 07:00:00,0.0,0.0,0.0,0.19361635,-0.96278155,140.04541,0.0
2022-03-22 08:00:00,0.0,0.0,0.0,0.14473209,-0.91578394,136.67397,0.0
2022-03-22 09:00:00,0.0,0.0,0.0,0.20774865,-0.82088894,129.66702,0.0
2022-03-22 10:00:00,0.0,0.0,0.0,0.18157539,-0.88090354,120.33023,0.0
2022-03-22 11:00:00,0.0,0.0,0.0,0.13686275,-0.86385286,109.664215,0.0
2022-03-22 12:00:00,0.0,0.0,0.0,-0.16948372,-0.69945264,98.304596,0.0
2022-03-22 13:00:00,0.0,0.0,0.0,24.63674,24.44802,86.405525,0.84385836
2022-03-22 14:00:00,137.8000030517578,652.5999755859375,39.29999923706055,233.29364,96.18042,75.034325,0.4624041
2022-03-22 15:00:00,371.8999938964844,903.0,61.5,479.5075,176.81564,63.908802,0.3745675
2022-03-22 16:00:00,586.2000122070312,996.0,75.19999694824219,681.5883,224.6985,53.688736,0.33320773
2022-03-22 17:00:00,772.0,1045.0,95.4000015258789,798.10547,311.99103,45.194714,0.4026226
2022-03-22 18:00:00,885.0,972.0,167.10000610351562,916.54376,347.4067,39.66711,0.38369176
2022-03-22 19:00:00,941.0,921.0,223.0,981.6963,200.86748,38.438366,0.2052972
2022-03-22 20:00:00,910.0,795.0,300.0,880.70544,278.90506,41.886803,0.32681978
2022-03-22 21:00:00,788.4000244140625,606.0,362.29998779296875,899.9173,305.06287,49.029793,0.33981514
2022-03-22 22:00:00,614.9000244140625,753.0,170.5,558.2257,223.39108,58.483707,0.43713143
2022-03-22 23:00:00,493.0,951.0,75.80000305175781,177.91963,160.4079,69.2147,0.95265645
2022-03-23 00:00:00,263.0,803.0,56.70000076293945,54.80137,54.697094,80.54818,0.99678093
2022-03-23 01:00:00,27.700000762939453,0.0,27.700000762939453,2.3291373,2.373084,92.07875,0.36431986
2022-03-23 02:00:00,0.0,0.0,0.0,-0.4836451,-0.35016397,103.7951,0.0
2022-03-23 03:00:00,0.0,0.0,0.0,-0.3466992,-0.3978049,114.8408,0.0
2022-03-23 04:00:00,0.0,0.0,0.0,-0.2480202,-0.48462406,124.90504,0.0
2022-03-23 05:00:00,0.0,0.0,0.0,-0.23574662,-0.6528644,133.18716,0.0
2022-03-23 06:00:00,0.0,0.0,0.0,-0.17784354,-0.6134579,138.50723,0.0
2022-03-23 07:00:00,0.0,0.0,0.0,-0.23558392,-0.5431588,139.64795,0.0
2022-03-23 08:00:00,0.0,0.0,0.0,-0.14328928,-0.49946538,136.28014,0.0
2022-03-23 09:00:00,0.0,0.0,0.0,-0.048764605,-1.0195142,129.29828,0.0
2022-03-23 10:00:00,0.0,0.0,0.0,0.13344897,-1.2210666,119.98867,0.0
2022-03-23 11:00:00,0.0,0.0,0.0,0.25011298,-0.32942688,109.34303,0.0
2022-03-23 12:00:00,0.0,0.0,0.0,0.0012337298,-0.52843285,97.99505,0.0
2022-03-23 13:00:00,0.0,0.0,0.0,20.615725,20.433838,86.09628,0.87682885
2022-03-23 14:00:00,143.60000610351562,660.7999877929688,40.29999923706055,270.24017,54.80296,74.72315,0.26479828
2022-03-23 15:00:00,377.79998779296875,907.0,61.29999923706055,518.96155,71.92888,63.58171,0.13978584
2022-03-23 16:00:00,593.5999755859375,1005.0,72.5999984741211,723.47516,84.597145,53.33744,0.117228635
2022-03-23 17:00:00,766.2999877929688,1052.0,79.69999694824219,871.6853,94.550095,44.8145,0.1085337
2022-03-23 18:00:00,885.0,1078.0,83.69999694824219,954.75555,100.13763,39.268047,0.10489762
2022-03-23 19:00:00,936.0,1085.0,86.19999694824219,970.2442,98.25618,38.05339,0.10126286
2022-03-23 20:00:00,920.0,1084.0,84.80000305175781,913.4254,91.52709,41.55021,0.10020768
2022-03-23 21:00:00,833.0,1064.0,81.69999694824219,794.1513,79.87718,48.74961,0.10060192
2022-03-23 22:00:00,685.0999755859375,1024.0,76.69999694824219,615.11206,64.90725,58.24825,0.105838925
2022-03-23 23:00:00,490.20001220703125,950.0,68.5,253.70375,46.992138,69.00823,0.51485074
2022-03-24 00:00:00,262.5,799.0,54.400001525878906,25.53874,25.501974,80.35814,0.9983915
2022-03-24 01:00:00,41.599998474121094,335.0,21.0,3.4752555,3.360434,91.8849,0.38333333
2022-03-24 02:00:00,0.0,0.0,0.0,0.020922167,-1.034734,103.59439,0.0
2022-03-24 03:00:00,0.0,0.0,0.0,0.1806651,-0.95287997,114.61696,0.0
2022-03-24 04:00:00,0.0,0.0,0.0,0.19472536,-0.876055,124.64363,0.0
2022-03-24 05:00:00,0.0,0.0,0.0,0.04383456,-1.1358521,132.87485,0.0
2022-03-24 06:00:00,0.0,0.0,0.0,-0.47621363,-1.1778817,138.14178,0.0
2022-03-24 07:00:00,0.0,0.0,0.0,-0.15158063,-0.78860146,139.2509,0.0
2022-03-24 08:00:00,0.0,0.0,0.0,-0.02246071,-0.801387,135.88654,0.0
2022-03-24 09:00:00,0.0,0.0,0.0,-0.13692215,-0.64446646,128.92944,0.0
2022-03-24 10:00:00,0.0,0.0,0.0,-0.15588017,-0.6739915,119.64684,0.0
2022-03-24 11:00:00,0.0,0.0,0.0,-0.13258927,-0.5609877,109.02165,0.0
2022-03-24 12:00:00,0.0,0.0,0.0,-0.08880622,-0.3964111,97.685326,0.0
2022-03-24 13:00:00,0.0,0.0,0.0,18.38937,18.13726,85.78757,0.8909833
2022-03-24 14:00:00,141.3000030517578,620.7000122070312,40.900001525878906,267.58633,48.88711,74.41237,0.24220175
2022-03-24 15:00:00,366.8999938964844,862.0,61.5,514.07635,66.49496,63.25525,0.13039762
2022-03-24 16:00:00,572.2000122070312,950.0,75.19999694824219,694.3155,84.94529,52.986866,0.12519094
2022-03-24 17:00:00,737.0,975.0,95.9000015258789,814.7587,100.240715,44.43491,0.13541879
2022-03-24 18:00:00,853.0,1025.0,86.69999694824219,937.45154,131.63202,38.869473,0.14007954
2022-03-24 19:00:00,902.0,983.0,127.0999984741211,955.3791,161.42067,37.669235,0.16880418
2022-03-24 20:00:00,893.0,1041.0,86.30000305175781,883.6999,153.46779,41.215115,0.17428282
2022-03-24 21:00:00,813.0,1028.0,82.9000015258789,761.28986,140.16347,48.47124,0.18488333
2022-03-24 22:00:00,670.7000122070312,994.0,76.80000305175781,594.4291,97.26221,58.01448,0.16356078
2022-03-24 23:00:00,480.29998779296875,928.0,67.0999984741211,252.22972,66.5695,68.80308,0.5524569
2022-03-25 00:00:00,258.8999938964844,779.0,53.599998474121094,33.648624,33.68963,80.16886,0.9999209
2022-03-25 01:00:00,42.79999923706055,333.0,21.299999237060547,4.4540906,4.2640324,91.6916,0.39999804
2022-03-25 02:00:00,0.0,0.0,0.0,-0.338296,-1.2213428,103.3937,0.0
2022-03-25 03:00:00,0.0,0.0,0.0,-0.17650679,-1.0014449,114.39278,0.0
2022-03-25 04:00:00,0.0,0.0,0.0,-0.019503677,-0.9908272,124.38169,0.0
2022-03-25 05:00:00,0.0,0.0,0.0,-0.07720943,-0.89125794,132.56212,0.0
2022-03-25 06:00:00,0.0,0.0,0.0,-0.2706578,-0.33820528,137.77641,0.0
2022-03-25 07:00:00,0.0,0.0,0.0,-0.16953224,-0.2541955,138.85435,0.0
2022-03-25 08:00:00,0.0,0.0,0.0,-0.1901887,-0.7865269,135.49336,0.0
2022-03-25 09:00:00,0.0,0.0,0.0,-0.41901717,-0.8928999,128.56068,0.0
2022-03-25 10:00:00,0.0,0.0,0.0,-0.23692153,-0.7448332,119.304924,0.0
2022-03-25 11:00:00,0.0,0.0,0.0,-0.40113676,-0.50867665,108.70024,0.0
2022-03-25 12:00:00,0.0,0.0,0.0,-0.12288238,-0.6319156,97.3698,0.0
2022-03-25 13:00:00,0.0,0.0,0.0,26.294798,26.20255,85.485344,0.93004704
2022-03-25 14:00:00,152.8000030517578,651.5999755859375,44.0,264.92484,74.89333,74.102135,0.32365894
2022-03-25 15:00:00,386.29998779296875,884.0,68.5999984741211,508.74417,102.81434,62.929577,0.20408076
2022-03-25 16:00:00,600.7000122070312,974.0,85.80000305175781,711.10284,119.32453,52.63717,0.1682497
2022-03-25 17:00:00,774.0,1025.0,94.80000305175781,857.7518,129.81992,44.056087,0.15153113
2022-03-25 18:00:00,892.0,1052.0,101.0999984741211,938.9433,132.30757,38.471523,0.14093453
2022-03-25 19:00:00,946.0,1063.0,104.4000015258789,952.0869,129.73265,37.286015,0.13625745
2022-03-25 20:00:00,928.0,1059.0,103.4000015258789,895.47644,121.95083,40.88161,0.13619597
2022-03-25 21:00:00,838.0,1034.0,99.69999694824219,771.975,110.218864,48.194744,0.14296466
2022-03-25 22:00:00,687.5999755859375,991.0,92.0,594.81134,95.85684,57.782402,0.16202785
2022-03-25 23:00:00,494.79998779296875,928.0,78.5,252.38365,68.97154,68.599236,0.55471474
2022-03-26 00:00:00,267.1000061035156,776.0,59.900001525878906,35.78263,35.842857,79.980354,0.9981307
2022-03-26 01:00:00,46.29999923706055,340.0,23.200000762939453,5.1464124,4.3506923,91.49879,0.37890428
2022-03-26 02:00:00,0.0,0.0,0.0,-0.29801336,-1.059443,103.193016,0.0
2022-03-26 03:00:00,0.0,0.0,0.0,-0.22390161,-1.0456274,114.16827,0.0
2022-03-26 04:00:00,0.0,0.0,0.0,-0.17307234,-0.85122174,124.11925,0.0
2022-03-26 05:00:00,0.0,0.0,0.0,-0.29245117,-0.83373785,132.24905,0.0
2022-03-26 06:00:00,0.0,0.0,0.0,0.041637268,-0.92324835,137.41122,0.0
2022-03-26 07:00:00,0.0,0.0,0.0,0.081644185,-0.6580872,138.45842,0.0
2022-03-26 08:00:00,0.0,0.0,0.0,-0.059117515,-0.7591785,135.1007,0.0
2022-03-26 09:00:00,0.0,0.0,0.0,-0.14654763,-0.51635224,128.19212,0.0
2022-03-26 10:00:00,0.0,0.0,0.0,-0.17378758,-0.29419696,118.96306,0.0
2022-03-26 11:00:00,0.0,0.0,0.0,-0.2763128,-0.41125557,108.37891,0.0
2022-03-26 12:00:00,0.0,0.0,0.0,-0.12319283,-0.27248922,97.04803,0.0
2022-03-26 13:00:00,0.0,0.0,0.0,44.99556,39.967266,85.189735,0.9357449
2022-03-26 14:00:00,154.0,625.7000122070312,46.099998474121094,259.02887,149.16505,73.792564,0.59703314
2022-03-26 15:00:00,384.1000061035156,857.0,71.5999984741211,511.95218,85.49161,62.60482,0.16986685
2022-03-26 16:00:00,593.9000244140625,949.0,87.9000015258789,718.33026,105.14466,52.28849,0.14703974
2022-03-26 17:00:00,765.0,999.0,99.0999984741211,716.0556,297.07562,43.67816,0.5027939
2022-03-26 18:00:00,881.0,1026.0,104.4000015258789,1013.9622,273.11066,38.0743,0.27011967
2022-03-26 19:00:00,932.0,1036.0,107.0,946.83673,100.34101,36.903824,0.105973035
2022-03-26 20:00:00,916.0,1036.0,105.0,893.88934,98.97425,40.549778,0.11157171
2022-03-26 21:00:00,830.0,1014.0,102.5,780.8175,160.64005,47.920162,0.21303092
2022-03-26 22:00:00,682.0,972.0,94.30000305175781,628.11536,106.71221,57.552044,0.17231975
2022-03-26 23:00:00,489.20001220703125,903.0,80.80000305175781,260.84195,62.64374,68.3967,0.54050237
2022-03-27 00:00:00,267.3999938964844,764.0,61.0,28.497324,27.937588,79.79262,0.9694671
2022-03-27 01:00:00,48.599998474121094,339.0,24.5,4.7276173,4.2349358,91.30649,0.4014823
2022-03-27 02:00:00,0.0,0.0,0.0,-0.24003905,-0.9590224,102.992355,0.0
2022-03-27 03:00:00,0.0,0.0,0.0,0.10293885,-0.85398436,113.94345,0.0
2022-03-27 04:00:00,0.0,0.0,0.0,-0.25693512,-0.86599153,123.85634,0.0
2022-03-27 05:00:00,0.0,0.0,0.0,-0.3867706,-1.0883739,131.93571,0.0
2022-03-27 06:00:00,0.0,0.0,0.0,-0.15620548,-0.9318729,137.04633,0.0
2022-03-27 07:00:00,0.0,0.0,0.0,0.05272593,-0.75902575,138.06322,0.0
2022-03-27 08:00:00,0.0,0.0,0.0,-0.066222385,-0.7691406,134.70868,0.0
2022-03-27 09:00:00,0.0,0.0,0.0,-0.02914056,-0.87905544,127.823906,0.0
2022-03-27 10:00:00,0.0,0.0,0.0,-0.13106558,-0.68657947,118.62139,0.0
2022-03-27 11:00:00,0.0,0.0,0.0,-0.22691709,-0.7321638,108.05781,0.0
2022-03-27 12:00:00,0.0,0.0,0.0,-0.25795797,-0.45939296,96.71977,0.0
2022-03-27 13:00:00,0.0,0.0,0.0,22.606853,22.337269,84.90233,0.97378075
2022-03-27 14:00:00,159.89999389648438,616.5999755859375,50.400001525878906,283.57578,58.0931,73.483795,0.2315216
2022-03-27 15:00:00,392.70001220703125,854.0,76.9000015258789,528.5256,80.10608,62.281136,0.15243913
2022-03-27 16:00:00,605.9000244140625,950.0,94.30000305175781,722.7785,89.20749,51.940964,0.12361104
2022-03-27 17:00:00,780.0,1009.0,101.69999694824219,867.58234,134.17223,43.30126,0.15701407
2022-03-27 18:00:00,888.0,952.0,163.89999389648438,942.88947,175.16728,37.677914,0.19130968
2022-03-27 19:00:00,940.0,942.0,185.5,958.2444,161.9962,36.52276,0.17119727
2022-03-27 20:00:00,926.0,1037.0,110.0999984741211,903.8849,112.48713,40.219673,0.12436617
2022-03-27 21:00:00,840.0,982.0,132.3000030517578,749.37524,135.01718,47.64755,0.1870921
2022-03-27 22:00:00,690.4000244140625,959.0,107.19999694824219,583.47076,160.26393,57.323414,0.27764013
2022-03-27 23:00:00,496.6000061035156,902.0,85.9000015258789,263.96292,123.46216,68.19547,0.6522814
2022-03-28 00:00:00,272.0,746.0,68.0999984741211,48.474255,48.05031,79.60564,0.9900855
2022-03-28 01:00:00,52.29999923706055,340.0,26.700000762939453,8.152728,7.6443954,91.11471,0.44650227
2022-03-28 02:00:00,0.0,0.0,0.0,-0.50960934,-1.19675,102.79174,0.0
2022-03-28 03:00:00,0.0,0.0,0.0,-0.12133894,-0.4530818,113.71835,0.0
2022-03-28 04:00:00,0.0,0.0,0.0,-0.26986668,-0.9814694,123.59305,0.0
2022-03-28 05:00:00,0.0,0.0,0.0,-0.3209563,-1.0714487,131.62216,0.0
2022-03-28 06:00:00,0.0,0.0,0.0,-0.13740845,-0.9638131,136.68173,0.0
2022-03-28 07:00:00,0.0,0.0,0.0,0.011331622,-0.7024982,137.66881,0.0
2022-03-28 08:00:00,0.0,0.0,0.0,0.081133984,-0.6825218,134.3174,0.0
2022-03-28 09:00:00,0.0,0.0,0.0,0.016706772,-0.68561894,127.456184,0.0
2022-03-28 10:00:00,0.0,0.0,0.0,-0.040160347,-0.57114273,118.28006,0.0
2022-03-28 11:00:00,0.0,0.0,0.0,-0.35977182,-0.47315535,107.737076,0.0
2022-03-28 12:00:00,0.0,0.0,0.0,0.030948618,-0.2763955,96.39069,0.016666543
2022-03-28 13:00:00,0.0,0.0,0.0,31.81953,31.633131,84.6165,0.9954596
2022-03-28 14:00:00,154.60000610351562,183.5,121.0,292.76642,65.005,73.17601,0.24238504
2022-03-28 15:00:00,367.6000061035156,294.0,257.3999938964844,532.1646,89.884125,61.95864,0.17714953
2022-03-28 16:00:00,599.5999755859375,604.0,271.6000061035156,712.08997,102.04572,51.59473,0.14628655
2022-03-28 17:00:00,771.0,584.0,376.3999938964844,860.09735,92.839485,42.925537,0.10936739
2022-03-28 18:00:00,863.0,385.0,567.9000244140625,952.2056,95.504425,37.282497,0.10030188
2022-03-28 19:00:00,954.0,1039.0,117.9000015258789,957.55676,102.52902,36.142918,0.10764122
2022-03-28 20:00:00,925.0,914.0,202.5,878.6931,155.58473,39.89139,0.19641778
2022-03-28 21:00:00,783.2999877929688,264.0,592.2000122070312,665.9382,267.41388,47.376934,0.4378997
2022-03-28 22:00:00,690.7999877929688,842.0,176.3000030517578,568.6239,228.97057,57.096554,0.41787636
2022-03-28 23:00:00,467.3999938964844,434.0,268.20001220703125,309.9564,128.96738,67.995575,0.6157746
2022-03-29 00:00:00,255.6999969482422,242.0,188.8000030517578,72.156204,72.13926,79.41945,0.9982521
2022-03-29 01:00:00,37.900001525878906,0.0,37.900001525878906,3.9231217,3.943113,90.92344,0.46666667
2022-03-29 02:00:00,0.0,0.0,0.0,-0.662263,-0.8992331,102.591156,0.0
2022-03-29 03:00:00,0.0,0.0,0.0,-0.60001415,-0.61672914,113.49301,0.0
2022-03-29 04:00:00,0.0,0.0,0.0,-0.67129177,-0.5255128,123.32935,0.0
2022-03-29 05:00:00,0.0,0.0,0.0,-0.53086257,-0.5432035,131.3085,0.0
2022-03-29 06:00:00,0.0,0.0,0.0,-0.3765415,-0.6123883,136.31763,0.0
2022-03-29 07:00:00,0.0,0.0,0.0,-0.11460017,-0.6616563,137.27536,0.0
2022-03-29 08:00:00,0.0,0.0,0.0,0.08173251,-0.84344906,133.92705,0.0
2022-03-29 09:00:00,0.0,0.0,0.0,0.058279403,-0.5868128,127.089096,0.0
2022-03-29 10:00:00,0.0,0.0,0.0,-0.11846067,-0.60015637,117.9392,0.0
2022-03-29 11:00:00,0.0,0.0,0.0,-0.55790585,-0.43754727,107.41688,0.0
2022-03-29 12:00:00,0.0,0.0,0.0,-0.29243895,-0.116063446,96.06531,0.033257302
2022-03-29 13:00:00,0.0,0.0,0.0,44.349976,44.185314,84.329094,0.9958634
2022-03-29 14:00:00,67.0999984741211,0.0,67.0999984741211,154.14854,152.58649,72.8693,0.9940038
2022-03-29 15:00:00,201.10000610351562,0.0,201.10000610351562,216.04056,211.09267,61.637493,0.982401
2022-03-29 16:00:00,487.5,10.0,482.29998779296875,352.81293,338.99426,51.24994,0.97401583
2022-03-29 17:00:00,509.0,0.0,508.8999938964844,615.7538,557.6162,42.551105,0.9253423
2022-03-29 18:00:00,469.0,0.0,469.20001220703125,880.9012,570.3187,36.88817,0.67340827
2022-03-29 19:00:00,891.0,197.0,731.5,862.2285,591.04803,35.764397,0.7221493
2022-03-29 20:00:00,681.0,1.0,680.4000244140625,927.6581,655.96906,39.564983,0.7164778
2022-03-29 21:00:00,777.0,113.0,695.0,688.9169,522.3301,47.10837,0.78084755
2022-03-29 22:00:00,412.79998779296875,0.0,412.6000061035156,436.7301,375.65106,56.871452,0.90213424
2022-03-29 23:00:00,301.5,0.0,301.5,222.32552,221.65706,67.797,0.9971205
2022-03-30 00:00:00,153.10000610351562,0.0,153.10000610351562,72.17358,72.28003,79.23404,0.99993896
2022-03-30 01:00:00,20.399999618530273,0.0,20.399999618530273,6.225103,6.259717,90.73267,0.48333332
2022-03-30 02:00:00,0.0,0.0,0.0,-0.38428977,-0.21584684,102.3906,0.0
2022-03-30 03:00:00,0.0,0.0,0.0,-0.5410016,-0.30569938,113.267426,0.0
2022-03-30 04:00:00,0.0,0.0,0.0,-0.33321428,-0.28325,123.06536,0.0
2022-03-30 05:00:00,0.0,0.0,0.0,-0.21579345,-0.18147463,130.99474,0.0
2022-03-30 06:00:00,0.0,0.0,0.0,-0.22679137,-0.42612275,135.95406,0.0
2022-03-30 07:00:00,0.0,0.0,0.0,-0.19256939,-0.6351392,136.88292,0.0
2022-03-30 08:00:00,0.0,0.0,0.0,-0.15576951,-0.7102833,133.5377,0.0
2022-03-30 09:00:00,0.0,0.0,0.0,-0.1975765,-0.34280115,126.722755,0.0
2022-03-30 10:00:00,0.0,0.0,0.0,-0.26117602,-0.5154396,117.59899,0.0
2022-03-30 11:00:00,0.0,0.0,0.0,-0.73584664,-0.30026144,107.09731,0.0
2022-03-30 12:00:00,0.0,0.0,0.0,0.12190408,0.17585297,95.74242,0.06662127
2022-03-30 13:00:00,0.0,0.0,0.0,47.680527,47.494453,84.04064,0.9955805
2022-03-30 14:00:00,187.60000610351562,381.29998779296875,113.80000305175781,269.838,198.25447,72.563835,0.79557264
2022-03-30 15:00:00,417.29998779296875,890.0,74.4000015258789,477.43036,369.5883,61.31783,0.8137313
2022-03-30 16:00:00,632.7999877929688,976.0,92.9000015258789,655.9362,316.00342,50.9067,0.55424803
2022-03-30 17:00:00,770.0,696.0,292.6000061035156,854.05524,375.94348,42.178112,0.47854292
2022-03-30 18:00:00,927.0,1055.0,110.0999984741211,939.6015,336.23895,36.49503,0.38421214
2022-03-30 19:00:00,969.0,1047.0,117.5999984741211,677.08685,430.6303,35.38729,0.76178616
2022-03-30 20:00:00,908.0,685.0,361.6000061035156,583.7155,420.55994,39.24054,0.7879935
2022-03-30 21:00:00,872.4000244140625,994.0,144.89999389648438,815.2389,260.31708,46.841877,0.32672375
2022-03-30 22:00:00,490.79998779296875,0.0,490.5,583.2576,323.31934,56.64814,0.5940231
2022-03-30 23:00:00,439.79998779296875,261.0,318.3999938964844,238.32622,201.13678,67.59975,0.91780406
2022-03-31 00:00:00,257.1000061035156,282.0,177.5,76.152824,76.14604,79.04941,0.9994366
2022-03-31 01:00:00,64.9000015258789,493.0,23.600000381469727,8.048685,8.093699,90.542404,0.5
2022-03-31 02:00:00,0.0,0.0,0.0,-0.5004517,-0.5723774,102.19011,0.0
2022-03-31 03:00:00,0.0,0.0,0.0,-0.11377868,-0.49636367,113.04163,0.0
2022-03-31 04:00:00,0.0,0.0,0.0,0.046879314,-0.5888307,122.80112,0.0
2022-03-31 05:00:00,0.0,0.0,0.0,0.054351866,-0.71565086,130.681,0.0
2022-03-31 06:00:00,0.0,0.0,0.0,-0.02655525,-0.59046364,135.59113,0.0
2022-03-31 07:00:00,0.0,0.0,0.0,0.08221267,-0.6771856,136.49164,0.0
2022-03-31 08:00:00,0.0,0.0,0.0,0.15993318,-0.8977433,133.14949,0.0
2022-03-31 09:00:00,0.0,0.0,0.0,0.15336438,-0.92729837,126.35731,0.0
2022-03-31 10:00:00,0.0,0.0,0.0,0.13868923,-0.86772096,117.25954,0.0
2022-03-31 11:00:00,0.0,0.0,0.0,-0.01452226,-1.1123067,106.77856,0.0
2022-03-31 12:00:00,0.0,0.0,0.0,0.76405734,0.31934568,95.42238,0.08325911
2022-03-31 13:00:00,0.0,0.0,0.0,52.858948,50.11103,83.75161,0.97555834
2022-03-31 14:00:00,190.39999389648438,696.5999755859375,51.900001525878906,317.35422,94.484985,72.25973,0.30710953
2022-03-31 15:00:00,426.1000061035156,898.0,75.80000305175781,550.96027,89.97562,60.999763,0.16517107
2022-03-31 16:00:00,640.5,982.0,92.69999694824219,743.0373,106.4141,50.565186,0.14288656
2022-03-31 17:00:00,776.0,636.0,337.29998779296875,894.96405,154.31494,41.806694,0.17191343
2022-03-31 18:00:00,882.0,483.0,505.70001220703125,875.8029,408.38898,36.1032,0.47350836
2022-03-31 19:00:00,960.0,720.0,372.79998779296875,833.2621,572.5285,35.011696,0.68831915
2022-03-31 20:00:00,934.0,506.0,527.7000122070312,793.4495,448.45416,38.918114,0.5742976
2022-03-31 21:00:00,862.0,963.0,153.6999969482422,671.9513,404.68552,46.577515,0.64190024
2022-03-31 22:00:00,716.4000244140625,1001.0,94.0999984741211,552.9401,346.93585,56.426624,0.63062733
2022-03-31 23:00:00,439.20001220703125,184.0,352.8999938964844,250.50034,167.73776,67.40381,0.78591347
2022-04-01 00:00:00,140.6999969482422,0.0,140.6999969482422,102.9762,105.60857,78.86558,0.9936451
2022-04-01 01:00:00,30.100000381469727,0.0,30.100000381469727,9.236104,9.223003,90.352646,0.5164785
2022-04-01 02:00:00,0.0,0.0,0.0,-0.5864697,-0.60005337,101.989716,0.0
2022-04-01 03:00:00,0.0,0.0,0.0,-0.5024391,-0.51240855,112.81567,0.0
2022-04-01 04:00:00,0.0,0.0,0.0,-0.49315843,-0.39761624,122.536644,0.0
2022-04-01 05:00:00,0.0,0.0,0.0,-0.5448361,-0.4869376,130.36739,0.0
2022-04-01 06:00:00,0.0,0.0,0.0,-0.2210914,-0.38148144,135.22888,0.0
2022-04-01 07:00:00,0.0,0.0,0.0,-0.15637769,-0.28462258,136.10158,0.0
2022-04-01 08:00:00,0.0,0.0,0.0,-0.030934114,-0.48032275,132.76254,0.0
2022-04-01 09:00:00,0.0,0.0,0.0,0.09176054,-0.6705381,125.99293,0.0
2022-04-01 10:00:00,0.0,0.0,0.0,-0.2550351,-0.5818178,116.920975,0.0
2022-04-01 11:00:00,0.0,0.0,0.0,-0.58389944,-0.31559718,106.46073,0.0
2022-04-01 12:00:00,0.0,0.0,0.0,0.39421716,0.46709195,95.10507,0.116213754
2022-04-01 13:00:00,0.0,0.0,0.0,38.600063,36.772575,83.462425,0.9804558
2022-04-01 14:00:00,130.8000030517578,0.699999988079071,130.6999969482422,282.682,211.73946,71.95713,0.77399254
2022-04-01 15:00:00,259.20001220703125,0.0,259.20001220703125,429.33575,320.8758,60.683445,0.8204868
2022-04-01 16:00:00,649.7999877929688,764.0,219.8000030517578,829.8815,243.82918,50.225517,0.3101099
2022-04-01 17:00:00,812.0,1019.0,103.9000015258789,946.3676,161.86078,41.436966,0.17127177
2022-04-01 18:00:00,927.0,1026.0,123.69999694824219,998.8195,131.76346,35.712803,0.131932
2022-04-01 19:00:00,958.0,899.0,220.0,996.86395,118.658356,34.6377,0.11902194
2022-04-01 20:00:00,965.0,1060.0,110.9000015258789,936.44586,109.79603,38.597782,0.117268905
2022-04-01 21:00:00,873.0,1039.0,105.4000015258789,791.70215,119.079544,46.315296,0.15766719
2022-04-01 22:00:00,722.5,1002.0,96.30000305175781,510.5488,183.97836,56.206913,0.44863942
2022-04-01 23:00:00,522.2999877929688,903.0,96.5999984741211,288.64865,113.42339,67.2092,0.62327886
2022-04-02 00:00:00,293.70001220703125,790.0,65.4000015258789,74.61757,74.807915,78.6825,0.99881357
2022-04-02 01:00:00,67.5,409.0,30.600000381469727,15.627168,12.655204,90.16335,0.49999574
2022-04-02 02:00:00,0.0,0.0,0.0,-0.33386514,-0.9170475,101.78939,0.0
2022-04-02 03:00:00,0.0,0.0,0.0,-0.36907032,-1.1645896,112.589554,0.0
2022-04-02 04:00:00,0.0,0.0,0.0,-0.07464668,-1.0565969,122.27202,0.0
2022-04-02 05:00:00,0.0,0.0,0.0,0.1422162,-0.8676788,130.05391,0.0
2022-04-02 06:00:00,0.0,0.0,0.0,-0.16695817,-0.9995519,134.86748,0.0
2022-04-02 07:00:00,0.0,0.0,0.0,0.10572393,-0.82749623,135.7129,0.0
2022-04-02 08:00:00,0.0,0.0,0.0,0.23145981,-0.62716025,132.37701,0.0
2022-04-02 09:00:00,0.0,0.0,0.0,0.028936096,-1.0113186,125.629715,0.0
2022-04-02 10:00:00,0.0,0.0,0.0,0.124359034,-0.85858893,116.58347,0.0
2022-04-02 11:00:00,0.0,0.0,0.0,0.012212012,-0.84434825,106.14399,0.0
2022-04-02 12:00:00,0.0,0.0,0.0,0.7656182,0.44517466,94.78977,0.13281403
2022-04-02 13:00:00,0.0,0.0,0.0,33.963734,28.582438,83.173454,0.95405143
2022-04-02 14:00:00,199.6999969482422,697.2000122070312,53.79999923706055,221.17484,116.221565,71.656166,0.6091108
2022-04-02 15:00:00,433.29998779296875,888.0,77.9000015258789,409.4891,350.99997,60.36901,0.90126824
2022-04-02 16:00:00,643.0,970.0,92.5999984741211,790.4125,504.672,49.88783,0.6704619
2022-04-02 17:00:00,808.0,1008.0,103.5,615.9538,536.27893,41.069077,0.8949183
2022-04-02 18:00:00,920.0,1029.0,110.5999984741211,461.62137,455.95123,35.323936,0.9891426
2022-04-02 19:00:00,967.0,1037.0,111.80000305175781,507.0413,449.4189,34.2654,0.92990494
2022-04-02 20:00:00,943.0,1032.0,108.5999984741211,726.7145,399.14047,38.279613,0.62995464
2022-04-02 21:00:00,857.0,1019.0,101.0999984741211,818.42346,211.25272,46.05527,0.27936223
2022-04-02 22:00:00,713.9000244140625,990.0,92.19999694824219,494.23962,181.60382,55.989014,0.49091163
2022-04-02 23:00:00,514.5,912.0,81.69999694824219,351.25043,230.4573,67.01591,0.7659846
2022-04-03 00:00:00,288.6000061035156,749.0,70.0,78.674675,78.71875,78.50025,0.9992763
2022-04-03 01:00:00,36.79999923706055,0.0,36.79999923706055,9.480129,9.344413,89.97457,0.5492976
2022-04-03 02:00:00,0.0,0.0,0.0,-0.452869,-0.2395553,101.58914,0.0
2022-04-03 03:00:00,0.0,0.0,0.0,-0.5554631,-0.8068395,112.36332,0.0
2022-04-03 04:00:00,0.0,0.0,0.0,-0.6068873,-0.7065245,122.00728,0.0
2022-04-03 05:00:00,0.0,0.0,0.0,-0.35755584,-1.035787,129.74068,0.0
2022-04-03 06:00:00,0.0,0.0,0.0,-0.20473877,-0.9283868,134.507,0.0
2022-04-03 07:00:00,0.0,0.0,0.0,-0.36469078,-0.7219059,135.32565,0.0
2022-04-03 08:00:00,0.0,0.0,0.0,-0.13723244,-0.35359755,131.99298,0.0
2022-04-03 09:00:00,0.0,0.0,0.0,-0.37356386,-0.34256437,125.267815,0.0
2022-04-03 10:00:00,0.0,0.0,0.0,-0.53368396,-0.03641927,116.247154,0.0
2022-04-03 11:00:00,0.0,0.0,0.0,-0.61541307,-0.7376673,105.82845,0.0
2022-04-03 12:00:00,0.0,0.0,0.0,0.41835007,0.5346643,94.47765,0.1661188
2022-04-03 13:00:00,0.0,0.0,0.0,36.265907,36.04456,82.884995,0.99307275
2022-04-03 14:00:00,104.0,0.0,104.0,118.26395,116.32632,71.356964,0.9838256
2022-04-03 15:00:00,193.6999969482422,0.0,193.6999969482422,182.48782,180.49852,60.056595,0.98892295
2022-04-03 16:00:00,508.79998779296875,40.0,486.1000061035156,245.24898,240.58038,49.552273,0.9861162
2022-04-03 17:00:00,250.0,0.0,250.3000030517578,203.57066,202.88344,40.703167,0.9950953
2022-04-03 18:00:00,744.0,76.0,684.0,417.901,403.1782,34.936733,0.9747046
2022-04-03 19:00:00,775.0,48.0,734.7000122070312,390.3616,387.61664,33.89488,0.99332404
2022-04-03 20:00:00,385.0,0.0,384.6000061035156,567.82965,550.4146,37.963657,0.98043185
2022-04-03 21:00:00,548.0,0.0,547.9000244140625,521.3161,475.60016,45.79746,0.91649956
2022-04-03 22:00:00,497.1000061035156,6.0,493.0,339.99524,330.9878,55.77294,0.97711307
2022-04-03 23:00:00,402.29998779296875,31.0,387.6000061035156,226.44858,223.86076,66.823944,0.99011046
2022-04-04 00:00:00,242.6999969482422,127.0,205.1999969482422,99.251305,99.27051,78.31876,0.9996349
2022-04-04 01:00:00,49.79999923706055,0.0,49.79999923706055,12.601211,12.623383,89.786255,0.56666666
2022-04-04 02:00:00,0.0,0.0,0.0,-0.5627254,-0.92571217,101.38903,0.0
2022-04-04 03:00:00,0.0,0.0,0.0,-0.59800154,-0.72603667,112.13701,0.0
2022-04-04 04:00:00,0.0,0.0,0.0,-0.37153196,-0.64207244,121.74247,0.0
2022-04-04 05:00:00,0.0,0.0,0.0,-0.3660486,-0.6031284,129.42778,0.0
2022-04-04 06:00:00,0.0,0.0,0.0,-0.19154865,-0.7761763,134.14752,0.0
2022-04-04 07:00:00,0.0,0.0,0.0,-0.27010718,-0.80933166,134.94,0.0
2022-04-04 08:00:00,0.0,0.0,0.0,-0.11570254,-0.8033865,131.61058,0.0
2022-04-04 09:00:00,0.0,0.0,0.0,-0.10669447,-0.7356344,124.90735,0.0
2022-04-04 10:00:00,0.0,0.0,0.0,-0.054728385,-0.9936384,115.91214,0.0
2022-04-04 11:00:00,0.0,0.0,0.0,-0.07333826,-1.0165515,105.51425,0.0
2022-04-04 12:00:00,0.0,0.0,0.0,0.7388586,0.53847414,94.16721,0.18209292
2022-04-04 13:00:00,0.0,0.0,0.0,72.72242,64.65154,82.59734,0.9543847
2022-04-04 14:00:00,211.0,721.5,52.599998474121094,294.02844,97.558266,71.05968,0.42437562
2022-04-04 15:00:00,445.20001220703125,907.0,73.19999694824219,576.4694,91.932335,59.746323,0.16071245
2022-04-04 16:00:00,658.0999755859375,994.0,84.9000015258789,770.506,101.67373,49.218967,0.13232931
2022-04-04 17:00:00,826.0,1034.0,93.9000015258789,912.2499,112.3106,40.33934,0.12317573
2022-04-04 18:00:00,943.0,1058.0,101.5999984741211,993.5995,118.49846,34.551308,0.119262606
2022-04-04 19:00:00,988.0,1064.0,102.4000015258789,1001.9181,125.67918,33.526234,0.12546685
2022-04-04 20:00:00,957.0,1033.0,114.19999694824219,843.95483,426.98724,37.649986,0.5338293
2022-04-04 21:00:00,846.0,751.0,283.70001220703125,676.3573,500.11404,45.541893,0.7575771
2022-04-04 22:00:00,654.9000244140625,486.0,346.6000061035156,522.27576,364.06067,55.558697,0.734178
2022-04-04 23:00:00,500.29998779296875,681.0,173.1999969482422,206.87692,205.92969,66.633286,0.99601996
2022-04-05 00:00:00,258.70001220703125,339.0,157.60000610351562,74.84553,74.707344,78.13807,0.9983265
2022-04-05 01:00:00,58.0,185.0,39.5,7.0377398,7.019318,89.59843,0.5826967
2022-04-05 02:00:00,0.0,0.0,0.0,-0.40229237,-0.3847304,101.18903,0.0
2022-04-05 03:00:00,0.0,0.0,0.0,-0.602268,-0.2299479,111.91065,0.0
2022-04-05 04:00:00,0.0,0.0,0.0,-0.63474977,-0.41788787,121.47768,0.0
2022-04-05 05:00:00,0.0,0.0,0.0,-0.58668584,-0.33361,129.11526,0.0
2022-04-05 06:00:00,0.0,0.0,0.0,-0.7370067,-0.36290509,133.78912,0.0
2022-04-05 07:00:00,0.0,0.0,0.0,-0.72275347,-0.47012213,134.556,0.0
2022-04-05 08:00:00,0.0,0.0,0.0,-0.658211,-0.38931474,131.22992,0.0
2022-04-05 09:00:00,0.0,0.0,0.0,-0.69175446,-0.3733519,124.54846,0.0
2022-04-05 10:00:00,0.0,0.0,0.0,-0.5750312,-0.3839757,115.57858,0.0
2022-04-05 11:00:00,0.0,0.0,0.0,-0.50808007,-0.48265028,105.201515,0.0
2022-04-05 12:00:00,0.0,0.0,0.0,0.007318745,0.005678042,93.85986,0.21520692
2022-04-05 13:00:00,0.0,0.0,0.0,14.183143,14.228152,82.31076,0.9987656
2022-04-05 14:00:00,56.29999923706055,0.0,56.29999923706055,70.689835,70.46607,70.76441,0.99654263
2022-04-05 15:00:00,161.5,0.0,161.5,125.69418,124.56272,59.43832,0.9904499
2022-04-05 16:00:00,113.5,0.0,113.5,182.0787,182.0559,48.888042,0.9974764
2022-04-05 17:00:00,180.0,0.0,180.1999969482422,178.45734,177.7919,39.97776,0.99482954
2022-04-05 18:00:00,205.0,0.0,204.5,209.82138,208.95322,34.16776,0.99456114
2022-04-05 19:00:00,664.0,4.0,660.0,202.1469,201.20728,33.159554,0.9946258
2022-04-05 20:00:00,316.0,0.0,316.3999938964844,223.81383,221.37694,37.338657,0.9892527
2022-04-05 21:00:00,441.0,0.0,441.1000061035156,201.4328,200.02644,45.288597,0.9926916
2022-04-05 22:00:00,579.5,92.0,521.0999755859375,141.86504,141.3925,55.34629,0.9962835
2022-04-05 23:00:00,526.4000244140625,941.0,71.4000015258789,134.13026,133.77568,66.44395,0.9970544
2022-04-06 00:00:00,302.20001220703125,798.0,61.79999923706055,86.085594,86.19152,77.958176,0.99992394
2022-04-06 01:00:00,78.5999984741211,449.0,32.5,11.844156,11.869355,89.41111,0.6
2022-04-06 02:00:00,0.0,0.0,0.0,-0.713212,-0.7956354,100.98917,0.0
2022-04-06 03:00:00,0.0,0.0,0.0,-0.78350925,-1.0424204,111.68427,0.0
2022-04-06 04:00:00,0.0,0.0,0.0,-0.285508,-1.1233406,121.212944,0.0
2022-04-06 05:00:00,0.0,0.0,0.0,0.0981112,-1.0177327,128.80322,0.0
2022-04-06 06:00:00,0.0,0.0,0.0,-0.018959828,-1.0624168,133.43193,0.0
2022-04-06 07:00:00,0.0,0.0,0.0,0.13259275,-0.7233944,134.17378,0.0
2022-04-06 08:00:00,0.0,0.0,0.0,0.13484675,-0.8147194,130.85115,0.0
2022-04-06 09:00:00,0.0,0.0,0.0,0.02775842,-0.7657404,124.19128,0.0
2022-04-06 10:00:00,0.0,0.0,0.0,-0.017681899,-0.6403124,115.24662,0.0
2022-04-06 11:00:00,0.0,0.0,0.0,-0.5555974,-0.38650635,104.89039,0.0
2022-04-06 12:00:00,0.0,0.0,0.0,2.5713983,2.6483448,93.55423,0.23239258
2022-04-06 13:00:00,0.0,0.0,0.0,91.82317,89.18737,82.02547,0.96044075
2022-04-06 14:00:00,227.0,765.4000244140625,51.20000076293945,363.2617,73.90703,70.471306,0.22471571
2022-04-06 15:00:00,460.5,932.0,69.19999694824219,605.9444,78.15404,59.132732,0.12972336
2022-04-06 16:00:00,674.2000122070312,1015.0,79.5,800.55945,92.49584,48.559643,0.11567913
2022-04-06 17:00:00,841.0,1013.0,114.69999694824219,942.62897,101.52575,39.61853,0.10776898
2022-04-06 18:00:00,952.0,1011.0,140.1999969482422,1017.38934,105.92981,33.78621,0.10412435
2022-04-06 19:00:00,992.0,963.0,183.1999969482422,1021.95215,104.4832,32.79492,0.10223576
2022-04-06 20:00:00,959.0,909.0,210.1999969482422,961.823,97.16041,37.029724,0.101021014
2022-04-06 21:00:00,888.0,1055.0,91.80000305175781,835.4159,86.66918,45.037605,0.10382235
2022-04-06 22:00:00,739.7000122070312,1019.0,86.80000305175781,658.46576,73.10946,55.135727,0.11120655
2022-04-06 23:00:00,543.0,958.0,76.9000015258789,289.89206,52.23213,66.25591,0.4905372
2022-04-07 00:00:00,313.8999938964844,826.0,62.5,30.96964,30.963743,77.77906,0.9987743
2022-04-07 01:00:00,84.5,482.0,33.5,7.9809394,7.9722047,89.224266,0.6161691
2022-04-07 02:00:00,0.0,0.0,0.0,0.011240425,-0.8762434,100.789474,0.0
2022-04-07 03:00:00,0.0,0.0,0.0,0.19953898,-1.0121909,111.45791,0.0
2022-04-07 04:00:00,0.0,0.0,0.0,0.24282913,-0.8675956,120.948326,0.0
2022-04-07 05:00:00,0.0,0.0,0.0,0.2398724,-0.8553245,128.49178,0.0
2022-04-07 06:00:00,0.0,0.0,0.0,0.29710922,-0.76773447,133.07602,0.0
2022-04-07 07:00:00,0.0,0.0,0.0,0.26230648,-0.8767224,133.79341,0.0
2022-04-07 08:00:00,0.0,0.0,0.0,0.22365747,-0.90976554,130.47435,0.0
2022-04-07 09:00:00,0.0,0.0,0.0,0.12725265,-1.057664,123.83594,0.0
2022-04-07 10:00:00,0.0,0.0,0.0,0.20050374,-0.924453,114.91638,0.0
2022-04-07 11:00:00,0.0,0.0,0.0,0.24570425,-0.8958665,104.58103,0.0
2022-04-07 12:00:00,0.0,0.0,0.0,2.2875314,1.9251155,93.25172,0.26489484
2022-04-07 13:00:00,0.0,0.0,0.0,55.341915,30.533949,81.74167,0.877404
2022-04-07 14:00:00,231.0,754.5999755859375,53.900001525878906,374.963,57.749752,70.18049,0.15689164
2022-04-07 15:00:00,464.20001220703125,926.4000244140625,70.69999694824219,602.12823,73.343994,58.82967,0.12241564
2022-04-07 16:00:00,673.0,1005.0,79.9000015258789,794.30133,86.01201,48.233894,0.10844758
2022-04-07 17:00:00,839.0,1044.0,86.0,933.8411,94.83725,39.261803,0.10158567
2022-04-07 18:00:00,948.0,1062.0,90.80000305175781,1010.8226,100.10122,33.406765,0.09903691
2022-04-07 19:00:00,993.0,1063.0,96.5,1018.9264,98.295815,32.432426,0.09646516
2022-04-07 20:00:00,970.0,1062.0,91.69999694824219,959.3641,91.83109,36.723248,0.09572331
2022-04-07 21:00:00,882.0,1045.0,89.0999984741211,834.12683,81.62614,44.78893,0.09792222
2022-04-07 22:00:00,732.7000122070312,1008.0,84.0,656.8267,68.93253,54.927,0.105220184
2022-04-07 23:00:00,538.0,945.0,75.4000015258789,293.18088,51.73258,66.0692,0.47667134
2022-04-08 00:00:00,314.1000061035156,820.0,62.099998474121094,31.472721,31.550005,77.60074,0.99989426
2022-04-08 01:00:00,86.30000305175781,480.0,34.0,8.297226,8.232397,89.037926,0.63329023
2022-04-08 02:00:00,0.0,0.0,0.0,-0.31781137,-0.9162396,100.58996,0.0
2022-04-08 03:00:00,0.0,0.0,0.0,0.15565689,-1.0062574,111.23162,0.0
2022-04-08 04:00:00,0.0,0.0,0.0,0.2120885,-0.96904635,120.683876,0.0
2022-04-08 05:00:00,0.0,0.0,0.0,0.20884362,-1.0044597,128.18097,0.0
2022-04-08 06:00:00,0.0,0.0,0.0,0.18577243,-1.0212724,132.72151,0.0
2022-04-08 07:00:00,0.0,0.0,0.0,0.19837388,-0.9560429,133.41505,0.0
2022-04-08 08:00:00,0.0,0.0,0.0,0.2183644,-0.9186761,130.09967,0.0
2022-04-08 09:00:00,0.0,0.0,0.0,-0.021539442,-0.92529196,123.48254,0.0
2022-04-08 10:00:00,0.0,0.0,0.0,-0.1934534,-1.2718654,114.58799,0.0
2022-04-08 11:00:00,0.0,0.0,0.0,-0.36056462,-0.86213034,104.27351,0.0
2022-04-08 12:00:00,0.0,0.0,0.0,2.410418,2.2719212,92.95109,0.29903919
2022-04-08 13:00:00,0.0,0.0,0.0,57.615295,31.184399,81.45959,0.8729978
2022-04-08 14:00:00,233.39999389648438,749.5999755859375,53.70000076293945,373.47247,58.981144,69.89207,0.16085365
2022-04-08 15:00:00,463.5,913.7000122070312,71.0,599.751,76.486435,58.529285,0.1279629
2022-04-08 16:00:00,670.0,987.0,82.80000305175781,780.3625,90.99381,47.91094,0.11678739
2022-04-08 17:00:00,832.0,1023.0,90.0,916.4239,97.41526,38.9077,0.106401
2022-04-08 18:00:00,939.0,1042.0,93.0999984741211,989.94836,99.89864,33.029552,0.10091813
2022-04-08 19:00:00,982.0,1047.0,95.5999984741211,998.0568,98.082565,32.072155,0.098274134
2022-04-08 20:00:00,958.0,1040.0,95.19999694824219,933.1302,95.56583,36.419285,0.10246329
2022-04-08 21:00:00,870.0,1021.0,92.9000015258789,818.34283,86.49393,44.542595,0.10574553
2022-04-08 22:00:00,724.5,986.0,87.19999694824219,646.1625,72.62296,54.72011,0.11265281
2022-04-08 23:00:00,531.0,920.0,78.30000305175781,292.5848,52.144108,65.88378,0.46984223
2022-04-09 00:00:00,307.6000061035156,785.0,64.0,31.043612,31.073969,77.42322,0.99765766
2022-04-09 01:00:00,85.4000015258789,450.0,35.0,8.388797,8.367651,88.852066,0.6489114
2022-04-09 02:00:00,0.0,0.0,0.0,-0.32753578,-1.2271978,100.39066,0.0
2022-04-09 03:00:00,0.0,0.0,0.0,-0.36694846,-1.1962059,111.005424,0.0
2022-04-09 04:00:00,0.0,0.0,0.0,-0.21664454,-0.81332076,120.41969,0.0
2022-04-09 05:00:00,0.0,0.0,0.0,0.12733461,-0.889808,127.870865,0.0
2022-04-09 06:00:00,0.0,0.0,0.0,0.060302157,-0.91462785,132.36848,0.0
2022-04-09 07:00:00,0.0,0.0,0.0,0.009979968,-0.76820374,133.03877,0.0
2022-04-09 08:00:00,0.0,0.0,0.0,0.04324309,-0.8183903,129.72719,0.0
2022-04-09 09:00:00,0.0,0.0,0.0,0.080440015,-0.77140695,123.13122,0.0
2022-04-09 10:00:00,0.0,0.0,0.0,-0.01878235,-0.93446,114.261566,0.0
2022-04-09 11:00:00,0.0,0.0,0.0,-0.3160507,-0.7500144,103.96801,0.0
2022-04-09 12:00:00,0.0,0.0,0.0,2.1875355,2.1967998,92.65365,0.31409767
2022-04-09 13:00:00,0.0,0.0,0.0,62.02309,33.15705,81.17939,0.8623439
2022-04-09 14:00:00,232.3000030517578,719.2999877929688,56.20000076293945,371.33072,97.92692,69.606186,0.26264513
2022-04-09 15:00:00,459.70001220703125,880.0,77.5999984741211,575.98846,214.9399,58.231663,0.38265216
2022-04-09 16:00:00,663.0999755859375,924.0,109.30000305175781,705.447,337.82062,47.59089,0.50377786
2022-04-09 17:00:00,829.0,1018.0,86.5999984741211,845.78436,384.2041,38.556343,0.46885827
2022-04-09 18:00:00,939.0,1034.0,96.4000015258789,958.8391,449.3788,32.654675,0.5004274
2022-04-09 19:00:00,966.0,880.0,218.5,683.4355,590.7807,31.71419,0.87117577
2022-04-09 20:00:00,946.0,895.0,199.89999389648438,737.8918,531.16516,36.117874,0.75185835
2022-04-09 21:00:00,864.0,939.0,145.6999969482422,639.1409,365.35504,44.298626,0.62433296
2022-04-09 22:00:00,727.9000244140625,985.0,88.19999694824219,627.2858,189.95604,54.51508,0.33306262
2022-04-09 23:00:00,538.7000122070312,931.0,77.30000305175781,318.55392,152.30643,65.69965,0.6484986
2022-04-10 00:00:00,305.79998779296875,666.0,97.30000305175781,81.87693,81.72197,77.246475,0.9979707
2022-04-10 01:00:00,56.79999923706055,13.0,55.29999923706055,6.356485,6.3374095,88.66673,0.6642775
2022-04-10 02:00:00,0.0,0.0,0.0,-0.5811569,-0.61831117,100.191574,0.0
2022-04-10 03:00:00,0.0,0.0,0.0,-0.5789356,-0.62540823,110.77939,0.0
2022-04-10 04:00:00,0.0,0.0,0.0,-0.3739095,-0.52786994,120.155815,0.0
2022-04-10 05:00:00,0.0,0.0,0.0,-0.49075562,-0.62747663,127.56159,0.0
2022-04-10 06:00:00,0.0,0.0,0.0,-0.21050853,-0.3767288,132.01701,0.0
2022-04-10 07:00:00,0.0,0.0,0.0,-0.39227247,-0.2834218,132.66467,0.0
2022-04-10 08:00:00,0.0,0.0,0.0,-0.41657582,-0.46195763,129.35704,0.0
2022-04-10 09:00:00,0.0,0.0,0.0,-0.3661447,-0.6019829,122.782135,0.0
2022-04-10 10:00:00,0.0,0.0,0.0,-0.361647,-0.57709277,113.937256,0.0
2022-04-10 11:00:00,0.0,0.0,0.0,-0.40426558,-0.6036993,103.66462,0.0
2022-04-10 12:00:00,0.0,0.0,0.0,4.2895627,4.3014917,92.35822,0.34922487
2022-04-10 13:00:00,0.0,0.0,0.0,92.394516,78.575935,80.90125,0.9876894
2022-04-10 14:00:00,229.0,707.2999877929688,52.400001525878906,360.02744,148.79468,69.32297,0.4808856
2022-04-10 15:00:00,482.1000061035156,925.0,76.0,603.64343,264.6469,57.936954,0.4390046
2022-04-10 16:00:00,710.0,972.0,122.69999694824219,783.16895,129.70981,47.27388,0.1773717
2022-04-10 17:00:00,858.0,1020.0,109.80000305175781,939.52856,108.986824,38.207882,0.11603717
2022-04-10 18:00:00,964.0,1020.0,128.89999389648438,1013.7918,116.36901,32.282238,0.11478686
2022-04-10 19:00:00,1007.0,1024.0,132.39999389648438,1021.1869,166.34904,31.358614,0.1636419
2022-04-10 20:00:00,982.0,1025.0,124.30000305175781,883.55774,314.21475,35.819073,0.3667577
2022-04-10 21:00:00,883.0,914.0,180.8000030517578,567.8897,448.40506,44.057026,0.8068108
2022-04-10 22:00:00,698.0999755859375,873.0,128.8000030517578,383.08588,365.3116,54.31188,0.956601
2022-04-10 23:00:00,480.5,788.0,87.69999694824219,208.09459,206.97647,65.51682,0.9950278
2022-04-11 00:00:00,325.70001220703125,821.0999755859375,66.19999694824219,88.76899,88.69766,77.07053,0.9988533
2022-04-11 01:00:00,87.80000305175781,230.0,60.20000076293945,13.176548,13.163723,88.481895,0.6822774
2022-04-11 02:00:00,0.0,0.0,0.0,-0.56132656,-0.6444849,99.99275,0.0
2022-04-11 03:00:00,0.0,0.0,0.0,-0.39217764,-0.7157885,110.55351,0.0
2022-04-11 04:00:00,0.0,0.0,0.0,-0.15661229,-0.88936484,119.89232,0.0
2022-04-11 05:00:00,0.0,0.0,0.0,-0.20566538,-1.03776,127.25321,0.0
2022-04-11 06:00:00,0.0,0.0,0.0,-0.18706268,-0.83832526,131.66724,0.0
2022-04-11 07:00:00,0.0,0.0,0.0,-0.16325594,-0.52310425,132.29288,0.0
2022-04-11 08:00:00,0.0,0.0,0.0,-0.18216924,-0.5738666,128.98936,0.0
2022-04-11 09:00:00,0.0,0.0,0.0,-0.24810682,-0.46055895,122.43538,0.0
2022-04-11 10:00:00,0.0,0.0,0.0,-0.41415402,-0.32413873,113.61519,0.0
2022-04-11 11:00:00,0.0,0.0,0.0,-0.325644,-0.5955391,103.36347,0.0
2022-04-11 12:00:00,0.0,0.0,0.0,4.3393984,4.429889,92.06614,0.3644557
2022-04-11 13:00:00,22.399999618530273,0.0,22.399999618530273,66.13623,65.54845,80.62532,0.99154556
2022-04-11 14:00:00,231.8000030517578,321.8999938964844,149.89999389648438,157.87787,155.64009,69.04251,0.9859547
2022-04-11 15:00:00,398.5,125.0,343.20001220703125,285.50934,282.22717,57.645267,0.98857707
2022-04-11 16:00:00,639.0,168.0,536.9000244140625,470.50998,449.16763,46.960037,0.9571839
2022-04-11 17:00:00,840.0,783.0,262.5,613.299,563.28656,37.862427,0.92795694
2022-04-11 18:00:00,968.0,1038.0,114.9000015258789,792.3069,569.5067,31.912363,0.73542935
2022-04-11 19:00:00,1013.0,970.0,181.89999389648438,656.4539,572.2845,31.005507,0.8952646
2022-04-11 20:00:00,983.0,775.0,332.0,382.41513,378.75272,35.522938,0.99203163
2022-04-11 21:00:00,766.0,14.0,754.9000244140625,267.23224,265.63464,43.81783,0.99390346
2022-04-11 22:00:00,746.9000244140625,784.0,233.3000030517578,183.8238,182.44875,54.11053,0.99230874
2022-04-11 23:00:00,496.8999938964844,261.0,365.8999938964844,142.80319,141.8537,65.33529,0.99351203
2022-04-12 00:00:00,251.3000030517578,36.0,239.8000030517578,70.853676,70.57705,76.89541,0.99641216
2022-04-12 01:00:00,58.5,0.0,58.5,8.382451,8.37631,88.29759,0.69883704
2022-04-12 02:00:00,0.0,0.0,0.0,-0.5847753,-0.634586,99.79419,0.0
2022-04-12 03:00:00,0.0,0.0,0.0,-0.39089864,-0.63982844,110.32788,0.0
2022-04-12 04:00:00,0.0,0.0,0.0,-0.3255857,-0.38295743,119.62926,0.0
2022-04-12 05:00:00,0.0,0.0,0.0,-0.73105955,-0.7743289,126.945816,0.0
2022-04-12 06:00:00,0.0,0.0,0.0,-0.5084109,-0.41957933,131.31921,0.0
2022-04-12 07:00:00,0.0,0.0,0.0,-0.9434963,-0.46478406,131.92346,0.0
2022-04-12 08:00:00,0.0,0.0,0.0,-0.84945935,-0.54433763,128.62424,0.0
2022-04-12 09:00:00,0.0,0.0,0.0,-0.27171344,-0.46823686,122.09108,0.0
2022-04-12 10:00:00,0.0,0.0,0.0,0.18695399,0.034379497,113.29546,0.0
2022-04-12 11:00:00,0.0,0.0,0.0,-0.15803431,-0.28582707,103.06469,0.0
2022-04-12 12:00:00,0.0,0.0,0.0,0.43998483,0.3097693,91.7762,0.3996928
2022-04-12 13:00:00,30.200000762939453,102.5999984741211,24.100000381469727,12.461044,12.275461,80.35178,0.981432
2022-04-12 14:00:00,250.6999969482422,686.7000122070312,72.5999984741211,80.02247,79.44655,68.764946,0.9932894
2022-04-12 15:00:00,439.8999938964844,524.0,205.3000030517578,206.82222,204.77242,57.35673,0.9903305
2022-04-12 16:00:00,660.0,553.0,321.6000061035156,551.277,518.11383,46.649487,0.97354174
2022-04-12 17:00:00,858.0,658.0,369.8999938964844,764.4814,613.49054,37.520103,0.8240305
2022-04-12 18:00:00,964.0,343.0,680.7000122070312,868.102,710.8759,31.545155,0.8354297
2022-04-12 19:00:00,1027.0,544.0,558.2999877929688,828.63873,727.77954,30.654957,0.89438695
2022-04-12 20:00:00,991.0,380.0,670.2999877929688,670.9044,612.8211,35.229507,0.9346714
2022-04-12 21:00:00,913.0,509.0,518.7999877929688,597.6418,503.48294,43.58104,0.8683211
2022-04-12 22:00:00,591.2000122070312,142.0,497.6000061035156,359.87558,344.22565,53.91102,0.9684244
2022-04-12 23:00:00,532.5,288.0,387.3999938964844,195.37616,192.52782,65.15504,0.98845047
2022-04-13 00:00:00,287.79998779296875,210.0,220.60000610351562,70.86529,70.91197,76.72107,0.9983333
2022-04-13 01:00:00,75.0,0.0,74.4000015258789,11.759139,11.704096,88.11381,0.71322376
2022-04-13 02:00:00,0.0,0.0,0.0,-0.29852098,-0.71309316,99.595924,0.0
2022-04-13 03:00:00,0.0,0.0,0.0,-0.115388274,-0.6293866,110.10252,0.0
2022-04-13 04:00:00,0.0,0.0,0.0,-0.17356376,-0.6650553,119.3667,0.0
2022-04-13 05:00:00,0.0,0.0,0.0,-0.33387098,-0.34802067,126.63951,0.0
2022-04-13 06:00:00,0.0,0.0,0.0,-0.2234749,-0.4492408,130.97307,0.0
2022-04-13 07:00:00,0.0,0.0,0.0,-0.24177101,-0.25143492,131.55656,0.0
2022-04-13 08:00:00,0.0,0.0,0.0,-0.3518814,-0.359265,128.2618,0.0
2022-04-13 09:00:00,0.0,0.0,0.0,-0.09257238,-0.34830466,121.74937,0.0
2022-04-13 10:00:00,0.0,0.0,0.0,-0.11443362,-0.533184,112.97826,0.0
2022-04-13 11:00:00,0.0,0.0,0.0,-0.11957697,-0.46211433,102.76842,0.0
2022-04-13 12:00:00,0.0,0.0,0.0,1.0409496,1.1684089,91.48987,0.4035131
2022-04-13 13:00:00,27.899999618530273,0.0,27.799999237060547,27.4552,26.883093,80.08073,0.97777885
2022-04-13 14:00:00,193.0,3.700000047683716,192.0,118.20965,116.60948,68.49039,0.9861399
2022-04-13 15:00:00,432.3999938964844,72.0,399.70001220703125,160.81212,160.01955,57.071457,0.9953855
2022-04-13 16:00:00,627.0,66.0,586.5,201.6992,199.86447,46.342358,0.9913193
2022-04-13 17:00:00,653.0,0.0,652.7000122070312,274.52985,271.79745,37.181057,0.99008363
2022-04-13 18:00:00,1001.0,700.0,419.6000061035156,523.9043,488.26126,31.180729,0.95293015
2022-04-13 19:00:00,973.0,152.0,842.0,506.91003,487.50818,30.307037,0.9751641
2022-04-13 20:00:00,876.0,11.0,866.9000244140625,418.95465,415.59787,34.938828,0.99211705
2022-04-13 21:00:00,901.0,383.0,604.2000122070312,444.87347,438.12894,43.34666,0.98599267
2022-04-13 22:00:00,720.0,266.0,544.2000122070312,280.23642,278.06296,53.71336,0.99237865
2022-04-13 23:00:00,559.5,698.0,205.89999389648438,207.43423,206.39948,64.97606,0.9953384
2022-04-14 00:00:00,271.6000061035156,209.0,203.6999969482422,88.9489,88.8911,76.54752,0.9986421
2022-04-14 01:00:00,72.9000015258789,51.0,66.4000015258789,10.769433,10.758097,87.930565,0.7144283
2022-04-14 02:00:00,0.0,0.0,0.0,-0.6160885,-0.26552004,99.397995,0.0
2022-04-14 03:00:00,0.0,0.0,0.0,-0.8105437,-0.30057868,109.877495,0.0
2022-04-14 04:00:00,0.0,0.0,0.0,-0.3960082,-0.29060438,119.10471,0.0
2022-04-14 05:00:00,0.0,0.0,0.0,-0.14669795,-0.5714525,126.33436,0.0
2022-04-14 06:00:00,0.0,0.0,0.0,-0.038267102,-0.77718437,130.62888,0.0
2022-04-14 07:00:00,0.0,0.0,0.0,-0.19130757,-0.0674812,131.19223,0.0
2022-04-14 08:00:00,0.0,0.0,0.0,-0.17306262,-0.29920164,127.902115,0.0
2022-04-14 09:00:00,0.0,0.0,0.0,-0.22528394,-0.24749228,121.410324,0.0
2022-04-14 10:00:00,0.0,0.0,0.0,-0.27268547,-0.44246194,112.66363,0.0
2022-04-14 11:00:00,0.0,0.0,0.0,-0.72835374,-0.36434928,102.47475,0.0
2022-04-14 12:00:00,0.0,0.0,0.0,4.3635683,4.358614,91.20573,0.42681912
2022-04-14 13:00:00,35.099998474121094,3.9000000953674316,34.79999923706055,68.64234,67.76648,79.812386,0.98957807
2022-04-14 14:00:00,194.1999969482422,11.5,191.10000610351562,173.22697,170.40266,68.21894,0.9844925
2022-04-14 15:00:00,491.79998779296875,683.0,179.60000610351562,353.64127,341.19397,56.789566,0.96921897
2022-04-14 16:00:00,712.0999755859375,927.0,136.6999969482422,483.32135,462.87286,46.03876,0.96647805
2022-04-14 17:00:00,877.0,957.0,159.60000610351562,701.77527,631.75635,36.8454,0.90691495
2022-04-14 18:00:00,985.0,955.0,189.5,714.06445,683.9349,30.819191,0.9606707
2022-04-14 19:00:00,1030.0,1032.0,135.10000610351562,695.1436,654.2168,29.96183,0.9453978
2022-04-14 20:00:00,1001.0,961.0,184.8000030517578,620.7797,572.6287,34.650948,0.9285542
2022-04-14 21:00:00,782.0,54.0,739.5999755859375,420.8558,415.86258,43.114723,0.9886893
2022-04-14 22:00:00,755.0,857.0,186.1999969482422,377.549,355.04996,53.517517,0.94864494
2022-04-14 23:00:00,555.5999755859375,797.0,149.39999389648438,251.30946,240.59647,64.79836,0.96382785
2022-04-15 00:00:00,295.70001220703125,224.0,222.3000030517578,124.69253,124.506134,76.374794,0.9984951
2022-04-15 01:00:00,93.0,149.0,73.5999984741211,18.112335,18.058134,87.747856,0.73328644
2022-04-15 02:00:00,0.0,0.0,0.0,-0.42105424,-0.78651696,99.20044,0.0
2022-04-15 03:00:00,0.0,0.0,0.0,-0.5327332,-0.47554892,109.65284,0.0
2022-04-15 04:00:00,0.0,0.0,0.0,-0.33278105,-0.55967975,118.843376,0.0
2022-04-15 05:00:00,0.0,0.0,0.0,-0.36042678,-0.4933078,126.03043,0.0
2022-04-15 06:00:00,0.0,0.0,0.0,-0.18510415,-0.0748792,130.28676,0.0
2022-04-15 07:00:00,0.0,0.0,0.0,-0.33645767,-0.35327417,130.83063,0.0
2022-04-15 08:00:00,0.0,0.0,0.0,-0.1876557,-0.28918508,127.545364,0.0
2022-04-15 09:00:00,0.0,0.0,0.0,-0.31775764,0.11232468,121.074135,0.0
2022-04-15 10:00:00,0.0,0.0,0.0,-0.5088865,0.12671188,112.351715,0.0
2022-04-15 11:00:00,0.0,0.0,0.0,-0.50968736,0.12565927,102.1838,0.0
2022-04-15 12:00:00,0.0,0.0,0.0,2.0496123,2.1533978,90.92549,0.45942897
2022-04-15 13:00:00,38.79999923706055,9.5,38.099998474121094,35.888832,35.1667,79.54682,0.97614247
2022-04-15 14:00:00,261.3999938964844,568.9000244140625,105.80000305175781,122.7399,121.394684,67.95073,0.9878988
2022-04-15 15:00:00,491.6000061035156,702.0,167.5,225.22472,221.82603,56.511154,0.98591614
2022-04-15 16:00:00,690.0999755859375,548.0,347.79998779296875,423.5636,409.80066,45.73882,0.9702488
2022-04-15 17:00:00,868.0,886.0,201.10000610351562,522.2276,500.4323,36.513252,0.9641847
2022-04-15 18:00:00,974.0,933.0,193.10000610351562,844.5436,618.408,30.460657,0.7764427
2022-04-15 19:00:00,1019.0,880.0,252.8000030517578,834.85876,584.2982,29.619411,0.7522127
2022-04-15 20:00:00,974.0,650.0,421.1000061035156,810.5948,406.5104,34.3659,0.5669817
2022-04-15 21:00:00,912.0,1028.0,107.5,520.1864,428.74747,42.885227,0.87675667
2022-04-15 22:00:00,756.4000244140625,971.0,109.19999694824219,324.7496,308.25607,53.323524,0.96588117
2022-04-15 23:00:00,462.8999938964844,46.0,439.6000061035156,168.18004,167.49687,64.62193,0.995545
2022-04-16 00:00:00,367.6000061035156,663.0,148.60000610351562,91.486435,91.05743,76.20288,0.9959665
2022-04-16 01:00:00,88.80000305175781,71.0,79.4000015258789,16.74006,16.712585,87.56573,0.74906695
2022-04-16 02:00:00,0.0,0.0,0.0,-0.46022514,-1.2473508,99.00327,0.0
2022-04-16 03:00:00,0.0,0.0,0.0,-0.48954847,-0.9429987,109.42862,0.0
2022-04-16 04:00:00,0.0,0.0,0.0,-0.16382088,-0.7531428,118.58276,0.0
2022-04-16 05:00:00,0.0,0.0,0.0,-0.048317347,-1.0083542,125.727875,0.0
2022-04-16 06:00:00,0.0,0.0,0.0,0.029123485,-0.8938292,129.94681,0.0
2022-04-16 07:00:00,0.0,0.0,0.0,-0.011396709,-1.1999505,130.47183,0.0
2022-04-16 08:00:00,0.0,0.0,0.0,-0.14453001,-0.7727595,127.191605,0.0
2022-04-16 09:00:00,0.0,0.0,0.0,-0.12424317,-0.83337003,120.74085,0.0
2022-04-16 10:00:00,0.0,0.0,0.0,-0.05574572,-0.5100985,112.04268,0.0
2022-04-16 11:00:00,0.0,0.0,0.0,-0.21874486,-0.5879158,101.89572,0.0
2022-04-16 12:00:00,0.0,0.0,0.0,9.89035,9.692869,90.64745,0.48150983
2022-04-16 13:00:00,46.900001525878906,185.39999389648438,32.29999923706055,105.960846,94.9127,79.28417,0.9376284
2022-04-16 14:00:00,270.1000061035156,663.0999755859375,85.80000305175781,360.4321,211.69643,67.68586,0.60955894
2022-04-16 15:00:00,490.1000061035156,604.0,208.60000610351562,590.74164,214.95172,56.236347,0.40036306
2022-04-16 16:00:00,699.7999877929688,837.0,173.39999389648438,662.08563,394.4605,45.442642,0.62575275
2022-04-16 17:00:00,863.0,920.0,166.8000030517578,544.55524,457.11133,36.184742,0.88690335
2022-04-16 18:00:00,965.0,914.0,197.60000610351562,812.4423,497.9087,30.105228,0.6453118
2022-04-16 19:00:00,982.0,363.0,665.7000122070312,842.1775,523.1129,29.279865,0.6602122
2022-04-16 20:00:00,997.0,1020.0,125.0,621.5152,510.64993,34.083725,0.8443657
2022-04-16 21:00:00,906.0,1013.0,110.80000305175781,277.30817,277.14728,42.658184,0.99817055
2022-04-16 22:00:00,711.7999877929688,834.0,154.0,190.97244,189.21402,53.131355,0.99039865
2022-04-16 23:00:00,509.1000061035156,168.0,422.6000061035156,152.44489,151.5166,64.44678,0.9939053
2022-04-17 00:00:00,289.0,146.0,240.39999389648438,51.44543,51.269302,76.03178,0.99318254
2022-04-17 01:00:00,73.80000305175781,0.0,73.80000305175781,7.2859254,7.2272367,87.38417,0.7588963
2022-04-17 02:00:00,0.0,0.0,0.0,-0.41355473,-0.40139657,98.80652,0.0
2022-04-17 03:00:00,0.0,0.0,0.0,-0.66647315,-0.9047966,109.20486,0.0
2022-04-17 04:00:00,0.0,0.0,0.0,-0.35869652,-0.74820787,118.322975,0.0
2022-04-17 05:00:00,0.0,0.0,0.0,-0.59059733,-0.07978356,125.426735,0.0
2022-04-17 06:00:00,0.0,0.0,0.0,-0.46049878,-0.20636238,129.6091,0.0
2022-04-17 07:00:00,0.0,0.0,0.0,-0.3738328,-0.41696888,130.11592,0.0
2022-04-17 08:00:00,0.0,0.0,0.0,-0.27448845,-0.18198301,126.84095,0.0
2022-04-17 09:00:00,0.0,0.0,0.0,-0.4835092,-0.21331808,120.41063,0.0
2022-04-17 10:00:00,0.0,0.0,0.0,-0.26612175,0.008514231,111.73659,0.0
2022-04-17 11:00:00,0.0,0.0,0.0,-0.21423706,-0.10181287,101.61058,0.0
2022-04-17 12:00:00,0.0,0.0,0.0,11.325077,11.302454,90.37368,0.5146793
2022-04-17 13:00:00,51.900001525878906,252.10000610351562,30.899999618530273,82.610405,66.36739,79.024574,0.99381876
2022-04-17 14:00:00,277.6000061035156,741.4000244140625,68.19999694824219,291.7137,231.86441,67.42442,0.8684405
2022-04-17 15:00:00,506.0,887.0,89.30000305175781,580.149,406.63474,55.96525,0.7257828
2022-04-17 16:00:00,699.2000122070312,803.0,191.1999969482422,504.18832,455.98703,45.150356,0.94876754
2022-04-17 17:00:00,873.0,986.0,123.80000305175781,382.7004,379.96332,35.859997,0.9928626
2022-04-17 18:00:00,980.0,1019.0,121.0,375.4156,372.9133,29.75302,0.9931764
2022-04-17 19:00:00,1014.0,850.0,269.29998779296875,412.69174,401.19418,28.943258,0.9813028
2022-04-17 20:00:00,980.0,792.0,301.5,635.2517,567.80334,33.804466,0.9047489
2022-04-17 21:00:00,897.0,849.0,228.10000610351562,411.86075,393.24365,42.433598,0.9735639
2022-04-17 22:00:00,760.9000244140625,968.0,111.0,267.006,264.25146,52.941,0.9899794
2022-04-17 23:00:00,348.1000061035156,0.0,348.1000061035156,180.78825,179.45802,64.27287,0.9943398
2022-04-18 00:00:00,358.6000061035156,784.0,95.0,80.94154,80.84543,75.86149,0.9986322
2022-04-18 01:00:00,115.80000305175781,473.0,49.900001525878906,18.03562,18.043219,87.203224,0.7831829
2022-04-18 02:00:00,0.0,0.0,0.0,-0.5642739,-0.806763,98.61022,0.0
2022-04-18 03:00:00,0.0,0.0,0.0,-0.42539233,-1.1093386,108.981636,0.0
2022-04-18 04:00:00,0.0,0.0,0.0,-0.017130379,-0.9332928,118.06401,0.0
2022-04-18 05:00:00,0.0,0.0,0.0,-0.00805538,-1.079302,125.1271,0.0
2022-04-18 06:00:00,0.0,0.0,0.0,-0.34038636,-1.313898,129.27376,0.0
2022-04-18 07:00:00,0.0,0.0,0.0,-0.28346813,-0.95217603,129.76303,0.0
2022-04-18 08:00:00,0.0,0.0,0.0,0.0068488894,-0.9056987,126.49353,0.0
2022-04-18 09:00:00,0.0,0.0,0.0,-0.06573487,-0.82266223,120.083565,0.0
2022-04-18 10:00:00,0.0,0.0,0.0,-0.072823204,-0.89550126,111.43356,0.0
2022-04-18 11:00:00,0.0,0.0,0.0,-0.25146374,-0.8112545,101.32853,0.0
2022-04-18 12:00:00,0.0,0.0,0.0,8.269002,8.050437,90.10237,0.53081995
2022-04-18 13:00:00,58.0,284.8999938964844,32.900001525878906,100.73162,51.49619,78.76816,0.7901316
2022-04-18 14:00:00,290.1000061035156,777.0,67.0,398.64062,88.13965,67.16654,0.2241313
2022-04-18 15:00:00,524.9000244140625,924.0,87.0,616.0714,107.99888,55.697964,0.17608516
2022-04-18 16:00:00,731.2000122070312,986.0,103.0999984741211,790.4395,123.06332,44.862072,0.15595204
2022-04-18 17:00:00,895.0,1023.0,113.19999694824219,918.6797,133.4363,35.53913,0.14535508
2022-04-18 18:00:00,997.0,1036.0,120.19999694824219,985.061,136.18852,29.40414,0.1382641
2022-04-18 19:00:00,1042.0,1046.0,122.5999984741211,999.54724,132.91545,28.60967,0.13297579
2022-04-18 20:00:00,1017.0,1045.0,119.0,938.7065,148.80276,33.528164,0.1592163
2022-04-18 21:00:00,933.0,1035.0,114.80000305175781,824.58405,130.65404,42.211475,0.15791799
2022-04-18 22:00:00,779.9000244140625,1000.0,105.5,638.91693,128.62297,52.75248,0.21115454
2022-04-18 23:00:00,579.0999755859375,939.0,90.0999984741211,347.34348,125.20434,64.10024,0.49644455
2022-04-19 00:00:00,344.3999938964844,724.0,98.9000015258789,89.661865,89.25881,75.69204,0.9912712
2022-04-19 01:00:00,117.9000015258789,432.0,56.5,16.174265,15.764252,87.02288,0.78180426
2022-04-19 02:00:00,0.0,0.0,0.0,-0.35587677,-1.0331252,98.41441,0.0
2022-04-19 03:00:00,0.0,0.0,0.0,-0.2531566,-1.1339554,108.75901,0.0
2022-04-19 04:00:00,0.0,0.0,0.0,-0.16403896,-1.067216,117.80601,0.0
2022-04-19 05:00:00,0.0,0.0,0.0,-0.22665429,-0.83973193,124.82908,0.0
2022-04-19 06:00:00,0.0,0.0,0.0,-0.030373689,-0.8742451,128.94086,0.0
2022-04-19 07:00:00,0.0,0.0,0.0,-0.0169441,-0.7031569,129.41324,0.0
2022-04-19 08:00:00,0.0,0.0,0.0,-0.036137063,-0.5948726,126.14944,0.0
2022-04-19 09:00:00,0.0,0.0,0.0,-0.20525645,-0.7266922,119.759766,0.0
2022-04-19 10:00:00,0.0,0.0,0.0,-0.31424305,-0.84948987,111.13375,0.0
2022-04-19 11:00:00,0.0,0.0,0.0,-0.30375135,-0.494249,101.04965,0.0
2022-04-19 12:00:00,0.0,0.0,0.0,6.3316274,6.2078085,89.83516,0.5536868
2022-04-19 13:00:00,62.29999923706055,306.8999938964844,33.79999923706055,103.73818,46.485973,78.51503,0.772282
2022-04-19 14:00:00,294.0,782.5999755859375,66.0,408.83502,74.153854,66.91231,0.18442842
2022-04-19 15:00:00,521.2999877929688,867.0,106.80000305175781,616.25854,92.54581,55.43461,0.15037325
2022-04-19 16:00:00,726.7000122070312,977.0,100.69999694824219,787.6366,101.68315,44.5779,0.12937768
2022-04-19 17:00:00,888.0,1015.0,109.19999694824219,912.1734,109.22512,35.222267,0.11977704
2022-04-19 18:00:00,989.0,1026.0,117.69999694824219,918.45483,145.17314,29.058693,0.18803291
2022-04-19 19:00:00,1030.0,1030.0,121.0999984741211,963.8972,170.78224,28.279171,0.20755643
2022-04-19 20:00:00,1004.0,1013.0,129.0,971.9315,254.87088,33.254837,0.27822256
2022-04-19 21:00:00,912.0,983.0,131.8000030517578,868.67706,226.50845,41.99183,0.25927114
2022-04-19 22:00:00,766.0999755859375,973.0,107.0999984741211,582.83844,243.77328,52.56576,0.45494258
2022-04-19 23:00:00,569.0999755859375,907.0,94.5999984741211,296.46585,178.30458,63.92886,0.70763874
2022-04-20 00:00:00,346.1000061035156,744.0,91.80000305175781,98.41795,98.11164,75.52344,0.9970033
2022-04-20 01:00:00,108.5,355.29998779296875,56.900001525878906,16.350918,16.349815,86.84317,0.8156496
2022-04-20 02:00:00,0.0,0.0,0.0,-0.5622853,-0.5509458,98.21915,0.0
2022-04-20 03:00:00,0.0,0.0,0.0,-0.5089945,-0.47411814,108.53701,0.0
2022-04-20 04:00:00,0.0,0.0,0.0,-0.37905777,-0.64985156,117.54905,0.0
2022-04-20 05:00:00,0.0,0.0,0.0,-0.495482,-0.4374697,124.53276,0.0
2022-04-20 06:00:00,0.0,0.0,0.0,-0.5436465,-0.4773852,128.6105,0.0
2022-04-20 07:00:00,0.0,0.0,0.0,-0.43046743,-0.5337654,129.06667,0.0
2022-04-20 08:00:00,0.0,0.0,0.0,-0.4423515,-0.43982455,125.808754,0.0
2022-04-20 09:00:00,0.0,0.0,0.0,-0.5913731,-0.41511312,119.43936,0.0
2022-04-20 10:00:00,0.0,0.0,0.0,-0.67384094,-0.55972594,110.83723,0.0
2022-04-20 11:00:00,0.0,0.0,0.0,-0.59167886,-0.57802564,100.77406,0.0
2022-04-20 12:00:00,0.0,0.0,0.0,10.497014,10.3409,89.57136,0.5830931
2022-04-20 13:00:00,65.0,305.5,35.20000076293945,117.37961,72.412865,78.265305,0.8109055
2022-04-20 14:00:00,293.5,764.2999877929688,67.4000015258789,393.0746,135.2801,66.661835,0.3470302
2022-04-20 15:00:00,522.9000244140625,905.5999755859375,86.0999984741211,598.63654,134.30641,55.175255,0.22695582
2022-04-20 16:00:00,726.5999755859375,969.0,102.19999694824219,776.60364,138.03517,44.297947,0.17896093
2022-04-20 17:00:00,887.0,1005.0,112.5999984741211,902.7706,137.05396,34.90952,0.15192574
2022-04-20 18:00:00,993.0,1028.0,116.19999694824219,964.4477,154.13885,28.716785,0.16487148
2022-04-20 19:00:00,1036.0,1039.0,116.19999694824219,974.21814,148.02571,27.951843,0.15196212
2022-04-20 20:00:00,1009.0,1014.0,131.5,921.2637,135.08351,32.984535,0.14676785
2022-04-20 21:00:00,921.0,1043.0,91.5999984741211,810.3526,117.21329,41.77466,0.14468937
2022-04-20 22:00:00,772.2999877929688,992.0,98.19999694824219,645.43964,101.82957,52.38085,0.15834588
2022-04-20 23:00:00,577.0,946.0,79.9000015258789,363.597,87.05852,63.758743,0.38620102
2022-04-21 00:00:00,350.3999938964844,809.0,71.80000305175781,52.55972,52.548977,75.35568,0.99828684
2022-04-21 01:00:00,123.69999694824219,544.0,43.0,17.525295,16.76694,86.664116,0.7964292
2022-04-21 02:00:00,0.0,0.0,0.0,-0.3106038,-0.795439,98.02444,0.0
2022-04-21 03:00:00,0.0,0.0,0.0,-0.26673323,-1.174593,108.31571,0.0
2022-04-21 04:00:00,0.0,0.0,0.0,-0.3642209,-1.0605348,117.29317,0.0
2022-04-21 05:00:00,0.0,0.0,0.0,-0.12436684,-0.79070634,124.23825,0.0
2022-04-21 06:00:00,0.0,0.0,0.0,-0.17356052,-0.9139878,128.2828,0.0
2022-04-21 07:00:00,0.0,0.0,0.0,-0.115495555,-0.9509412,128.72337,0.0
2022-04-21 08:00:00,0.0,0.0,0.0,0.027351376,-0.8591775,125.471634,0.0
2022-04-21 09:00:00,0.0,0.0,0.0,0.0032370288,-0.78555125,119.122444,0.0
2022-04-21 10:00:00,0.0,0.0,0.0,-0.18368013,-0.8917224,110.544106,0.0
2022-04-21 11:00:00,0.0,0.0,0.0,-0.20876037,-0.8484455,100.50191,0.0
2022-04-21 12:00:00,0.0,0.0,0.0,8.986313,8.835672,89.3106,0.5957523
2022-04-21 13:00:00,73.0999984741211,398.1000061035156,32.5,109.62064,48.96598,78.01909,0.7480064
2022-04-21 14:00:00,253.39999389648438,403.5,132.3000030517578,402.36057,82.14103,66.41519,0.20701951
2022-04-21 15:00:00,499.0,722.2999877929688,147.8000030517578,609.46704,98.62693,54.920025,0.1625172
2022-04-21 16:00:00,716.9000244140625,902.0,132.6999969482422,780.58405,111.67244,44.022316,0.14332195
2022-04-21 17:00:00,870.0,940.0,142.60000610351562,909.65845,118.65887,34.60101,0.13058594
2022-04-21 18:00:00,981.0,994.0,130.3000030517578,977.33307,116.97676,28.378529,0.119726665
2022-04-21 19:00:00,1018.0,1007.0,123.5999984741211,980.8518,112.57809,27.627745,0.1147861
2022-04-21 20:00:00,989.0,1004.0,117.30000305175781,919.9967,113.205574,32.717278,0.123157986
2022-04-21 21:00:00,907.0,997.0,111.5,809.1122,114.74502,41.559956,0.14205042
2022-04-21 22:00:00,758.0,961.0,102.19999694824219,648.7128,93.708305,52.197754,0.14461222
2022-04-21 23:00:00,570.2000122070312,922.0,83.19999694824219,374.3359,73.85063,63.589886,0.35041964
2022-04-22 00:00:00,348.79998779296875,807.0,68.5999984741211,41.37391,41.067333,75.18875,0.99103343
2022-04-22 01:00:00,124.0,533.0,43.400001525878906,15.81555,14.547824,86.485794,0.7848266
2022-04-22 02:00:00,0.0,0.0,0.0,-0.47549585,-1.192907,97.83034,0.0
2022-04-22 03:00:00,0.0,0.0,0.0,-0.38297972,-0.9789549,108.0952,0.0
2022-04-22 04:00:00,0.0,0.0,0.0,-0.31314558,-0.56254256,117.03846,0.0
2022-04-22 05:00:00,0.0,0.0,0.0,-0.16204241,-0.98625225,123.945595,0.0
2022-04-22 06:00:00,0.0,0.0,0.0,-0.2918256,-0.78634584,127.95784,0.0
2022-04-22 07:00:00,0.0,0.0,0.0,-0.27366206,-0.91493,128.38348,0.0
2022-04-22 08:00:00,0.0,0.0,0.0,-0.20267653,-0.8725207,125.138145,0.0
2022-04-22 09:00:00,0.0,0.0,0.0,-0.25432193,-0.7520491,118.80913,0.0
2022-04-22 10:00:00,0.0,0.0,0.0,-0.21046823,-0.76127964,110.254524,0.0
2022-04-22 11:00:00,0.0,0.0,0.0,-0.29858786,-0.7760284,100.23321,0.0
2022-04-22 12:00:00,0.0,0.0,0.0,8.790675,8.74228,89.05445,0.6303686
2022-04-22 13:00:00,80.19999694824219,461.0,31.100000381469727,112.04262,44.636192,77.77649,0.7279759
2022-04-22 14:00:00,299.8999938964844,785.9000244140625,60.70000076293945,427.30453,102.828865,66.17249,0.23422338
2022-04-22 15:00:00,523.2999877929688,910.0,77.30000305175781,586.2386,262.19867,54.669006,0.47599494
2022-04-22 16:00:00,728.0,868.0,162.39999389648438,784.3614,229.87234,43.75112,0.2912378
2022-04-22 17:00:00,832.0,582.0,379.70001220703125,788.7311,490.33463,34.29685,0.6471246
2022-04-22 18:00:00,989.0,1019.0,113.69999694824219,1000.0779,207.16167,28.04403,0.2197423
2022-04-22 19:00:00,1027.0,1034.0,106.0999984741211,514.2971,319.39792,27.306957,0.7966117
2022-04-22 20:00:00,289.0,0.0,289.0,331.2327,323.4535,32.453106,0.9810398
2022-04-22 21:00:00,734.0,47.0,696.5999755859375,236.14607,233.53928,41.34774,0.99080986
2022-04-22 22:00:00,460.79998779296875,0.0,460.5,68.217926,68.34635,52.016457,0.99691314
2022-04-22 23:00:00,337.6000061035156,0.0,337.5,22.819975,22.917933,63.422276,0.99681604
2022-04-23 00:00:00,139.89999389648438,0.0,139.89999389648438,14.265867,13.790935,75.02271,0.9659399
2022-04-23 01:00:00,30.0,0.0,30.0,12.930718,12.776098,86.308205,0.8558168
2022-04-23 02:00:00,0.0,0.0,0.0,-0.4109177,-0.15186661,97.63691,0.0
2022-04-23 03:00:00,0.0,0.0,0.0,-0.6664436,-0.24821381,107.8755,0.0
2022-04-23 04:00:00,0.0,0.0,0.0,-0.59910876,-0.3713537,116.78501,0.0
2022-04-23 05:00:00,0.0,0.0,0.0,-0.42828384,-0.18382365,123.65494,0.0
2022-04-23 06:00:00,0.0,0.0,0.0,-0.36010662,-0.4477686,127.63573,0.0
2022-04-23 07:00:00,0.0,0.0,0.0,-0.29828128,-0.3290978,128.0471,0.0
2022-04-23 08:00:00,0.0,0.0,0.0,-0.25003174,-0.34296948,124.80839,0.0
2022-04-23 09:00:00,0.0,0.0,0.0,-0.26168573,-0.20662802,118.49951,0.0
2022-04-23 10:00:00,0.0,0.0,0.0,-0.6028475,-0.20025663,109.968544,0.0
2022-04-23 11:00:00,0.0,0.0,0.0,-0.59908617,-0.1970181,99.96815,0.0
2022-04-23 12:00:00,0.0,0.0,0.0,8.84691,8.788838,88.80138,0.6396681
2022-04-23 13:00:00,84.9000015258789,106.4000015258789,73.0999984741211,79.505455,78.62081,77.53761,0.983552
2022-04-23 14:00:00,218.0,0.699999988079071,217.6999969482422,187.64711,185.82498,65.93382,0.9919051
2022-04-23 15:00:00,518.9000244140625,515.0,264.3999938964844,436.98392,369.71152,54.42229,0.90048754
2022-04-23 16:00:00,629.0,191.0,504.20001220703125,783.88007,528.30145,43.484447,0.7003257
2022-04-23 17:00:00,832.0,464.0,470.1000061035156,1008.7508,538.6451,33.997147,0.54816264
2022-04-23 18:00:00,640.0,7.0,633.2999877929688,967.0743,542.4969,27.713387,0.6090274
2022-04-23 19:00:00,827.0,3.0,824.0,761.8708,467.39835,26.989552,0.7242696
2022-04-23 20:00:00,738.0,15.0,724.9000244140625,716.2561,433.7475,32.192036,0.7308166
2022-04-23 21:00:00,784.0,9.0,776.4000244140625,620.95575,430.7967,41.137997,0.7835851
2022-04-23 22:00:00,580.5999755859375,67.0,534.2000122070312,234.0423,233.78743,51.83694,0.99554074
2022-04-23 23:00:00,456.70001220703125,51.0,429.29998779296875,319.4178,203.75922,63.255924,0.7483029
2022-04-24 00:00:00,216.1999969482422,0.0,216.1999969482422,92.99548,93.11064,74.85757,0.99752486
2022-04-24 01:00:00,95.4000015258789,2.0,95.0,16.448475,16.41841,86.13136,0.8799357
2022-04-24 02:00:00,0.0,0.0,0.0,-0.5633797,-0.2367219,97.44416,0.0
2022-04-24 03:00:00,0.0,0.0,0.0,-0.07957748,-0.36515325,107.65666,0.0
2022-04-24 04:00:00,0.0,0.0,0.0,0.08180005,-0.8151766,116.53291,0.0
2022-04-24 05:00:00,0.0,0.0,0.0,-0.1198489,-0.47972378,123.366356,0.0
2022-04-24 06:00:00,0.0,0.0,0.0,-0.13583682,-0.80226016,127.31654,0.0
2022-04-24 07:00:00,0.0,0.0,0.0,-0.23092213,-1.0365961,127.71432,0.0
2022-04-24 08:00:00,0.0,0.0,0.0,-0.11855238,-0.6722291,124.48247,0.0
2022-04-24 09:00:00,0.0,0.0,0.0,-0.07700391,-0.6886185,118.193726,0.0
2022-04-24 10:00:00,0.0,0.0,0.0,-0.052875657,-0.90888786,109.6863,0.0
2022-04-24 11:00:00,0.0,0.0,0.0,-0.3675578,-0.6989796,99.70677,0.0
2022-04-24 12:00:00,0.0,0.0,0.0,14.254908,14.100068,88.5523,0.66189563
2022-04-24 13:00:00,91.0,494.29998779296875,34.0,123.4238,86.53699,77.30256,0.8381107
2022-04-24 14:00:00,314.70001220703125,802.4000244140625,63.900001525878906,381.34933,173.98038,65.69926,0.49375
2022-04-24 15:00:00,531.4000244140625,738.0,163.89999389648438,498.99362,328.41748,54.179966,0.748841
2022-04-24 16:00:00,663.0,242.0,503.79998779296875,888.6109,470.24188,43.22241,0.5627163
2022-04-24 17:00:00,892.0,877.0,205.0,867.62634,460.2627,33.702023,0.5879122
2022-04-24 18:00:00,890.0,270.0,655.7999877929688,1254.2502,488.38092,27.386711,0.40690088
2022-04-24 19:00:00,1035.0,333.0,737.0,649.9671,455.27286,26.675587,0.7743675
2022-04-24 20:00:00,801.0,5.0,796.9000244140625,1057.5992,305.2657,31.934107,0.29090893
2022-04-24 21:00:00,785.0,59.0,737.7000122070312,747.00165,302.39688,40.93075,0.5505282
2022-04-24 22:00:00,692.0999755859375,65.0,647.4000244140625,151.55743,149.74173,51.659225,0.9920729
2022-04-24 23:00:00,584.4000244140625,794.0,158.8000030517578,90.391266,89.53182,63.090828,0.9903257
2022-04-25 00:00:00,366.0,818.0,75.4000015258789,108.351555,108.34851,74.69331,0.99890953
2022-04-25 01:00:00,112.4000015258789,74.0,100.5,24.8798,24.852081,85.95612,0.8988497
2022-04-25 02:00:00,0.0,0.0,0.0,-0.49874747,-0.24771258,97.25129,0.0
2022-04-25 03:00:00,0.0,0.0,0.0,-0.3568552,-0.567015,107.43881,0.0
2022-04-25 04:00:00,0.0,0.0,0.0,-0.081191935,-0.66616696,116.282234,0.0
2022-04-25 05:00:00,0.0,0.0,0.0,-0.11808583,-0.72796756,123.07994,0.0
2022-04-25 06:00:00,0.0,0.0,0.0,-0.106279425,-0.6605163,127.0004,0.0
2022-04-25 07:00:00,0.0,0.0,0.0,-0.018228317,-0.7246111,127.38522,0.0
2022-04-25 08:00:00,0.0,0.0,0.0,-0.28013858,-0.95447963,124.16051,0.0
2022-04-25 09:00:00,0.0,0.0,0.0,-0.059505526,-1.0356704,117.891846,0.0
2022-04-25 10:00:00,0.0,0.0,0.0,-0.03477122,-0.6859062,109.40788,0.0
2022-04-25 11:00:00,0.0,0.0,0.0,-0.07490711,-0.7746326,99.449234,0.0
2022-04-25 12:00:00,0.0,0.0,0.0,13.094338,13.027198,88.307755,0.69664246
2022-04-25 13:00:00,96.5999984741211,367.3999938964844,52.70000076293945,142.76242,52.824368,77.07139,0.6714999
2022-04-25 14:00:00,318.5,803.0,64.4000015258789,451.315,85.37493,65.4689,0.18987225
2022-04-25 15:00:00,546.5,931.0,79.9000015258789,738.22394,205.516,53.942116,0.27530563
2022-04-25 16:00:00,751.0,997.0,91.19999694824219,799.76306,436.51297,42.96508,0.61468726
2022-04-25 17:00:00,830.0,775.0,220.6999969482422,1050.8429,410.4763,33.41157,0.4279848
2022-04-25 18:00:00,358.0,0.0,358.0,1075.8899,425.02332,27.064106,0.44974023
2022-04-25 19:00:00,810.0,13.0,797.7000122070312,1200.3153,344.28967,26.365143,0.28703764
2022-04-25 20:00:00,927.0,286.0,676.0,998.9849,245.78139,31.679335,0.2660363
2022-04-25 21:00:00,928.0,1029.0,96.69999694824219,876.8641,222.5149,40.72597,0.25549048
2022-04-25 22:00:00,776.7000122070312,990.0,91.9000015258789,680.267,169.46689,51.483284,0.2554755
2022-04-25 23:00:00,587.2000122070312,917.0,93.69999694824219,379.5925,190.42995,62.927002,0.56598717
2022-04-26 00:00:00,344.5,627.0,120.19999694824219,121.115364,121.13694,74.52994,0.99734116
2022-04-26 01:00:00,89.5999984741211,10.0,88.0,32.505867,32.33351,85.78417,0.8952576
2022-04-26 02:00:00,0.0,0.0,0.0,-0.36741713,-0.88253075,97.05668,0.0
2022-04-26 03:00:00,0.0,0.0,0.0,-0.18247269,-1.123996,107.221954,0.0
2022-04-26 04:00:00,0.0,0.0,0.0,-0.01133142,-1.044066,116.03305,0.0
2022-04-26 05:00:00,0.0,0.0,0.0,0.047038317,-1.0437572,122.79578,0.0
2022-04-26 06:00:00,0.0,0.0,0.0,0.047389258,-0.9785418,126.687386,0.0
2022-04-26 07:00:00,0.0,0.0,0.0,0.0058255047,-1.1863606,127.05991,0.0
2022-04-26 08:00:00,0.0,0.0,0.0,0.0062557217,-0.8767144,123.84257,0.0
2022-04-26 09:00:00,0.0,0.0,0.0,0.03748167,-1.0163705,117.59396,0.0
2022-04-26 10:00:00,0.0,0.0,0.0,0.009251797,-0.9225164,109.13342,0.0
2022-04-26 11:00:00,0.0,0.0,0.0,-0.08336107,-0.92047054,99.19557,0.0
2022-04-26 12:00:00,0.0,0.0,0.0,14.847268,14.703123,88.066574,0.71039706
2022-04-26 13:00:00,101.5,511.6000061035156,38.20000076293945,147.59595,64.12282,76.84425,0.68469185
2022-04-26 14:00:00,331.70001220703125,811.0,71.80000305175781,445.9276,98.53457,65.242836,0.22341536
2022-04-26 15:00:00,564.0999755859375,937.0,90.80000305175781,658.1166,115.107666,53.708828,0.17615077
2022-04-26 16:00:00,763.0,994.0,102.30000305175781,834.62,124.47708,42.712574,0.14921318
2022-04-26 17:00:00,900.0,708.0,340.6000061035156,966.19836,153.77199,33.12592,0.15917276
2022-04-26 18:00:00,1009.0,795.0,317.20001220703125,938.5744,479.11673,26.745676,0.55099505
2022-04-26 19:00:00,1035.0,490.0,593.2999877929688,978.5385,419.75125,26.058277,0.47268966
2022-04-26 20:00:00,997.0,658.0,417.3999938964844,980.1495,235.99414,31.427753,0.24151582
2022-04-26 21:00:00,866.0,186.0,714.5,878.9834,224.79193,40.523685,0.25563368
2022-04-26 22:00:00,784.5,911.0,151.8000030517578,666.1911,219.10909,51.30913,0.34925216
2022-04-26 23:00:00,587.7000122070312,832.0,137.60000610351562,383.8213,180.04965,62.764423,0.536682
2022-04-27 00:00:00,363.20001220703125,728.0,100.80000305175781,77.359856,77.38988,74.367516,0.9991635
2022-04-27 01:00:00,140.6999969482422,550.0,49.599998474121094,20.739769,20.058926,85.61556,0.87904733
2022-04-27 02:00:00,0.0,0.0,0.0,-0.3316992,-0.8959711,96.8604,0.0
2022-04-27 03:00:00,0.0,0.0,0.0,-0.41125312,-0.91008794,107.00619,0.0
2022-04-27 04:00:00,0.0,0.0,0.0,-0.5067712,-0.6228826,115.78545,0.0
2022-04-27 05:00:00,0.0,0.0,0.0,-0.45694536,-0.1099833,122.51396,0.0
2022-04-27 06:00:00,0.0,0.0,0.0,0.003602776,-0.3596106,126.37759,0.0
2022-04-27 07:00:00,0.0,0.0,0.0,-0.36984915,-0.90769047,126.738495,0.0
2022-04-27 08:00:00,0.0,0.0,0.0,-0.36212796,-1.0186801,123.528786,0.0
2022-04-27 09:00:00,0.0,0.0,0.0,-0.33689785,-0.81152076,117.30019,0.0
2022-04-27 10:00:00,0.0,0.0,0.0,-0.26947364,-0.68630546,108.86295,0.0
2022-04-27 11:00:00,0.0,0.0,0.0,-0.37998906,-0.82151914,98.9459,0.0
2022-04-27 12:00:00,0.0,0.0,0.0,17.320118,17.214804,87.82948,0.72890717
2022-04-27 13:00:00,97.30000305175781,294.20001220703125,59.70000076293945,103.53686,100.58229,76.62119,0.97589564
2022-04-27 14:00:00,321.3999938964844,735.0,83.0999984741211,215.87773,184.28346,65.02113,0.9160114
2022-04-27 15:00:00,545.2999877929688,872.0,101.9000015258789,518.7183,358.58157,53.48018,0.7470974
2022-04-27 16:00:00,708.0,520.0,360.0,444.44174,363.12653,42.464962,0.8810203
2022-04-27 17:00:00,755.0,189.0,605.2000122070312,92.23681,91.08938,32.84515,0.9803146
2022-04-27 18:00:00,741.0,1.0,739.7999877929688,212.22673,207.62798,26.43152,0.98403245
2022-04-27 19:00:00,601.0,0.0,600.9000244140625,531.4842,445.45752,25.75506,0.8958487
2022-04-27 20:00:00,300.0,0.0,299.5,612.6457,285.48648,31.179377,0.65661114
2022-04-27 21:00:00,920.0,878.0,206.6999969482422,294.3666,255.81406,40.32388,0.9326289
2022-04-27 22:00:00,630.7999877929688,20.0,616.7999877929688,284.23242,249.31026,51.13676,0.93729967
2022-04-27 23:00:00,530.0,183.0,430.3999938964844,211.21002,177.57819,62.603123,0.9125508
2022-04-28 00:00:00,296.8999938964844,60.0,275.1000061035156,111.42333,111.177086,74.20601,0.99701875
2022-04-28 01:00:00,145.0,559.0,50.70000076293945,29.338177,29.314127,85.450294,0.9437869
2022-04-28 02:00:00,0.0,0.0,0.0,-0.18120655,-0.7029523,96.66251,0.0
2022-04-28 03:00:00,0.0,0.0,0.0,-0.41629806,-1.1507417,106.79157,0.0
2022-04-28 04:00:00,0.0,0.0,0.0,-0.42103568,-0.8767629,115.53953,0.0
2022-04-28 05:00:00,0.0,0.0,0.0,-0.07070783,-0.90028214,122.2346,0.0
2022-04-28 06:00:00,0.0,0.0,0.0,-0.12563838,-0.848663,126.07112,0.0
2022-04-28 07:00:00,0.0,0.0,0.0,-0.25698537,-0.95721525,126.42104,0.0
2022-04-28 08:00:00,0.0,0.0,0.0,0.08774547,-0.77284765,123.21922,0.0
2022-04-28 09:00:00,0.0,0.0,0.0,-0.24719548,-0.9666685,117.01065,0.0
2022-04-28 10:00:00,0.0,0.0,0.0,-0.15924975,-1.0154793,108.596634,0.0
2022-04-28 11:00:00,0.0,0.0,0.0,-0.31581494,-0.8590554,98.700325,0.0
2022-04-28 12:00:00,0.0,0.0,0.0,14.068742,13.986355,87.597305,0.7620834
2022-04-28 13:00:00,107.19999694824219,514.0999755859375,39.400001525878906,152.20529,58.99656,76.402306,0.6478291
2022-04-28 14:00:00,333.6000061035156,802.9000244140625,70.30000305175781,460.551,111.34934,64.80387,0.24060495
2022-04-28 15:00:00,561.5999755859375,927.0,86.69999694824219,596.60876,203.40868,53.25625,0.36177477
2022-04-28 16:00:00,764.0,980.0,106.19999694824219,717.0576,316.1707,42.22234,0.45273778
2022-04-28 17:00:00,907.0,803.0,268.0,922.165,251.87117,32.56938,0.27487323
2022-04-28 18:00:00,987.0,414.0,624.0999755859375,853.82916,398.724,26.121748,0.47727257
2022-04-28 19:00:00,1029.0,551.0,529.5999755859375,755.58325,502.98718,25.45556,0.7137247
2022-04-28 20:00:00,1019.0,842.0,272.79998779296875,716.9658,505.65726,30.934235,0.7491245
2022-04-28 21:00:00,870.0,340.0,592.5999755859375,563.1375,391.53342,40.126545,0.7941382
2022-04-28 22:00:00,755.9000244140625,590.0,343.20001220703125,463.8408,350.18802,50.96614,0.8124849
2022-04-28 23:00:00,591.2000122070312,442.0,349.79998779296875,244.2156,235.64296,62.44309,0.9714626
2022-04-29 00:00:00,279.29998779296875,43.0,263.6000061035156,92.12297,92.042625,74.04549,0.99721414
2022-04-29 01:00:00,133.10000610351562,195.0,99.5999984741211,20.112965,20.123447,85.28834,0.96645176
2022-04-29 02:00:00,0.0,0.0,0.0,-0.027295412,-0.7137433,96.463104,0.0
2022-04-29 03:00:00,0.0,0.0,0.0,-0.48502377,-0.6998438,106.57816,0.0
2022-04-29 04:00:00,0.0,0.0,0.0,-0.23610003,-0.6750952,115.29536,0.0
2022-04-29 05:00:00,0.0,0.0,0.0,-0.31670305,-1.011343,121.95778,0.0
2022-04-29 06:00:00,0.0,0.0,0.0,-0.51079315,-0.83375823,125.76807,0.0
2022-04-29 07:00:00,0.0,0.0,0.0,0.11303678,0.13749275,126.10767,0.0
2022-04-29 08:00:00,0.0,0.0,0.0,-0.36899406,-0.36866507,122.91397,0.0
2022-04-29 09:00:00,0.0,0.0,0.0,-0.30929568,-0.40154594,116.72541,0.0
2022-04-29 10:00:00,0.0,0.0,0.0,-0.61251503,-0.59596515,108.3345,0.0
2022-04-29 11:00:00,0.0,0.0,0.0,-0.46929535,-0.504896,98.458916,0.0
2022-04-29 12:00:00,0.0,0.0,0.0,15.724314,15.730028,87.369194,0.783213
2022-04-29 13:00:00,111.5999984741211,525.5,40.20000076293945,142.12187,80.732,76.187675,0.75463957
2022-04-29 14:00:00,333.20001220703125,784.7000122070312,73.0,426.52634,128.87614,64.59111,0.31223485
2022-04-29 15:00:00,541.4000244140625,652.0,205.1999969482422,587.30206,269.1737,53.037113,0.49612603
2022-04-29 16:00:00,760.0,777.0,235.6999969482422,224.43056,202.18771,41.98478,0.9595581
2022-04-29 17:00:00,852.0,772.0,235.39999389648438,268.38702,263.11612,32.298706,0.9847875
2022-04-29 18:00:00,1033.0,1062.0,101.19999694824219,834.08765,464.08914,25.81646,0.6318347
2022-04-29 19:00:00,1058.0,861.0,275.5,1033.1825,430.29816,25.15984,0.4454182
2022-04-29 20:00:00,1031.0,926.0,209.0,657.1625,483.77295,30.692345,0.7859203
2022-04-29 21:00:00,952.0,1042.0,100.69999694824219,831.5031,249.38007,39.931686,0.3117685
2022-04-29 22:00:00,801.7000122070312,1010.0,93.80000305175781,650.6951,122.74253,50.797302,0.19844705
2022-04-29 23:00:00,609.0999755859375,959.0,83.5999984741211,424.4456,93.75387,62.284325,0.29756123
2022-04-30 00:00:00,383.20001220703125,853.9000244140625,68.5,47.25066,46.893913,73.88594,0.9920908
2022-04-30 01:00:00,153.89999389648438,616.0,46.599998474121094,20.779705,20.808336,85.12976,0.9833317
2022-04-30 02:00:00,0.0,0.0,0.0,-0.15284641,-0.46101734,96.26224,0.0
2022-04-30 03:00:00,0.0,0.0,0.0,-0.25910065,-0.93347716,106.36606,0.0
2022-04-30 04:00:00,0.0,0.0,0.0,0.071231924,-0.97606117,115.053024,0.0
2022-04-30 05:00:00,0.0,0.0,0.0,0.006776204,-0.92393935,121.68359,0.0
2022-04-30 06:00:00,0.0,0.0,0.0,0.11245186,-0.90209633,125.46853,0.0
2022-04-30 07:00:00,0.0,0.0,0.0,0.11678076,-0.9099261,125.79846,0.0
2022-04-30 08:00:00,0.0,0.0,0.0,0.12298914,-0.92322606,122.61316,0.0
2022-04-30 09:00:00,0.0,0.0,0.0,0.13176084,-0.91166145,116.444565,0.0
2022-04-30 10:00:00,0.0,0.0,0.0,0.14721619,-0.8663389,108.0767,0.0
2022-04-30 11:00:00,0.0,0.0,0.0,0.018291943,-1.1619825,98.22176,0.0
2022-04-30 12:00:00,0.0,0.0,0.0,15.472587,15.411011,87.14489,0.7960672
2022-04-30 13:00:00,119.4000015258789,564.2999877929688,40.5,165.41235,54.249374,75.977394,0.5918797
2022-04-30 14:00:00,348.79998779296875,837.2999877929688,68.0999984741211,454.84332,78.05704,64.382935,0.17347646
2022-04-30 15:00:00,578.0999755859375,954.0,83.4000015258789,664.8963,90.10168,52.822826,0.1362457
2022-04-30 16:00:00,781.0,1015.0,93.0999984741211,836.2497,95.67641,41.752365,0.11458095
2022-04-30 17:00:00,935.0,1043.0,99.5,955.8216,100.80864,32.033222,0.105518475
2022-04-30 18:00:00,1033.0,1056.0,103.5,1018.8524,101.7559,25.515745,0.09989044
2022-04-30 19:00:00,1069.0,1059.0,104.80000305175781,1021.8403,100.98658,24.867958,0.09885284
2022-04-30 20:00:00,1039.0,1052.0,102.9000015258789,964.5204,100.2599,30.453726,0.1039629
2022-04-30 21:00:00,947.0,1036.0,98.4000015258789,851.67535,94.1518,39.73931,0.11064964
2022-04-30 22:00:00,799.0999755859375,1007.0,91.0,686.2571,82.31465,50.630238,0.1201606
2022-04-30 23:00:00,606.0,952.0,81.69999694824219,445.69684,64.185196,62.126858,0.20627362
2022-05-01 00:00:00,385.29998779296875,853.0,68.5999984741211,70.82397,69.1336,73.72739,0.9735391
2022-05-01 01:00:00,158.0,630.0,46.29999923706055,37.617977,37.44896,84.97181,0.9768526
2022-05-01 02:00:00,0.0,0.0,0.0,-0.0032500357,-0.40256137,96.06271,0.0
2022-05-01 03:00:00,0.0,0.0,0.0,-0.41476336,-0.8646342,106.1553,0.0
2022-05-01 04:00:00,0.0,0.0,0.0,-0.49056026,-0.6120195,114.81262,0.0
2022-05-01 05:00:00,0.0,0.0,0.0,-0.2738409,-0.79440576,121.412125,0.0
2022-05-01 06:00:00,0.0,0.0,0.0,-0.18990137,-0.49497944,125.1726,0.0
2022-05-01 07:00:00,0.0,0.0,0.0,-0.29360393,-0.93506557,125.493515,0.0
2022-05-01 08:00:00,0.0,0.0,0.0,-0.18425867,-0.88956183,122.31684,0.0
2022-05-01 09:00:00,0.0,0.0,0.0,-0.2648919,-0.9840537,116.168205,0.0
2022-05-01 10:00:00,0.0,0.0,0.0,-0.074206024,-0.7363185,107.823296,0.0
2022-05-01 11:00:00,0.0,0.0,0.0,-0.43330574,-0.8590928,97.98896,0.0
2022-05-01 12:00:00,0.0,0.0,0.0,29.187643,29.029985,86.92513,0.81254935
2022-05-01 13:00:00,101.4000015258789,117.30000305175781,84.5,149.28822,140.9812,75.7715,0.9507133
2022-05-01 14:00:00,272.0,269.0,180.8000030517578,274.79776,234.39893,64.179405,0.86909395
2022-05-01 15:00:00,488.29998779296875,183.0,392.5,529.1337,382.814,52.61347,0.7782657
2022-05-01 16:00:00,633.0,163.0,522.2999877929688,870.917,397.11655,41.52517,0.46714026
2022-05-01 17:00:00,609.0,7.0,602.9000244140625,889.0592,372.61215,31.773014,0.4858804
2022-05-01 18:00:00,125.0,0.0,125.4000015258789,422.5465,396.76974,25.219715,0.9629061
2022-05-01 19:00:00,885.0,132.0,764.5999755859375,741.0959,558.564,24.57999,0.7981997
2022-05-01 20:00:00,967.0,385.0,623.5999755859375,437.33914,420.9707,30.218405,0.9732444
2022-05-01 21:00:00,922.0,759.0,298.79998779296875,363.97058,313.43634,39.549404,0.9293581
2022-05-01 22:00:00,681.9000244140625,128.0,591.2999877929688,239.50536,238.02931,50.46494,0.9942861
2022-05-01 23:00:00,150.10000610351562,0.0,150.10000610351562,146.02516,145.53484,61.970684,0.9959492
2022-05-02 00:00:00,71.0,0.0,71.0,59.167233,58.93988,73.56988,0.99521804
2022-05-02 01:00:00,65.0999984741211,0.0,65.0999984741211,10.23826,10.016244,84.813896,0.9839894
2022-05-02 02:00:00,0.0,0.0,0.0,-0.4764542,-0.5154758,95.86525,0.0077430373
2022-05-02 03:00:00,0.0,0.0,0.0,-0.4320756,-0.32195044,105.94597,0.0
2022-05-02 04:00:00,0.0,0.0,0.0,-0.5183342,-0.65180457,114.574234,0.0
2022-05-02 05:00:00,0.0,0.0,0.0,-0.54564977,-0.4781362,121.14351,0.0
