valid_time,dswrf,vbdsf,vddsf
2022-01-01 23:00:00,144.8000030517578,778.0,33.79999923706055
2022-01-02 01:00:00,0.0,0.0,0.0
2022-01-02 05:00:00,0.0,0.0,0.0
2022-01-01 09:00:00,0.0,0.0,0.0
2022-01-01 13:00:00,0.0,0.0,0.0
2022-01-01 06:00:00,0.0,0.0,0.0
2022-01-01 10:00:00,0.0,0.0,0.0
2022-01-01 08:00:00,0.0,0.0,0.0
2022-01-01 11:00:00,0.0,0.0,0.0
2022-01-01 07:00:00,0.0,0.0,0.0
2022-01-01 12:00:00,0.0,0.0,0.0
2022-01-01 14:00:00,0.0,0.0,0.0
2022-01-02 02:00:00,0.0,0.0,0.0
2022-01-02 03:00:00,0.0,0.0,0.0
2022-01-01 15:00:00,46.0,0.0,46.0
2022-01-01 16:00:00,206.8000030517578,68.0,190.6999969482422
2022-01-01 17:00:00,363.29998779296875,160.0,306.0
2022-01-01 18:00:00,483.79998779296875,342.0,334.29998779296875
2022-01-01 19:00:00,523.4000244140625,344.0,361.70001220703125
2022-01-01 20:00:00,458.0,102.0,411.70001220703125
2022-01-01 21:00:00,390.70001220703125,139.0,336.3999938964844
2022-01-01 22:00:00,288.1000061035156,400.0,174.10000610351562
2022-01-02 00:00:00,0.0,0.0,0.0
2022-01-02 04:00:00,0.0,0.0,0.0
2022-01-02 23:00:00,142.60000610351562,750.0,33.79999923706055
2022-01-03 01:00:00,0.0,0.0,0.0
2022-01-03 03:00:00,0.0,0.0,0.0
2022-01-03 05:00:00,0.0,0.0,0.0
2022-01-02 06:00:00,0.0,0.0,0.0
2022-01-02 11:00:00,0.0,0.0,0.0
2022-01-02 08:00:00,0.0,0.0,0.0
2022-01-02 12:00:00,0.0,0.0,0.0
2022-01-02 13:00:00,0.0,0.0,0.0
2022-01-02 09:00:00,0.0,0.0,0.0
2022-01-02 07:00:00,0.0,0.0,0.0
2022-01-02 10:00:00,0.0,0.0,0.0
2022-01-03 04:00:00,0.0,0.0,0.0
2022-01-02 14:00:00,0.0,0.0,0.0
2022-01-02 15:00:00,66.19999694824219,484.0,26.399999618530273
2022-01-02 16:00:00,256.70001220703125,898.0,44.79999923706055
2022-01-02 17:00:00,412.3999938964844,999.0,55.400001525878906
2022-01-02 18:00:00,518.0999755859375,1044.0,61.400001525878906
2022-01-02 19:00:00,562.2000122070312,1060.0,63.0
2022-01-02 20:00:00,542.0,1054.0,61.20000076293945
2022-01-02 21:00:00,458.20001220703125,1020.0,56.70000076293945
2022-01-02 22:00:00,319.6000061035156,943.0,48.599998474121094
2022-01-03 00:00:00,0.0,0.0,0.0
2022-01-03 02:00:00,0.0,0.0,0.0
2022-01-03 22:00:00,323.79998779296875,948.0,49.099998474121094
2022-01-03 23:00:00,146.0,750.0,34.70000076293945
2022-01-04 01:00:00,0.0,0.0,0.0
2022-01-04 02:00:00,0.0,0.0,0.0
2022-01-03 06:00:00,0.0,0.0,0.0
2022-01-03 13:00:00,0.0,0.0,0.0
2022-01-03 10:00:00,0.0,0.0,0.0
2022-01-03 07:00:00,0.0,0.0,0.0
2022-01-03 08:00:00,0.0,0.0,0.0
2022-01-03 09:00:00,0.0,0.0,0.0
2022-01-03 12:00:00,0.0,0.0,0.0
2022-01-03 11:00:00,0.0,0.0,0.0
2022-01-04 03:00:00,0.0,0.0,0.0
2022-01-04 04:00:00,0.0,0.0,0.0
2022-01-04 05:00:00,0.0,0.0,0.0
2022-01-03 14:00:00,0.0,0.0,0.0
2022-01-03 15:00:00,66.69999694824219,489.29998779296875,26.5
2022-01-03 17:00:00,415.1000061035156,1005.0,55.400001525878906
2022-01-03 16:00:00,257.5,901.0,44.599998474121094
2022-01-03 18:00:00,522.0999755859375,1051.0,61.400001525878906
2022-01-03 19:00:00,566.4000244140625,1065.0,63.0
2022-01-03 20:00:00,544.5999755859375,1055.0,61.29999923706055
2022-01-03 21:00:00,460.79998779296875,1020.0,57.20000076293945
2022-01-04 00:00:00,0.0,0.0,0.0
2022-01-05 01:00:00,0.0,0.0,-1.5258788721439487e-07
2022-01-05 04:00:00,0.0,0.0,0.0
2022-01-04 13:00:00,0.0,0.0,0.0
2022-01-04 12:00:00,0.0,0.0,0.0
2022-01-04 08:00:00,0.0,0.0,0.0
2022-01-04 09:00:00,0.0,0.0,0.0
2022-01-04 10:00:00,0.0,0.0,0.0
2022-01-04 07:00:00,0.0,0.0,0.0
2022-01-04 06:00:00,0.0,0.0,0.0
2022-01-04 11:00:00,0.0,0.0,0.0
2022-01-05 03:00:00,0.0,0.0,0.0
2022-01-05 05:00:00,0.0,0.0,0.0
2022-01-04 14:00:00,0.0,0.0,0.0
2022-01-04 15:00:00,47.79999923706055,0.0,47.79999923706055
2022-01-04 16:00:00,214.10000610351562,134.0,182.3000030517578
2022-01-04 17:00:00,330.20001220703125,68.0,305.79998779296875
2022-01-04 18:00:00,291.20001220703125,0.0,291.20001220703125
2022-01-04 19:00:00,519.0,390.0,334.0
2022-01-04 20:00:00,404.79998779296875,7.0,401.5
2022-01-04 21:00:00,373.29998779296875,47.0,354.3999938964844
2022-01-04 22:00:00,212.10000610351562,0.0,212.0
2022-01-04 23:00:00,100.9000015258789,2.0,100.5999984741211
2022-01-05 00:00:00,0.0,0.0,0.0
2022-01-05 02:00:00,0.0,0.0,0.0
2022-01-05 22:00:00,70.69999694824219,0.0,70.69999694824219
2022-01-05 23:00:00,35.099998474121094,0.0,35.099998474121094
2022-01-06 02:00:00,0.0,0.0,0.0
2022-01-05 07:00:00,0.0,0.0,0.0
2022-01-05 10:00:00,0.0,0.0,0.0
2022-01-05 09:00:00,0.0,0.0,0.0
2022-01-05 08:00:00,0.0,0.0,0.0
2022-01-05 12:00:00,0.0,0.0,0.0
2022-01-05 11:00:00,0.0,0.0,0.0
2022-01-05 13:00:00,0.0,0.0,0.0
2022-01-05 06:00:00,0.0,0.0,0.0
2022-01-06 05:00:00,0.0,0.0,0.0
2022-01-05 14:00:00,0.0,0.0,0.0
2022-01-05 15:00:00,40.5,0.0,40.5
2022-01-06 04:00:00,0.0,0.0,0.0
2022-01-05 16:00:00,93.30000305175781,0.0,93.30000305175781
2022-01-05 17:00:00,113.5,0.0,113.5
2022-01-05 18:00:00,325.79998779296875,0.0,325.79998779296875
2022-01-05 19:00:00,401.5,1.0,401.1000061035156
2022-01-05 20:00:00,186.5,0.0,186.5
2022-01-05 21:00:00,199.5,0.0,199.5
2022-01-06 00:00:00,0.0,0.0,0.0
2022-01-06 01:00:00,0.0,0.0,0.0
2022-01-06 03:00:00,0.0,0.0,0.0
2022-01-06 23:00:00,150.10000610351562,737.0,35.70000076293945
2022-01-07 00:00:00,0.0,0.0,0.0
2022-01-07 01:00:00,0.0,0.0,-0.06722793728113174
2022-01-07 02:00:00,0.0,0.0,0.0
2022-01-06 07:00:00,0.0,0.0,0.0
2022-01-06 13:00:00,0.0,0.0,0.0
2022-01-06 10:00:00,0.0,0.0,0.0
2022-01-06 09:00:00,0.0,0.0,0.0
2022-01-06 08:00:00,0.0,0.0,0.0
2022-01-06 12:00:00,0.0,0.0,0.0
2022-01-06 06:00:00,0.0,0.0,0.0
2022-01-06 11:00:00,0.0,0.0,0.0
2022-01-07 03:00:00,0.0,0.0,0.0
2022-01-07 04:00:00,0.0,0.0,0.0
2022-01-07 05:00:00,0.0,0.0,0.0
2022-01-06 14:00:00,0.0,0.0,0.0
2022-01-06 15:00:00,27.600000381469727,0.0,27.600000381469727
2022-01-06 17:00:00,146.3000030517578,0.0,146.3000030517578
2022-01-06 16:00:00,87.0,0.0,87.0
2022-01-06 18:00:00,152.6999969482422,0.0,152.6999969482422
2022-01-06 19:00:00,305.8999938964844,0.0,305.8999938964844
2022-01-06 20:00:00,289.0,0.0,289.0
2022-01-06 21:00:00,466.8999938964844,921.0,96.0999984741211
2022-01-06 22:00:00,323.3999938964844,921.0,49.79999923706055
2022-01-07 22:00:00,334.29998779296875,950.0,50.5
2022-01-07 23:00:00,156.60000610351562,760.0,36.20000076293945
2022-01-08 00:00:00,0.0,0.0,0.0
2022-01-08 04:00:00,0.0,0.0,0.0
2022-01-07 10:00:00,0.0,0.0,0.0
2022-01-07 08:00:00,0.0,0.0,0.0
2022-01-07 12:00:00,0.0,0.0,0.0
2022-01-07 11:00:00,0.0,0.0,0.0
2022-01-07 09:00:00,0.0,0.0,0.0
2022-01-07 07:00:00,0.0,0.0,0.0
2022-01-07 13:00:00,0.0,0.0,0.0
2022-01-07 06:00:00,0.0,0.0,0.0
2022-01-08 01:00:00,0.0,0.0,0.0
2022-01-08 02:00:00,0.0,0.0,0.0
2022-01-08 05:00:00,0.0,0.0,0.0
2022-01-07 14:00:00,0.0,0.0,0.0
2022-01-07 15:00:00,58.599998474121094,302.0,33.5
2022-01-07 16:00:00,251.0,812.0,57.29999923706055
2022-01-07 17:00:00,409.0,970.0,58.400001525878906
2022-01-07 18:00:00,520.5,976.0,87.4000015258789
2022-01-07 19:00:00,512.5,358.0,340.8999938964844
2022-01-07 20:00:00,547.0999755859375,1039.0,62.70000076293945
2022-01-07 21:00:00,468.79998779296875,1013.0,58.599998474121094
2022-01-08 03:00:00,0.0,0.0,0.0
2022-01-08 22:00:00,224.6999969482422,7.0,222.6999969482422
2022-01-09 02:00:00,0.0,0.0,0.0
2022-01-08 11:00:00,0.0,0.0,0.0
2022-01-08 08:00:00,0.0,0.0,0.0
2022-01-08 12:00:00,0.0,0.0,0.0
2022-01-08 13:00:00,0.0,0.0,0.0
2022-01-08 10:00:00,0.0,0.0,0.0
2022-01-08 06:00:00,0.0,0.0,0.0
2022-01-08 07:00:00,0.0,0.0,0.0
2022-01-08 09:00:00,0.0,0.0,0.0
2022-01-09 03:00:00,0.0,0.0,0.0
2022-01-08 14:00:00,0.0,0.0,0.0
2022-01-09 04:00:00,0.0,0.0,0.0
2022-01-09 05:00:00,0.0,0.0,0.0
2022-01-08 16:00:00,202.0,60.0,187.60000610351562
2022-01-08 15:00:00,36.0,0.0,36.0
2022-01-08 17:00:00,387.79998779296875,396.0,244.10000610351562
2022-01-08 18:00:00,419.5,166.0,345.70001220703125
2022-01-08 19:00:00,357.6000061035156,306.0,210.10000610351562
2022-01-08 20:00:00,415.6000061035156,332.0,260.20001220703125
2022-01-08 21:00:00,460.70001220703125,813.0,129.3000030517578
2022-01-08 23:00:00,71.19999694824219,0.0,71.19999694824219
2022-01-09 00:00:00,0.0,0.0,0.0
2022-01-09 01:00:00,0.0,0.0,0.0
2022-01-09 22:00:00,348.1000061035156,969.0,52.29999923706055
2022-01-09 23:00:00,168.6999969482422,800.0,37.900001525878906
2022-01-10 00:00:00,0.0,0.0,0.0
2022-01-10 01:00:00,0.0,0.0,0.0
2022-01-10 02:00:00,0.0,0.0,0.0
2022-01-10 04:00:00,0.0,0.0,0.0
2022-01-09 10:00:00,0.0,0.0,0.0
2022-01-09 11:00:00,0.0,0.0,0.0
2022-01-09 06:00:00,0.0,0.0,0.0
2022-01-09 09:00:00,0.0,0.0,0.0
2022-01-09 13:00:00,0.0,0.0,0.0
2022-01-09 07:00:00,0.0,0.0,0.0
2022-01-09 08:00:00,0.0,0.0,0.0
2022-01-09 12:00:00,0.0,0.0,0.0
2022-01-10 03:00:00,0.0,0.0,0.0
2022-01-09 14:00:00,0.0,0.0,0.0
2022-01-09 15:00:00,71.9000015258789,519.5,28.299999237060547
2022-01-09 16:00:00,269.6000061035156,928.0,46.5
2022-01-09 17:00:00,433.0,1031.0,57.79999923706055
2022-01-09 18:00:00,545.0999755859375,1076.0,64.0999984741211
2022-01-09 21:00:00,490.3999938964844,1049.0,60.20000076293945
2022-01-09 20:00:00,573.2999877929688,1081.0,64.30000305175781
2022-01-10 05:00:00,0.0,0.0,0.0
2022-01-09 19:00:00,593.5999755859375,1092.0,65.9000015258789
2022-01-10 22:00:00,355.6000061035156,980.0,52.099998474121094
2022-01-11 00:00:00,0.0,0.0,0.0
2022-01-11 01:00:00,0.0,0.0,0.0
2022-01-11 04:00:00,0.0,0.0,0.0
2022-01-10 06:00:00,0.0,0.0,0.0
2022-01-10 10:00:00,0.0,0.0,0.0
2022-01-10 07:00:00,0.0,0.0,0.0
2022-01-10 09:00:00,0.0,0.0,0.0
2022-01-10 12:00:00,0.0,0.0,0.0
2022-01-10 08:00:00,0.0,0.0,0.0
2022-01-10 11:00:00,0.0,0.0,0.0
2022-01-10 13:00:00,0.0,0.0,0.0
2022-01-10 14:00:00,0.0,0.0,0.0
2022-01-11 02:00:00,0.0,0.0,0.0
2022-01-11 03:00:00,0.0,0.0,0.0
2022-01-10 15:00:00,72.9000015258789,525.5999755859375,28.299999237060547
2022-01-10 17:00:00,433.8999938964844,1029.0,57.70000076293945
2022-01-10 16:00:00,271.0,930.0,46.5
2022-01-10 18:00:00,546.5999755859375,1075.0,64.0999984741211
2022-01-10 19:00:00,594.9000244140625,1090.0,65.80000305175781
2022-01-10 20:00:00,577.5,1084.0,64.4000015258789
2022-01-10 21:00:00,495.8999938964844,1055.0,60.29999923706055
2022-01-10 23:00:00,173.60000610351562,810.0,37.900001525878906
2022-01-11 05:00:00,0.0,0.0,0.0
2022-01-11 22:00:00,360.79998779296875,991.0,52.400001525878906
2022-01-12 00:00:00,0.30000001192092896,20.0,0.30000001192092896
2022-01-12 05:00:00,0.0,0.0,0.0
2022-01-11 07:00:00,0.0,0.0,0.0
2022-01-11 06:00:00,0.0,0.0,0.0
2022-01-11 09:00:00,0.0,0.0,0.0
2022-01-11 08:00:00,0.0,0.0,0.0
2022-01-11 13:00:00,0.0,0.0,0.0
2022-01-11 11:00:00,0.0,0.0,0.0
2022-01-11 10:00:00,0.0,0.0,0.0
2022-01-11 12:00:00,0.0,0.0,0.0
2022-01-11 14:00:00,0.0,0.0,0.0
2022-01-12 01:00:00,0.0,0.0,0.0
2022-01-12 03:00:00,0.0,0.0,0.0
2022-01-11 16:00:00,264.79998779296875,676.0,101.0
2022-01-11 17:00:00,438.8999938964844,1024.0,63.29999923706055
2022-01-11 15:00:00,63.099998474121094,53.79999923706055,58.5
2022-01-11 18:00:00,552.4000244140625,1074.0,68.4000015258789
2022-01-11 19:00:00,603.5,1090.0,71.69999694824219
2022-01-11 20:00:00,581.0999755859375,1087.0,63.900001525878906
2022-01-11 21:00:00,499.79998779296875,1056.0,60.900001525878906
2022-01-11 23:00:00,177.8000030517578,820.0,38.400001525878906
2022-01-12 02:00:00,0.0,0.0,0.0
2022-01-12 04:00:00,0.0,0.0,0.0
2022-01-12 23:00:00,174.0,780.0,38.20000076293945
2022-01-13 00:00:00,1.600000023841858,50.0,1.399999976158142
2022-01-13 05:00:00,0.0,0.0,0.0
2022-01-12 08:00:00,0.0,0.0,0.0
2022-01-12 10:00:00,0.0,0.0,0.0
2022-01-12 09:00:00,0.0,0.0,0.0
2022-01-12 13:00:00,0.0,0.0,0.0
2022-01-12 07:00:00,0.0,0.0,0.0
2022-01-12 12:00:00,0.0,0.0,0.0
2022-01-12 06:00:00,0.0,0.0,0.0
2022-01-12 11:00:00,0.0,0.0,0.0
2022-01-12 14:00:00,0.0,0.0,0.0
2022-01-13 04:00:00,0.0,0.0,0.0
2022-01-12 15:00:00,70.19999694824219,482.79998779296875,28.5
2022-01-12 16:00:00,261.8999938964844,881.0,47.20000076293945
2022-01-12 17:00:00,421.5,985.0,58.29999923706055
2022-01-12 18:00:00,530.7000122070312,1034.0,62.70000076293945
2022-01-12 19:00:00,577.9000244140625,1008.0,84.0
2022-01-12 20:00:00,565.0,1046.0,64.4000015258789
2022-01-12 21:00:00,486.0,1017.0,60.20000076293945
2022-01-12 22:00:00,349.6000061035156,946.0,52.29999923706055
2022-01-13 01:00:00,0.0,0.0,0.0
2022-01-13 02:00:00,0.0,0.0,0.0
2022-01-13 03:00:00,0.0,0.0,0.0
2022-01-13 22:00:00,343.29998779296875,790.0,92.4000015258789
2022-01-13 23:00:00,177.39999389648438,744.0,46.29999923706055
2022-01-14 00:00:00,2.5999999046325684,0.0,2.5999999046325684
2022-01-14 02:00:00,0.0,0.0,0.0
2022-01-14 05:00:00,0.0,0.0,0.0
2022-01-13 10:00:00,0.0,0.0,0.0
2022-01-13 07:00:00,0.0,0.0,0.0
2022-01-13 09:00:00,0.0,0.0,0.0
2022-01-13 11:00:00,0.0,0.0,0.0
2022-01-13 13:00:00,0.0,0.0,0.0
2022-01-13 12:00:00,0.0,0.0,0.0
2022-01-13 06:00:00,0.0,0.0,0.0
2022-01-13 08:00:00,0.0,0.0,0.0
2022-01-14 03:00:00,0.0,0.0,0.0
2022-01-13 14:00:00,0.0,0.0,0.0
2022-01-13 15:00:00,77.19999694824219,622.0,22.899999618530273
2022-01-13 16:00:00,265.20001220703125,891.0,47.0
2022-01-13 17:00:00,420.70001220703125,907.0,84.9000015258789
2022-01-13 18:00:00,527.5999755859375,959.0,91.19999694824219
2022-01-13 19:00:00,563.7999877929688,697.0,220.5
2022-01-13 20:00:00,567.4000244140625,1042.0,66.0
2022-01-13 21:00:00,489.6000061035156,1019.0,60.099998474121094
2022-01-14 01:00:00,0.0,0.0,0.0
2022-01-14 04:00:00,0.0,0.0,0.0
2022-01-14 22:00:00,379.0,900.0,92.80000305175781
2022-01-14 23:00:00,167.0,547.0,68.9000015258789
2022-01-15 03:00:00,0.0,0.0,0.0
2022-01-15 04:00:00,0.0,0.0,0.0
2022-01-15 05:00:00,0.0,0.0,0.0
2022-01-14 07:00:00,0.0,0.0,0.0
2022-01-14 09:00:00,0.0,0.0,0.0
2022-01-14 13:00:00,0.0,0.0,0.0
2022-01-14 08:00:00,0.0,0.0,0.0
2022-01-14 06:00:00,0.0,0.0,0.0
2022-01-14 12:00:00,0.0,0.0,0.0
2022-01-14 10:00:00,0.0,0.0,0.0
2022-01-14 11:00:00,0.0,0.0,0.0
2022-01-14 14:00:00,0.0,0.0,0.0
2022-01-14 15:00:00,63.099998474121094,177.0,47.5
2022-01-14 16:00:00,265.1000061035156,822.0,62.599998474121094
2022-01-14 17:00:00,434.20001220703125,1005.0,60.20000076293945
2022-01-14 18:00:00,542.4000244140625,1042.0,66.19999694824219
2022-01-14 19:00:00,589.2000122070312,1027.0,80.5999984741211
2022-01-14 20:00:00,579.5999755859375,1048.0,72.30000305175781
2022-01-14 21:00:00,493.0,895.0,112.9000015258789
2022-01-15 00:00:00,8.399999618530273,0.0,8.399999618530273
2022-01-15 01:00:00,0.0,0.0,0.0
2022-01-15 02:00:00,0.0,0.0,0.0
2022-01-15 22:00:00,377.20001220703125,1000.0,54.29999923706055
2022-01-15 23:00:00,195.10000610351562,846.0,40.400001525878906
2022-01-16 00:00:00,8.100000381469727,180.0,5.699999809265137
2022-01-16 02:00:00,0.0,0.0,0.0
2022-01-16 03:00:00,0.0,0.0,0.0
2022-01-15 08:00:00,0.0,0.0,0.0
2022-01-15 11:00:00,0.0,0.0,0.0
2022-01-15 12:00:00,0.0,0.0,0.0
2022-01-15 06:00:00,0.0,0.0,0.0
2022-01-15 07:00:00,0.0,0.0,0.0
2022-01-15 13:00:00,0.0,0.0,0.0
2022-01-15 10:00:00,0.0,0.0,0.0
2022-01-15 09:00:00,0.0,0.0,0.0
2022-01-16 04:00:00,0.0,0.0,0.0
2022-01-16 05:00:00,0.0,0.0,0.0
2022-01-15 14:00:00,0.0,0.0,0.0
2022-01-15 15:00:00,85.69999694824219,682.0,24.600000381469727
2022-01-15 17:00:00,447.20001220703125,1036.0,59.79999923706055
2022-01-15 16:00:00,282.20001220703125,943.0,48.29999923706055
2022-01-15 18:00:00,560.9000244140625,1079.0,65.19999694824219
2022-01-15 19:00:00,612.4000244140625,1095.0,67.4000015258789
2022-01-15 20:00:00,595.5,1086.0,66.69999694824219
2022-01-15 21:00:00,515.4000244140625,1059.0,62.5
2022-01-16 01:00:00,0.0,0.0,0.0
2022-01-16 22:00:00,340.29998779296875,480.0,183.10000610351562
2022-01-16 23:00:00,191.39999389648438,800.0,42.900001525878906
2022-01-17 01:00:00,0.0,0.0,0.0
2022-01-16 09:00:00,0.0,0.0,0.0
2022-01-16 10:00:00,0.0,0.0,0.0
2022-01-16 08:00:00,0.0,0.0,0.0
2022-01-16 06:00:00,0.0,0.0,0.0
2022-01-16 13:00:00,0.0,0.0,0.0
2022-01-16 07:00:00,0.0,0.0,0.0
2022-01-16 12:00:00,0.0,0.0,0.0
2022-01-16 11:00:00,0.0,0.0,0.0
2022-01-17 03:00:00,0.0,0.0,0.0
2022-01-17 04:00:00,0.0,0.0,0.0
2022-01-16 14:00:00,0.0,0.0,0.0
2022-01-16 15:00:00,84.0999984741211,652.0,24.799999237060547
2022-01-16 16:00:00,278.29998779296875,919.0,49.0
2022-01-16 17:00:00,442.29998779296875,1015.0,60.70000076293945
2022-01-16 18:00:00,554.0999755859375,1055.0,67.30000305175781
2022-01-16 19:00:00,602.4000244140625,1067.0,68.5
2022-01-16 20:00:00,586.2000122070312,1058.0,67.5
2022-01-16 21:00:00,506.20001220703125,1028.0,63.29999923706055
2022-01-17 00:00:00,8.899999618530273,20.0,8.5
2022-01-17 02:00:00,0.0,0.0,0.0
2022-01-17 05:00:00,0.0,0.0,0.0
2022-01-17 23:00:00,195.10000610351562,720.0,58.099998474121094
2022-01-18 01:00:00,0.0,0.0,0.0
2022-01-18 03:00:00,0.0,0.0,0.0
2022-01-18 02:00:00,0.0,0.0,0.0
2022-01-17 10:00:00,0.0,0.0,0.0
2022-01-17 07:00:00,0.0,0.0,0.0
2022-01-17 09:00:00,0.0,0.0,0.0
2022-01-17 06:00:00,0.0,0.0,0.0
2022-01-17 08:00:00,0.0,0.0,0.0
2022-01-17 12:00:00,0.0,0.0,0.0
2022-01-17 11:00:00,0.0,0.0,0.0
2022-01-17 13:00:00,0.0,0.0,0.0
2022-01-18 04:00:00,0.0,0.0,0.0
2022-01-17 14:00:00,0.0,0.0,0.0
2022-01-18 05:00:00,0.0,0.0,0.0
2022-01-17 15:00:00,83.30000305175781,633.7000122070312,24.899999618530273
2022-01-17 16:00:00,276.6000061035156,908.0,48.5
2022-01-17 17:00:00,440.1000061035156,1006.0,59.79999923706055
2022-01-17 18:00:00,551.2999877929688,993.0,90.69999694824219
2022-01-17 19:00:00,604.2999877929688,1067.0,67.4000015258789
2022-01-17 20:00:00,590.9000244140625,1064.0,66.5
2022-01-17 21:00:00,510.0,962.0,92.19999694824219
2022-01-17 22:00:00,378.5,980.0,55.0
2022-01-18 00:00:00,12.5,220.0,8.0
2022-01-19 01:00:00,0.0,0.0,0.0
2022-01-19 04:00:00,0.0,0.0,0.0
2022-01-18 08:00:00,0.0,0.0,0.0
2022-01-18 07:00:00,0.0,0.0,0.0
2022-01-18 10:00:00,0.0,0.0,0.0
2022-01-18 13:00:00,0.0,0.0,0.0
2022-01-18 06:00:00,0.0,0.0,0.0
2022-01-18 11:00:00,0.0,0.0,0.0
2022-01-18 12:00:00,0.0,0.0,0.0
2022-01-18 09:00:00,0.0,0.0,0.0
2022-01-18 14:00:00,0.0,0.0,0.0
2022-01-18 15:00:00,87.80000305175781,660.7000122070312,25.899999618530273
2022-01-18 16:00:00,284.1000061035156,921.0,51.099998474121094
2022-01-19 05:00:00,0.0,0.0,0.0
2022-01-18 17:00:00,449.8999938964844,1022.0,61.0
2022-01-18 18:00:00,561.9000244140625,872.0,155.10000610351562
2022-01-18 19:00:00,596.7000122070312,777.0,203.10000610351562
2022-01-18 20:00:00,570.7000122070312,688.0,229.1999969482422
2022-01-18 21:00:00,457.20001220703125,230.0,356.5
2022-01-18 22:00:00,315.70001220703125,185.0,253.89999389648438
2022-01-18 23:00:00,128.0,0.0,127.9000015258789
2022-01-19 00:00:00,8.899999618530273,0.0,8.899999618530273
2022-01-19 02:00:00,0.0,0.0,0.0
2022-01-19 03:00:00,0.0,0.0,0.0
2022-01-19 22:00:00,382.8999938964844,970.0,56.0
2022-01-19 23:00:00,204.3000030517578,824.0,42.400001525878906
2022-01-20 01:00:00,0.0,0.0,0.0
2022-01-20 04:00:00,0.0,0.0,0.0
2022-01-19 06:00:00,0.0,0.0,0.0
2022-01-19 08:00:00,0.0,0.0,0.0
2022-01-19 10:00:00,0.0,0.0,0.0
2022-01-19 09:00:00,0.0,0.0,0.0
2022-01-19 07:00:00,0.0,0.0,0.0
2022-01-19 12:00:00,0.0,0.0,0.0
2022-01-19 13:00:00,0.0,0.0,0.0
2022-01-19 11:00:00,0.0,0.0,0.0
2022-01-19 14:00:00,0.0,0.0,0.0
2022-01-20 03:00:00,0.0,0.0,0.0
2022-01-19 15:00:00,64.80000305175781,3.799999952316284,64.5
2022-01-20 05:00:00,0.0,0.0,0.0
2022-01-19 16:00:00,253.89999389648438,370.0,159.5
2022-01-19 17:00:00,441.8999938964844,953.0,77.0999984741211
2022-01-19 18:00:00,543.5,777.0,179.10000610351562
2022-01-19 19:00:00,588.4000244140625,728.0,217.5
2022-01-19 20:00:00,596.7000122070312,1063.0,65.5
2022-01-19 21:00:00,517.2000122070312,1028.0,63.900001525878906
2022-01-20 00:00:00,17.399999618530273,300.0,10.5
2022-01-20 02:00:00,0.0,0.0,0.0
2022-01-20 22:00:00,391.29998779296875,985.0,55.20000076293945
2022-01-20 23:00:00,209.60000610351562,836.0,42.400001525878906
2022-01-21 00:00:00,20.299999237060547,290.0,11.5
2022-01-21 02:00:00,0.0,0.0,0.0
2022-01-21 03:00:00,0.0,0.0,0.0
2022-01-21 05:00:00,0.0,0.0,0.0
2022-01-20 11:00:00,0.0,0.0,0.0
2022-01-20 13:00:00,0.0,0.0,0.0
2022-01-20 12:00:00,0.0,0.0,0.0
2022-01-20 08:00:00,0.0,0.0,0.0
2022-01-20 06:00:00,0.0,0.0,0.0
2022-01-20 07:00:00,0.0,0.0,0.0
2022-01-20 10:00:00,0.0,0.0,0.0
2022-01-20 09:00:00,0.0,0.0,0.0
2022-01-21 04:00:00,0.0,0.0,0.0
2022-01-20 14:00:00,0.0,0.0,0.0
2022-01-20 15:00:00,91.0999984741211,670.7000122070312,26.200000762939453
2022-01-20 16:00:00,289.70001220703125,936.0,49.0
2022-01-20 17:00:00,458.1000061035156,1033.0,60.20000076293945
2022-01-20 18:00:00,573.7999877929688,1074.0,66.5
2022-01-20 19:00:00,625.7999877929688,1088.0,68.30000305175781
2022-01-20 20:00:00,610.0999755859375,1081.0,66.69999694824219
2022-01-20 21:00:00,530.5,1050.0,62.70000076293945
2022-01-21 01:00:00,0.0,0.0,0.0
2022-01-21 22:00:00,269.79998779296875,1.0,269.3999938964844
2022-01-22 00:00:00,16.200000762939453,0.0,16.200000762939453
2022-01-22 01:00:00,0.0,0.0,0.0
2022-01-22 02:00:00,0.0,0.0,0.0
2022-01-21 08:00:00,0.0,0.0,0.0
2022-01-21 13:00:00,0.0,0.0,0.0
2022-01-21 09:00:00,0.0,0.0,0.0
2022-01-21 11:00:00,0.0,0.0,0.0
2022-01-21 10:00:00,0.0,0.0,0.0
2022-01-21 07:00:00,0.0,0.0,0.0
2022-01-21 12:00:00,0.0,0.0,0.0
2022-01-21 06:00:00,0.0,0.0,0.0
2022-01-22 05:00:00,0.0,0.0,0.0
2022-01-21 14:00:00,0.0,0.0,0.0
2022-01-22 04:00:00,0.0,0.0,0.0
2022-01-21 15:00:00,43.0,0.0,43.0
2022-01-21 16:00:00,252.0,441.0,137.6999969482422
2022-01-21 17:00:00,260.6000061035156,0.0,260.6000061035156
2022-01-21 18:00:00,443.70001220703125,22.0,433.29998779296875
2022-01-21 19:00:00,409.20001220703125,0.0,409.1000061035156
2022-01-21 20:00:00,407.70001220703125,0.0,407.6000061035156
2022-01-21 21:00:00,400.6000061035156,7.0,397.3999938964844
2022-01-21 23:00:00,130.89999389648438,0.0,130.89999389648438
2022-01-22 03:00:00,0.0,0.0,0.0
2022-01-22 22:00:00,395.3999938964844,940.0,69.19999694824219
2022-01-22 23:00:00,217.39999389648438,840.0,43.599998474121094
2022-01-23 00:00:00,26.200000762939453,334.29998779296875,13.800000190734863
2022-01-23 03:00:00,0.0,0.0,0.0
2022-01-23 04:00:00,0.0,0.0,0.0
2022-01-22 09:00:00,0.0,0.0,0.0
2022-01-22 12:00:00,0.0,0.0,0.0
2022-01-22 11:00:00,0.0,0.0,0.0
2022-01-22 10:00:00,0.0,0.0,0.0
2022-01-22 07:00:00,0.0,0.0,0.0
2022-01-22 08:00:00,0.0,0.0,0.0
2022-01-22 06:00:00,0.0,0.0,0.0
2022-01-22 13:00:00,0.0,0.0,0.0
2022-01-22 14:00:00,0.0,0.0,0.0
2022-01-23 05:00:00,0.0,0.0,0.0
2022-01-22 15:00:00,90.9000015258789,649.0,25.600000381469727
2022-01-22 16:00:00,285.6000061035156,903.0,49.5
2022-01-22 17:00:00,452.1000061035156,1002.0,61.20000076293945
2022-01-22 18:00:00,568.7999877929688,1049.0,67.4000015258789
2022-01-22 19:00:00,622.7000122070312,1068.0,68.9000015258789
2022-01-22 20:00:00,608.0,1058.0,68.69999694824219
2022-01-22 21:00:00,531.5,1033.0,64.80000305175781
2022-01-23 01:00:00,0.0,0.0,0.0
2022-01-23 02:00:00,0.0,0.0,0.0
2022-01-23 22:00:00,398.70001220703125,972.0,56.29999923706055
2022-01-24 00:00:00,28.899999618530273,349.0,14.600000381469727
2022-01-24 01:00:00,0.0,0.0,0.0
2022-01-24 02:00:00,0.0,0.0,0.0
2022-01-24 04:00:00,0.0,0.0,0.0
2022-01-23 12:00:00,0.0,0.0,0.0
2022-01-23 06:00:00,0.0,0.0,0.0
2022-01-23 09:00:00,0.0,0.0,0.0
2022-01-23 07:00:00,0.0,0.0,0.0
2022-01-23 10:00:00,0.0,0.0,0.0
2022-01-23 11:00:00,0.0,0.0,0.0
2022-01-23 08:00:00,0.0,0.0,0.0
2022-01-23 13:00:00,0.0,0.0,0.0
2022-01-24 03:00:00,0.0,0.0,0.0
2022-01-23 14:00:00,0.0,0.0,0.0
2022-01-23 15:00:00,93.5,647.5,27.200000762939453
2022-01-23 16:00:00,289.20001220703125,910.0,49.20000076293945
2022-01-23 17:00:00,457.1000061035156,1013.0,59.0
2022-01-23 18:00:00,572.2999877929688,1051.0,67.0
2022-01-23 19:00:00,624.4000244140625,1065.0,68.5999984741211
2022-01-23 20:00:00,611.7000122070312,1060.0,67.9000015258789
2022-01-23 21:00:00,534.2999877929688,1033.0,63.79999923706055
2022-01-23 23:00:00,219.8000030517578,800.0,43.29999923706055
2022-01-24 05:00:00,0.0,0.0,0.0
2022-01-24 22:00:00,403.0,972.0,57.0
2022-01-25 00:00:00,30.600000381469727,208.0,21.299999237060547
2022-01-25 02:00:00,0.0,0.0,0.0
2022-01-25 04:00:00,0.0,0.0,0.0
2022-01-24 10:00:00,0.0,0.0,0.0
2022-01-24 09:00:00,0.0,0.0,0.0
2022-01-24 07:00:00,0.0,0.0,0.0
2022-01-24 11:00:00,0.0,0.0,0.0
2022-01-24 13:00:00,0.0,0.0,0.0
2022-01-24 06:00:00,0.0,0.0,0.0
2022-01-24 12:00:00,0.0,0.0,0.0
2022-01-24 08:00:00,0.0,0.0,0.0
2022-01-25 03:00:00,0.0,0.0,0.0
2022-01-24 14:00:00,0.0,0.0,0.0
2022-01-24 15:00:00,95.5,649.0,27.700000762939453
2022-01-24 17:00:00,456.79998779296875,1001.0,60.900001525878906
2022-01-24 16:00:00,290.79998779296875,906.0,49.599998474121094
2022-01-24 18:00:00,573.2999877929688,1046.0,66.9000015258789
2022-01-24 19:00:00,626.5999755859375,1063.0,68.4000015258789
2022-01-24 20:00:00,614.5,1057.0,68.0
2022-01-24 21:00:00,537.5999755859375,1031.0,64.30000305175781
2022-01-24 23:00:00,205.5,510.0,95.5
2022-01-25 01:00:00,0.0,0.0,0.0
2022-01-25 05:00:00,0.0,0.0,0.0
2022-01-25 23:00:00,229.89999389648438,900.0,42.20000076293945
2022-01-26 02:00:00,0.0,0.0,0.0
2022-01-25 06:00:00,0.0,0.0,0.0
2022-01-25 07:00:00,0.0,0.0,0.0
2022-01-25 10:00:00,0.0,0.0,0.0
2022-01-25 09:00:00,0.0,0.0,0.0
2022-01-25 08:00:00,0.0,0.0,0.0
2022-01-25 12:00:00,0.0,0.0,0.0
2022-01-25 13:00:00,0.0,0.0,0.0
2022-01-25 11:00:00,0.0,0.0,0.0
2022-01-26 05:00:00,0.0,0.0,0.0
2022-01-25 14:00:00,0.0,0.0,0.0
2022-01-26 04:00:00,0.0,0.0,0.0
2022-01-25 15:00:00,79.80000305175781,63.0,73.0999984741211
2022-01-25 17:00:00,300.0,0.0,299.8999938964844
2022-01-25 16:00:00,199.60000610351562,1.0,199.1999969482422
2022-01-25 18:00:00,502.0,84.0,461.1000061035156
2022-01-25 19:00:00,571.4000244140625,232.0,448.70001220703125
2022-01-25 20:00:00,561.9000244140625,487.0,308.29998779296875
2022-01-25 21:00:00,469.0,295.0,332.5
2022-01-25 22:00:00,391.0,670.0,151.0
2022-01-26 00:00:00,31.600000381469727,3.0,31.5
2022-01-26 01:00:00,0.0,0.0,0.0
2022-01-26 03:00:00,0.0,0.0,0.0
2022-01-26 22:00:00,418.5,992.0,57.5
2022-01-27 03:00:00,0.0,0.0,0.0
2022-01-26 06:00:00,0.0,0.0,0.0
2022-01-26 08:00:00,0.0,0.0,0.0
2022-01-26 07:00:00,0.0,0.0,0.0
2022-01-26 10:00:00,0.0,0.0,0.0
2022-01-26 11:00:00,0.0,0.0,0.0
2022-01-26 13:00:00,0.0,0.0,0.0
2022-01-26 12:00:00,0.0,0.0,0.0
2022-01-26 09:00:00,0.0,0.0,0.0
2022-01-27 04:00:00,0.0,0.0,0.0
2022-01-27 05:00:00,0.0,0.0,0.0
2022-01-26 14:00:00,0.0,0.0,0.0
2022-01-26 15:00:00,104.19999694824219,691.2999877929688,28.899999618530273
2022-01-26 16:00:00,308.29998779296875,952.0,50.20000076293945
2022-01-26 17:00:00,480.70001220703125,1045.0,61.29999923706055
2022-01-26 18:00:00,601.7999877929688,1089.0,67.69999694824219
2022-01-26 19:00:00,654.7999877929688,1099.0,69.69999694824219
2022-01-26 20:00:00,639.2999877929688,1089.0,68.5999984741211
2022-01-26 21:00:00,558.7000122070312,1059.0,64.5999984741211
2022-01-26 23:00:00,235.6999969482422,900.0,45.0
2022-01-27 00:00:00,39.099998474121094,414.0,17.600000381469727
2022-01-27 01:00:00,0.0,0.0,0.0
2022-01-27 02:00:00,0.0,0.0,0.0
2022-01-27 22:00:00,423.6000061035156,980.0,63.5
2022-01-28 01:00:00,0.0,0.0,0.0
2022-01-28 02:00:00,0.0,0.0,0.0
2022-01-28 03:00:00,0.0,0.0,0.0
2022-01-27 06:00:00,0.0,0.0,0.0
2022-01-27 08:00:00,0.0,0.0,0.0
2022-01-27 09:00:00,0.0,0.0,0.0
2022-01-27 07:00:00,0.0,0.0,0.0
2022-01-27 13:00:00,0.0,0.0,0.0
2022-01-27 12:00:00,0.0,0.0,0.0
2022-01-27 10:00:00,0.0,0.0,0.0
2022-01-27 11:00:00,0.0,0.0,0.0
2022-01-28 04:00:00,0.0,0.0,0.0
2022-01-28 05:00:00,0.0,0.0,0.0
2022-01-27 14:00:00,0.0,0.0,0.0
2022-01-27 15:00:00,102.4000015258789,261.6000061035156,73.30000305175781
2022-01-27 16:00:00,291.29998779296875,693.0,101.5999984741211
2022-01-27 17:00:00,439.5,435.0,263.5
2022-01-27 18:00:00,465.5,16.0,457.70001220703125
2022-01-27 19:00:00,523.5999755859375,38.0,503.1000061035156
2022-01-27 20:00:00,567.0,240.0,440.5
2022-01-27 21:00:00,516.7000122070312,413.0,322.3999938964844
2022-01-27 23:00:00,241.10000610351562,840.0,50.599998474121094
2022-01-28 00:00:00,43.20000076293945,440.0,18.899999618530273
2022-01-28 22:00:00,431.0,1006.0,57.20000076293945
2022-01-29 01:00:00,0.0,0.0,0.0
2022-01-29 02:00:00,0.0,0.0,0.0
2022-01-29 04:00:00,0.0,0.0,0.0
2022-01-28 07:00:00,0.0,0.0,0.0
2022-01-28 06:00:00,0.0,0.0,0.0
2022-01-28 12:00:00,0.0,0.0,0.0
2022-01-28 11:00:00,0.0,0.0,0.0
2022-01-28 08:00:00,0.0,0.0,0.0
2022-01-28 13:00:00,0.0,0.0,0.0
2022-01-28 10:00:00,0.0,0.0,0.0
2022-01-28 09:00:00,0.0,0.0,0.0
2022-01-29 05:00:00,0.0,0.0,0.0
2022-01-28 14:00:00,0.0,0.0,0.0
2022-01-28 15:00:00,107.30000305175781,685.0,29.399999618530273
2022-01-28 16:00:00,308.8999938964844,933.0,50.70000076293945
2022-01-29 03:00:00,0.0,0.0,0.0
2022-01-28 17:00:00,481.0,1029.0,61.599998474121094
2022-01-28 18:00:00,599.9000244140625,1071.0,67.30000305175781
2022-01-28 19:00:00,655.7000122070312,1086.0,69.5
2022-01-28 20:00:00,644.2000122070312,1082.0,68.80000305175781
2022-01-28 21:00:00,566.0999755859375,1056.0,65.0
2022-01-28 23:00:00,248.60000610351562,885.0,45.20000076293945
2022-01-29 00:00:00,47.29999923706055,473.0,19.299999237060547
2022-01-29 22:00:00,438.29998779296875,1010.0,57.900001525878906
2022-01-29 23:00:00,254.0,890.0,45.5
2022-01-30 02:00:00,0.0,0.0,0.0
2022-01-30 03:00:00,0.0,0.0,0.0
2022-01-29 13:00:00,0.0,0.0,0.0
2022-01-29 08:00:00,0.0,0.0,0.0
2022-01-29 07:00:00,0.0,0.0,0.0
2022-01-29 11:00:00,0.0,0.0,0.0
2022-01-29 12:00:00,0.0,0.0,0.0
2022-01-29 06:00:00,0.0,0.0,0.0
2022-01-29 10:00:00,0.0,0.0,0.0
2022-01-29 09:00:00,0.0,0.0,0.0
2022-01-29 14:00:00,0.0,0.0,0.0
2022-01-30 04:00:00,0.0,0.0,0.0
2022-01-29 15:00:00,112.80000305175781,709.0,30.299999237060547
2022-01-29 16:00:00,318.29998779296875,955.0,51.29999923706055
2022-01-29 17:00:00,492.8999938964844,1049.0,62.20000076293945
2022-01-29 18:00:00,614.7999877929688,1091.0,68.5999984741211
2022-01-29 19:00:00,670.5,1105.0,70.0
2022-01-29 20:00:00,660.4000244140625,1103.0,69.19999694824219
2022-01-29 21:00:00,577.2999877929688,1070.0,65.4000015258789
2022-01-30 00:00:00,51.79999923706055,502.0,20.200000762939453
2022-01-30 01:00:00,0.0,0.0,0.0
2022-01-30 05:00:00,0.0,0.0,0.0
2022-01-30 22:00:00,451.3999938964844,1040.0,57.79999923706055
2022-01-31 00:00:00,56.79999923706055,536.0,21.0
2022-01-31 01:00:00,0.0,0.0,0.0
2022-01-30 07:00:00,0.0,0.0,0.0
2022-01-30 13:00:00,0.0,0.0,0.0
2022-01-30 06:00:00,0.0,0.0,0.0
2022-01-30 09:00:00,0.0,0.0,0.0
2022-01-30 08:00:00,0.0,0.0,0.0
2022-01-30 11:00:00,0.0,0.0,0.0
2022-01-30 10:00:00,0.0,0.0,0.0
2022-01-30 12:00:00,0.0,0.0,0.0
2022-01-30 14:00:00,0.0,0.0,0.0
2022-01-30 15:00:00,117.69999694824219,735.0,30.299999237060547
2022-01-30 16:00:00,325.70001220703125,972.0,50.900001525878906
2022-01-31 04:00:00,0.0,0.0,0.0
2022-01-30 17:00:00,501.5,1062.0,62.0
2022-01-30 18:00:00,626.2000122070312,1106.0,68.5
2022-01-30 19:00:00,682.0999755859375,1119.0,69.80000305175781
2022-01-30 20:00:00,668.0999755859375,1110.0,68.9000015258789
2022-01-30 21:00:00,588.2000122070312,1083.0,65.19999694824219
2022-01-30 23:00:00,264.29998779296875,919.0,45.70000076293945
2022-01-31 02:00:00,0.0,0.0,0.0
2022-01-31 03:00:00,0.0,0.0,0.0
2022-01-31 05:00:00,0.0,0.0,0.0
2022-01-31 22:00:00,442.70001220703125,1000.0,58.79999923706055
2022-02-01 01:00:00,0.0,0.0,0.0
2022-02-01 02:00:00,0.0,0.0,0.0
2022-02-01 03:00:00,0.0,0.0,0.0
2022-02-01 04:00:00,0.0,0.0,0.0
2022-01-31 12:00:00,0.0,0.0,0.0
2022-01-31 09:00:00,0.0,0.0,0.0
2022-01-31 10:00:00,0.0,0.0,0.0
2022-01-31 06:00:00,0.0,0.0,0.0
2022-01-31 08:00:00,0.0,0.0,0.0
2022-01-31 07:00:00,0.0,0.0,0.0
2022-01-31 11:00:00,0.0,0.0,0.0
2022-01-31 13:00:00,0.0,0.0,0.0
2022-01-31 14:00:00,0.0,0.0,0.0
2022-02-01 05:00:00,0.0,0.0,0.0
2022-01-31 15:00:00,120.30000305175781,737.0,30.600000381469727
2022-01-31 16:00:00,321.0,815.0,88.19999694824219
2022-01-31 17:00:00,489.20001220703125,823.0,145.6999969482422
2022-01-31 19:00:00,631.9000244140625,558.0,324.29998779296875
2022-01-31 18:00:00,580.2000122070312,562.0,295.0
2022-01-31 20:00:00,655.0999755859375,1078.0,68.69999694824219
2022-01-31 21:00:00,575.9000244140625,1049.0,65.4000015258789
2022-01-31 23:00:00,261.29998779296875,890.0,46.70000076293945
2022-02-01 00:00:00,58.20000076293945,500.0,21.899999618530273
2022-02-01 22:00:00,375.6000061035156,270.0,270.79998779296875
2022-02-01 23:00:00,185.89999389648438,70.0,169.8000030517578
2022-02-02 03:00:00,0.0,0.0,0.0
2022-02-02 05:00:00,0.0,0.0,0.0
2022-02-01 08:00:00,0.0,0.0,0.0
2022-02-01 10:00:00,0.0,0.0,0.0
2022-02-01 06:00:00,0.0,0.0,0.0
2022-02-01 11:00:00,0.0,0.0,0.0
2022-02-01 13:00:00,0.0,0.0,0.0
2022-02-01 09:00:00,0.0,0.0,0.0
2022-02-01 07:00:00,0.0,0.0,0.0
2022-02-01 12:00:00,0.0,0.0,0.0
2022-02-02 02:00:00,0.0,0.0,0.0
2022-02-01 14:00:00,0.0,0.0,0.0
2022-02-01 15:00:00,99.4000015258789,88.0,88.5
2022-02-01 16:00:00,283.0,277.0,202.8000030517578
2022-02-01 17:00:00,394.70001220703125,30.0,382.20001220703125
2022-02-02 04:00:00,0.0,0.0,0.0
2022-02-01 18:00:00,479.20001220703125,115.0,420.6000061035156
2022-02-01 19:00:00,601.4000244140625,330.0,418.29998779296875
2022-02-01 20:00:00,431.29998779296875,0.0,431.20001220703125
2022-02-01 21:00:00,454.1000061035156,62.0,423.5
2022-02-02 00:00:00,38.5,0.0,38.5
2022-02-02 01:00:00,0.0,0.0,0.0
2022-02-02 22:00:00,280.20001220703125,0.0,280.20001220703125
2022-02-03 01:00:00,0.0,0.0,0.0
2022-02-03 02:00:00,0.0,0.0,0.0
2022-02-03 03:00:00,0.0,0.0,0.0
2022-02-03 05:00:00,0.0,0.0,0.0
2022-02-02 06:00:00,0.0,0.0,0.0
2022-02-02 08:00:00,0.0,0.0,0.0
2022-02-02 12:00:00,0.0,0.0,0.0
2022-02-02 11:00:00,0.0,0.0,0.0
2022-02-02 07:00:00,0.0,0.0,0.0
2022-02-02 13:00:00,0.0,0.0,0.0
2022-02-02 09:00:00,0.0,0.0,0.0
2022-02-02 10:00:00,0.0,0.0,0.0
2022-02-03 04:00:00,0.0,0.0,0.0
2022-02-02 14:00:00,0.0,0.0,0.0
2022-02-02 15:00:00,40.79999923706055,0.0,40.79999923706055
2022-02-02 16:00:00,228.8000030517578,6.0,227.10000610351562
2022-02-02 17:00:00,479.8999938964844,637.0,209.60000610351562
2022-02-02 18:00:00,558.7999877929688,189.0,461.20001220703125
2022-02-02 19:00:00,652.2999877929688,558.0,340.5
2022-02-02 20:00:00,614.2000122070312,394.0,396.8999938964844
2022-02-02 21:00:00,554.7999877929688,536.0,289.6000061035156
2022-02-02 23:00:00,143.5,0.0,143.5
2022-02-03 00:00:00,51.29999923706055,19.0,49.79999923706055
2022-02-03 22:00:00,464.70001220703125,1020.0,60.20000076293945
2022-02-04 03:00:00,0.0,0.0,0.0
2022-02-03 07:00:00,0.0,0.0,0.0
2022-02-03 12:00:00,0.0,0.0,0.0
2022-02-03 11:00:00,0.0,0.0,0.0
2022-02-03 06:00:00,0.0,0.0,0.0
2022-02-03 13:00:00,0.0,0.0,0.0
2022-02-03 10:00:00,0.0,0.0,0.0
2022-02-03 09:00:00,0.0,0.0,0.0
2022-02-03 08:00:00,0.0,0.0,0.0
2022-02-04 04:00:00,0.0,0.0,0.0
2022-02-03 14:00:00,0.0,0.0,0.0
2022-02-04 05:00:00,0.0,0.0,0.0
2022-02-03 15:00:00,128.5,732.2000122070312,33.099998474121094
2022-02-03 16:00:00,336.6000061035156,945.0,57.5
2022-02-03 17:00:00,509.0,992.0,84.5
2022-02-03 18:00:00,634.0999755859375,1086.0,70.4000015258789
2022-02-03 19:00:00,691.4000244140625,1075.0,86.19999694824219
2022-02-03 20:00:00,680.7000122070312,1096.0,71.0999984741211
2022-02-03 21:00:00,602.7999877929688,1065.0,71.0
2022-02-03 23:00:00,278.20001220703125,905.0,48.400001525878906
2022-02-04 00:00:00,70.5,560.0,24.399999618530273
2022-02-04 01:00:00,0.0,0.0,0.0
2022-02-04 02:00:00,0.0,0.0,0.0
2022-02-05 00:00:00,72.19999694824219,549.0,25.0
2022-02-05 01:00:00,0.0,0.0,0.0
2022-02-05 02:00:00,0.0,0.0,0.0
2022-02-04 12:00:00,0.0,0.0,0.0
2022-02-04 08:00:00,0.0,0.0,0.0
2022-02-04 06:00:00,0.0,0.0,0.0
2022-02-04 09:00:00,0.0,0.0,0.0
2022-02-04 07:00:00,0.0,0.0,0.0
2022-02-04 10:00:00,0.0,0.0,0.0
2022-02-04 11:00:00,0.0,0.0,0.0
2022-02-04 13:00:00,0.0,0.0,0.0
2022-02-05 05:00:00,0.0,0.0,0.0
2022-02-05 04:00:00,0.0,0.0,0.0
2022-02-04 14:00:00,0.0,0.0,0.0
2022-02-04 15:00:00,126.30000305175781,699.2000122070312,33.0
2022-02-04 16:00:00,331.70001220703125,933.0,53.099998474121094
2022-02-04 17:00:00,506.6000061035156,1025.0,64.0999984741211
2022-02-04 18:00:00,630.2000122070312,1070.0,70.5
2022-02-04 19:00:00,688.2000122070312,1086.0,72.19999694824219
2022-02-04 20:00:00,677.7000122070312,1081.0,71.9000015258789
2022-02-04 21:00:00,598.4000244140625,1053.0,68.0999984741211
2022-02-04 22:00:00,460.29998779296875,1000.0,60.900001525878906
2022-02-04 23:00:00,277.5,889.0,48.29999923706055
2022-02-05 03:00:00,0.0,0.0,0.0
2022-02-05 22:00:00,463.8999938964844,996.0,61.0
2022-02-06 00:00:00,76.69999694824219,567.0,25.799999237060547
2022-02-06 01:00:00,0.0,0.0,0.0
2022-02-06 02:00:00,0.0,0.0,0.0
2022-02-06 03:00:00,0.0,0.0,0.0
2022-02-05 12:00:00,0.0,0.0,0.0
2022-02-05 07:00:00,0.0,0.0,0.0
2022-02-05 06:00:00,0.0,0.0,0.0
2022-02-05 11:00:00,0.0,0.0,0.0
2022-02-05 13:00:00,0.0,0.0,0.0
2022-02-05 09:00:00,0.0,0.0,0.0
2022-02-05 08:00:00,0.0,0.0,0.0
2022-02-05 10:00:00,0.0,0.0,0.0
2022-02-05 14:00:00,0.0,0.0,0.0
2022-02-06 04:00:00,0.0,0.0,0.0
2022-02-05 15:00:00,131.10000610351562,712.0,33.79999923706055
2022-02-05 16:00:00,334.1000061035156,928.0,53.5
2022-02-05 17:00:00,507.20001220703125,1017.0,64.30000305175781
2022-02-05 18:00:00,628.0,1058.0,70.30000305175781
2022-02-05 19:00:00,686.5999755859375,1076.0,72.0
2022-02-05 20:00:00,675.9000244140625,1070.0,71.69999694824219
2022-02-05 21:00:00,599.7999877929688,1045.0,69.30000305175781
2022-02-05 23:00:00,281.29998779296875,890.0,49.099998474121094
2022-02-06 05:00:00,0.0,0.0,0.0
2022-02-07 02:00:00,0.0,0.0,0.0
2022-02-07 04:00:00,0.0,0.0,0.0
2022-02-06 13:00:00,0.0,0.0,0.0
2022-02-06 08:00:00,0.0,0.0,0.0
2022-02-06 07:00:00,0.0,0.0,0.0
2022-02-06 11:00:00,0.0,0.0,0.0
2022-02-06 10:00:00,0.0,0.0,0.0
2022-02-06 09:00:00,0.0,0.0,0.0
2022-02-06 06:00:00,0.0,0.0,0.0
2022-02-06 12:00:00,0.0,0.0,0.0
2022-02-06 14:00:00,0.0,0.0,0.0
2022-02-07 05:00:00,0.0,0.0,0.0
2022-02-06 15:00:00,134.5,719.0999755859375,34.0
2022-02-06 16:00:00,344.0,949.0,53.79999923706055
2022-02-06 17:00:00,521.0,1038.0,65.0999984741211
2022-02-06 18:00:00,641.7999877929688,1074.0,71.0
2022-02-06 19:00:00,698.5999755859375,1087.0,73.30000305175781
2022-02-06 20:00:00,683.0999755859375,1029.0,97.5999984741211
2022-02-06 21:00:00,609.2999877929688,1065.0,64.19999694824219
2022-02-06 22:00:00,471.6000061035156,1002.0,62.0
2022-02-06 23:00:00,285.0,855.0,57.5
2022-02-07 00:00:00,79.5999984741211,560.0,26.899999618530273
2022-02-07 01:00:00,0.0,0.0,0.0
2022-02-07 03:00:00,0.0,0.0,0.0
2022-02-07 22:00:00,475.29998779296875,1002.0,61.599998474121094
2022-02-08 01:00:00,0.0,0.0,0.0
2022-02-08 02:00:00,0.0,0.0,0.0
2022-02-07 12:00:00,0.0,0.0,0.0
2022-02-07 08:00:00,0.0,0.0,0.0
2022-02-07 11:00:00,0.0,0.0,0.0
2022-02-07 06:00:00,0.0,0.0,0.0
2022-02-07 07:00:00,0.0,0.0,0.0
2022-02-07 13:00:00,0.0,0.0,0.0
2022-02-07 10:00:00,0.0,0.0,0.0
2022-02-07 09:00:00,0.0,0.0,0.0
2022-02-08 04:00:00,0.0,0.0,0.0
2022-02-08 05:00:00,0.0,0.0,0.0
2022-02-07 14:00:00,0.0,0.0,0.0
2022-02-07 15:00:00,137.10000610351562,719.2000122070312,34.099998474121094
2022-02-07 16:00:00,343.8999938964844,937.0,54.0
2022-02-07 17:00:00,520.9000244140625,1029.0,65.0999984741211
2022-02-07 18:00:00,644.2000122070312,1071.0,70.9000015258789
2022-02-07 19:00:00,702.2000122070312,1085.0,73.0999984741211
2022-02-07 20:00:00,690.7000122070312,1078.0,72.5999984741211
2022-02-07 21:00:00,611.7999877929688,1051.0,69.0
2022-02-07 23:00:00,292.0,897.0,49.599998474121094
2022-02-08 00:00:00,84.5,590.0,27.299999237060547
2022-02-08 03:00:00,0.0,0.0,0.0
2022-02-08 22:00:00,491.5,1030.0,61.400001525878906
2022-02-09 00:00:00,91.0999984741211,619.0,28.299999237060547
2022-02-09 02:00:00,0.0,0.0,0.0
2022-02-09 03:00:00,0.0,0.0,0.0
2022-02-08 10:00:00,0.0,0.0,0.0
2022-02-08 12:00:00,0.0,0.0,0.0
2022-02-08 09:00:00,0.0,0.0,0.0
2022-02-08 06:00:00,0.0,0.0,0.0
2022-02-08 11:00:00,0.0,0.0,0.0
2022-02-08 08:00:00,0.0,0.0,0.0
2022-02-08 13:00:00,0.0,0.0,0.0
2022-02-08 07:00:00,0.0,0.0,0.0
2022-02-09 04:00:00,0.0,0.0,0.0
2022-02-09 05:00:00,0.0,0.0,0.0
2022-02-08 14:00:00,0.0,0.0,0.0
2022-02-08 15:00:00,138.8000030517578,724.0,32.70000076293945
2022-02-08 16:00:00,344.6000061035156,926.0,54.599998474121094
2022-02-08 17:00:00,522.4000244140625,1021.0,65.80000305175781
2022-02-08 18:00:00,652.7000122070312,1078.0,71.0
2022-02-08 19:00:00,711.5,1093.0,73.30000305175781
2022-02-08 20:00:00,703.4000244140625,1092.0,72.5999984741211
2022-02-08 21:00:00,627.5999755859375,1073.0,68.80000305175781
2022-02-08 23:00:00,306.5,940.0,50.0
2022-02-09 01:00:00,0.0,0.0,0.0
2022-02-09 22:00:00,483.79998779296875,967.0,75.9000015258789
2022-02-10 00:00:00,89.19999694824219,589.0,27.100000381469727
2022-02-10 01:00:00,0.0,0.0,0.0
2022-02-10 02:00:00,0.0,0.0,0.0
2022-02-09 12:00:00,0.0,0.0,0.0
2022-02-09 06:00:00,0.0,0.0,0.0
2022-02-09 10:00:00,0.0,0.0,0.0
2022-02-09 08:00:00,0.0,0.0,0.0
2022-02-09 07:00:00,0.0,0.0,0.0
2022-02-09 11:00:00,0.0,0.0,0.0
2022-02-09 13:00:00,0.0,0.0,0.0
2022-02-09 09:00:00,0.0,0.0,0.0
2022-02-09 14:00:00,0.0,0.0,0.0
2022-02-10 03:00:00,0.0,0.0,0.0
2022-02-10 04:00:00,0.0,0.0,0.0
2022-02-09 15:00:00,140.10000610351562,712.0,33.20000076293945
2022-02-09 16:00:00,344.5,691.0,125.5
2022-02-09 17:00:00,472.6000061035156,379.0,301.6000061035156
2022-02-09 18:00:00,585.2999877929688,369.0,384.5
2022-02-09 19:00:00,678.2000122070312,818.0,196.6999969482422
2022-02-09 20:00:00,673.0999755859375,867.0,168.39999389648438
2022-02-09 21:00:00,604.7000122070312,936.0,113.0
2022-02-09 23:00:00,294.20001220703125,873.0,51.29999923706055
2022-02-10 05:00:00,0.0,0.0,0.0
2022-02-11 03:00:00,0.0,0.0,0.0
2022-02-11 04:00:00,0.0,0.0,0.0
2022-02-10 06:00:00,0.0,0.0,0.0
2022-02-10 08:00:00,0.0,0.0,0.0
2022-02-10 07:00:00,0.0,0.0,0.0
2022-02-10 10:00:00,0.0,0.0,0.0
2022-02-10 12:00:00,0.0,0.0,0.0
2022-02-10 13:00:00,0.0,0.0,0.0
2022-02-10 09:00:00,0.0,0.0,0.0
2022-02-10 11:00:00,0.0,0.0,0.0
2022-02-11 05:00:00,0.0,0.0,0.0
2022-02-10 14:00:00,0.0,0.0,0.0
2022-02-10 15:00:00,145.5,713.5999755859375,35.79999923706055
2022-02-10 16:00:00,348.6000061035156,914.0,55.5
2022-02-10 17:00:00,518.5,994.0,65.9000015258789
2022-02-10 18:00:00,639.7999877929688,1028.0,76.4000015258789
2022-02-10 19:00:00,684.2000122070312,876.0,164.60000610351562
2022-02-10 20:00:00,687.7999877929688,1047.0,73.5
2022-02-10 21:00:00,617.9000244140625,1022.0,76.5
2022-02-10 22:00:00,482.0,985.0,62.400001525878906
2022-02-10 23:00:00,298.0,850.0,56.5
2022-02-11 00:00:00,92.80000305175781,580.0,29.0
2022-02-11 01:00:00,0.0,0.0,0.0
2022-02-11 02:00:00,0.0,0.0,0.0
2022-02-12 00:00:00,93.19999694824219,400.0,48.900001525878906
2022-02-12 02:00:00,0.0,0.0,0.0
2022-02-12 05:00:00,0.0,0.0,0.0
2022-02-11 10:00:00,0.0,0.0,0.0
2022-02-11 11:00:00,0.0,0.0,0.0
2022-02-11 12:00:00,0.0,0.0,0.0
2022-02-11 08:00:00,0.0,0.0,0.0
2022-02-11 07:00:00,0.0,0.0,0.0
2022-02-11 09:00:00,0.0,0.0,0.0
2022-02-11 13:00:00,0.0,0.0,0.0
2022-02-11 06:00:00,0.0,0.0,0.0
2022-02-12 03:00:00,0.0,0.0,0.0
2022-02-12 04:00:00,0.0,0.0,0.0
2022-02-11 14:00:00,0.0,0.0,0.0
2022-02-11 15:00:00,148.8000030517578,707.5,37.400001525878906
2022-02-11 16:00:00,355.3999938964844,922.0,56.099998474121094
2022-02-11 17:00:00,532.7999877929688,1016.0,66.0
2022-02-11 18:00:00,655.2999877929688,1057.0,71.5999984741211
2022-02-11 19:00:00,712.5999755859375,1058.0,80.5
2022-02-11 20:00:00,708.4000244140625,1071.0,75.30000305175781
2022-02-11 21:00:00,632.4000244140625,1051.0,71.0
2022-02-11 22:00:00,491.79998779296875,980.0,70.0999984741211
2022-02-11 23:00:00,307.1000061035156,890.0,51.0
2022-02-12 01:00:00,0.0,0.0,0.0
2022-02-12 22:00:00,495.8999938964844,993.0,64.0999984741211
2022-02-12 23:00:00,311.6000061035156,890.0,53.29999923706055
2022-02-13 01:00:00,0.0,0.0,0.0
2022-02-13 04:00:00,0.0,0.0,0.0
2022-02-13 05:00:00,0.0,0.0,0.0
2022-02-12 06:00:00,0.0,0.0,0.0
2022-02-12 08:00:00,0.0,0.0,0.0
2022-02-12 07:00:00,0.0,0.0,0.0
2022-02-12 09:00:00,0.0,0.0,0.0
2022-02-12 13:00:00,0.0,0.0,0.0
2022-02-12 10:00:00,0.0,0.0,0.0
2022-02-12 11:00:00,0.0,0.0,0.0
2022-02-12 12:00:00,0.0,0.0,0.0
2022-02-13 03:00:00,0.0,0.0,0.0
2022-02-12 14:00:00,0.0,0.0,0.0
2022-02-12 15:00:00,157.39999389648438,744.7000122070312,37.400001525878906
2022-02-12 16:00:00,366.1000061035156,941.0,56.599998474121094
2022-02-12 17:00:00,541.9000244140625,1024.0,67.30000305175781
2022-02-12 18:00:00,663.4000244140625,1061.0,72.9000015258789
2022-02-12 19:00:00,720.4000244140625,1072.0,75.4000015258789
2022-02-12 20:00:00,682.2999877929688,700.0,265.29998779296875
2022-02-12 21:00:00,633.4000244140625,1044.0,71.0999984741211
2022-02-13 00:00:00,102.69999694824219,610.0,30.899999618530273
2022-02-13 02:00:00,0.0,0.0,0.0
2022-02-13 22:00:00,506.0,1010.0,64.5999984741211
2022-02-14 02:00:00,0.0,0.0,0.0
2022-02-14 03:00:00,0.0,0.0,0.0
2022-02-13 12:00:00,0.0,0.0,0.0
2022-02-13 06:00:00,0.0,0.0,0.0
2022-02-13 10:00:00,0.0,0.0,0.0
2022-02-13 09:00:00,0.0,0.0,0.0
2022-02-13 13:00:00,0.0,0.0,0.0
2022-02-13 07:00:00,0.0,0.0,0.0
2022-02-13 08:00:00,0.0,0.0,0.0
2022-02-13 11:00:00,0.0,0.0,0.0
2022-02-14 04:00:00,0.0,0.0,0.0
2022-02-14 05:00:00,0.0,0.0,0.0
2022-02-13 14:00:00,0.0,0.0,0.0
2022-02-13 15:00:00,161.3000030517578,746.0,38.099998474121094
2022-02-13 16:00:00,371.5,944.0,57.29999923706055
2022-02-13 17:00:00,548.2999877929688,1026.0,68.30000305175781
2022-02-13 18:00:00,670.2000122070312,1064.0,73.30000305175781
2022-02-13 19:00:00,727.5999755859375,1075.0,75.9000015258789
2022-02-13 20:00:00,718.2999877929688,1071.0,75.5999984741211
2022-02-13 21:00:00,641.5,1049.0,72.0999984741211
2022-02-13 23:00:00,320.0,910.0,52.70000076293945
2022-02-14 00:00:00,108.80000305175781,638.0,31.700000762939453
2022-02-14 01:00:00,0.0,0.0,0.0
2022-02-14 23:00:00,326.79998779296875,910.0,53.099998474121094
2022-02-15 00:00:00,114.0999984741211,656.0,32.20000076293945
2022-02-15 01:00:00,0.0,0.0,0.0
2022-02-15 02:00:00,0.0,0.0,0.0
2022-02-15 05:00:00,0.0,0.0,0.0
2022-02-14 06:00:00,0.0,0.0,0.0
2022-02-14 07:00:00,0.0,0.0,0.0
2022-02-14 12:00:00,0.0,0.0,0.0
2022-02-14 08:00:00,0.0,0.0,0.0
2022-02-14 11:00:00,0.0,0.0,0.0
2022-02-14 09:00:00,0.0,0.0,0.0
2022-02-14 13:00:00,0.0,0.0,0.0
2022-02-14 10:00:00,0.0,0.0,0.0
2022-02-15 04:00:00,0.0,0.0,0.0
2022-02-14 14:00:00,0.0,0.0,0.0
2022-02-14 15:00:00,167.0,756.0,39.400001525878906
2022-02-14 16:00:00,378.6000061035156,952.0,57.70000076293945
2022-02-14 17:00:00,557.2000122070312,1035.0,68.5999984741211
2022-02-14 18:00:00,679.2999877929688,1070.0,73.9000015258789
2022-02-14 19:00:00,737.7000122070312,1083.0,76.4000015258789
2022-02-14 20:00:00,728.2000122070312,1078.0,76.19999694824219
2022-02-14 21:00:00,650.7999877929688,1055.0,73.5
2022-02-14 22:00:00,514.0,1017.0,63.0
2022-02-15 03:00:00,0.0,0.0,0.0
2022-02-15 22:00:00,425.0,110.0,373.8999938964844
2022-02-16 01:00:00,0.0,0.0,0.0
2022-02-15 06:00:00,0.0,0.0,0.0
2022-02-15 12:00:00,0.0,0.0,0.0
2022-02-15 10:00:00,0.0,0.0,0.0
2022-02-15 07:00:00,0.0,0.0,0.0
2022-02-15 13:00:00,0.0,0.0,0.0
2022-02-15 11:00:00,0.0,0.0,0.0
2022-02-15 09:00:00,0.0,0.0,0.0
2022-02-15 08:00:00,0.0,0.0,0.0
2022-02-16 04:00:00,0.0,0.0,0.0
2022-02-15 14:00:00,0.0,0.0,0.0
2022-02-15 15:00:00,170.10000610351562,751.0,40.29999923706055
2022-02-16 05:00:00,0.0,0.0,0.0
2022-02-15 16:00:00,375.20001220703125,827.0,93.0999984741211
2022-02-15 17:00:00,555.7999877929688,933.0,111.30000305175781
2022-02-15 18:00:00,675.7000122070312,925.0,148.1999969482422
2022-02-15 19:00:00,739.5,1064.0,84.5
2022-02-15 20:00:00,727.0,1032.0,98.0999984741211
2022-02-15 21:00:00,625.9000244140625,629.0,278.79998779296875
2022-02-15 23:00:00,309.70001220703125,733.0,87.30000305175781
2022-02-16 00:00:00,92.0,308.0,52.29999923706055
2022-02-16 02:00:00,0.0,0.0,0.0
2022-02-16 03:00:00,0.0,0.0,0.0
2022-02-16 22:00:00,460.3999938964844,209.0,365.8999938964844
2022-02-16 23:00:00,315.70001220703125,527.0,153.5
2022-02-17 01:00:00,0.0,0.0,0.0
2022-02-17 04:00:00,0.0,0.0,0.0
2022-02-16 10:00:00,0.0,0.0,0.0
2022-02-16 13:00:00,0.0,0.0,0.0
2022-02-16 09:00:00,0.0,0.0,0.0
2022-02-16 12:00:00,0.0,0.0,0.0
2022-02-16 06:00:00,0.0,0.0,0.0
2022-02-16 07:00:00,0.0,0.0,0.0
2022-02-16 11:00:00,0.0,0.0,0.0
2022-02-16 08:00:00,0.0,0.0,0.0
2022-02-16 14:00:00,0.0,0.0,0.0
2022-02-17 05:00:00,0.0,0.0,0.0
2022-02-16 15:00:00,132.3000030517578,18.299999237060547,129.10000610351562
2022-02-16 16:00:00,367.8999938964844,333.0,252.6999969482422
2022-02-16 17:00:00,458.70001220703125,76.0,422.1000061035156
2022-02-16 18:00:00,358.5,0.0,358.5
2022-02-16 19:00:00,665.7000122070312,140.0,578.9000244140625
2022-02-16 20:00:00,622.2999877929688,339.0,414.5
2022-02-16 21:00:00,539.7999877929688,200.0,428.3999938964844
2022-02-17 00:00:00,113.4000015258789,377.0,63.29999923706055
2022-02-17 02:00:00,0.0,0.0,0.0
2022-02-17 03:00:00,0.0,0.0,0.0
2022-02-17 22:00:00,532.0999755859375,1021.0,66.4000015258789
2022-02-18 00:00:00,126.30000305175781,673.0,34.400001525878906
2022-02-18 01:00:00,0.0,0.0,0.0
2022-02-18 03:00:00,0.0,0.0,0.0
2022-02-17 13:00:00,0.0,0.0,0.0
2022-02-17 07:00:00,0.0,0.0,0.0
2022-02-17 06:00:00,0.0,0.0,0.0
2022-02-17 10:00:00,0.0,0.0,0.0
2022-02-17 11:00:00,0.0,0.0,0.0
2022-02-17 12:00:00,0.0,0.0,0.0
2022-02-17 08:00:00,0.0,0.0,0.0
2022-02-17 09:00:00,0.0,0.0,0.0
2022-02-17 14:00:00,0.0,0.0,0.0
2022-02-18 04:00:00,0.0,0.0,0.0
2022-02-17 15:00:00,180.8000030517578,791.0,37.5
2022-02-18 05:00:00,0.0,0.0,0.0
2022-02-17 16:00:00,398.1000061035156,971.0,58.599998474121094
2022-02-17 17:00:00,579.2000122070312,1050.0,69.19999694824219
2022-02-17 18:00:00,700.4000244140625,1080.0,74.9000015258789
2022-02-17 19:00:00,762.9000244140625,1098.0,76.9000015258789
2022-02-17 20:00:00,751.5999755859375,1092.0,76.5
2022-02-17 21:00:00,673.7999877929688,1071.0,73.0
2022-02-17 23:00:00,340.5,917.0,54.79999923706055
2022-02-18 02:00:00,0.0,0.0,0.0
2022-02-18 22:00:00,527.5,1000.0,67.69999694824219
2022-02-18 23:00:00,341.1000061035156,890.0,59.29999923706055
2022-02-19 04:00:00,0.0,0.0,0.0
2022-02-19 05:00:00,0.0,0.0,0.0
2022-02-18 06:00:00,0.0,0.0,0.0
2022-02-18 10:00:00,0.0,0.0,0.0
2022-02-18 07:00:00,0.0,0.0,0.0
2022-02-18 12:00:00,0.0,0.0,0.0
2022-02-18 09:00:00,0.0,0.0,0.0
2022-02-18 08:00:00,0.0,0.0,0.0
2022-02-18 11:00:00,0.0,0.0,0.0
2022-02-18 13:00:00,0.0,0.0,0.0
2022-02-19 02:00:00,0.0,0.0,0.0
2022-02-19 03:00:00,0.0,0.0,0.0
2022-02-18 14:00:00,0.0,0.0,0.0
2022-02-18 15:00:00,184.60000610351562,777.0,40.599998474121094
2022-02-18 16:00:00,396.5,951.0,59.5
2022-02-18 17:00:00,573.5,1026.0,70.5
2022-02-18 18:00:00,698.0999755859375,1066.0,75.69999694824219
2022-02-18 19:00:00,756.7999877929688,1079.0,78.0999984741211
2022-02-18 20:00:00,745.7999877929688,1072.0,78.0
2022-02-18 21:00:00,667.0999755859375,1050.0,73.5999984741211
2022-02-19 00:00:00,128.5,665.0,35.099998474121094
2022-02-19 01:00:00,0.0,0.0,0.0
2022-02-19 22:00:00,538.0999755859375,1011.0,67.80000305175781
2022-02-19 23:00:00,348.5,913.0,56.400001525878906
2022-02-20 00:00:00,133.39999389648438,671.0,36.400001525878906
2022-02-20 02:00:00,0.0,0.0,0.0
2022-02-20 03:00:00,0.0,0.0,0.0
2022-02-20 04:00:00,0.0,0.0,0.0
2022-02-20 05:00:00,0.0,0.0,0.0
2022-02-19 12:00:00,0.0,0.0,0.0
2022-02-19 10:00:00,0.0,0.0,0.0
2022-02-19 13:00:00,0.0,0.0,0.0
2022-02-19 09:00:00,0.0,0.0,0.0
2022-02-19 11:00:00,0.0,0.0,0.0
2022-02-19 07:00:00,0.0,0.0,0.0
2022-02-19 08:00:00,0.0,0.0,0.0
2022-02-19 06:00:00,0.0,0.0,0.0
2022-02-19 14:00:00,0.0,0.0,0.0
2022-02-19 15:00:00,186.89999389648438,762.2000122070312,42.5
2022-02-19 16:00:00,397.8999938964844,941.0,60.599998474121094
2022-02-19 17:00:00,575.5,1018.0,71.80000305175781
2022-02-19 18:00:00,697.2000122070312,1054.0,76.80000305175781
2022-02-19 19:00:00,757.5999755859375,1069.0,79.9000015258789
2022-02-19 20:00:00,751.4000244140625,1071.0,79.0999984741211
2022-02-19 21:00:00,676.5,1055.0,75.0
2022-02-20 01:00:00,0.0,0.0,0.0
2022-02-20 22:00:00,544.2999877929688,1013.0,68.69999694824219
2022-02-21 01:00:00,0.0,0.0,0.0
2022-02-21 03:00:00,0.0,0.0,0.0
2022-02-21 05:00:00,0.0,0.0,0.0
2022-02-20 13:00:00,0.0,0.0,0.0
2022-02-20 12:00:00,0.0,0.0,0.0
2022-02-20 09:00:00,0.0,0.0,0.0
2022-02-20 08:00:00,0.0,0.0,0.0
2022-02-20 11:00:00,0.0,0.0,0.0
2022-02-20 06:00:00,0.0,0.0,0.0
2022-02-20 07:00:00,0.0,0.0,0.0
2022-02-20 10:00:00,0.0,0.0,0.0
2022-02-20 14:00:00,0.0,0.0,0.0
2022-02-21 04:00:00,0.0,0.0,0.0
2022-02-20 15:00:00,196.39999389648438,792.0,42.79999923706055
2022-02-20 16:00:00,410.6000061035156,962.0,61.29999923706055
2022-02-20 17:00:00,589.0999755859375,1037.0,71.4000015258789
2022-02-20 18:00:00,715.5999755859375,1072.0,79.4000015258789
2022-02-20 19:00:00,772.5999755859375,1085.0,79.9000015258789
2022-02-20 20:00:00,763.5,1082.0,79.0999984741211
2022-02-20 21:00:00,688.2999877929688,1068.0,75.0
2022-02-20 23:00:00,353.20001220703125,913.0,57.400001525878906
2022-02-21 00:00:00,137.1999969482422,672.0,37.5
2022-02-21 02:00:00,0.0,0.0,0.0
2022-02-21 22:00:00,438.3999938964844,25.0,426.79998779296875
2022-02-22 00:00:00,105.9000015258789,2.0,105.5999984741211
2022-02-22 03:00:00,0.0,0.0,0.0
2022-02-22 04:00:00,0.0,0.0,0.0
2022-02-21 08:00:00,0.0,0.0,0.0
2022-02-21 13:00:00,0.0,0.0,0.0
2022-02-21 10:00:00,0.0,0.0,0.0
2022-02-21 06:00:00,0.0,0.0,0.0
2022-02-21 09:00:00,0.0,0.0,0.0
2022-02-21 12:00:00,0.0,0.0,0.0
2022-02-21 07:00:00,0.0,0.0,0.0
2022-02-21 11:00:00,0.0,0.0,0.0
2022-02-22 05:00:00,0.0,0.0,0.0
2022-02-21 14:00:00,0.0,0.0,0.0
2022-02-21 15:00:00,122.0,0.0,122.0
2022-02-21 16:00:00,225.1999969482422,0.0,225.1999969482422
2022-02-21 18:00:00,331.70001220703125,0.0,331.70001220703125
2022-02-21 17:00:00,396.8999938964844,0.0,396.8999938964844
2022-02-21 19:00:00,340.8999938964844,0.0,340.8999938964844
2022-02-21 20:00:00,615.9000244140625,19.0,604.0
2022-02-21 21:00:00,502.3999938964844,2.0,501.0
2022-02-21 23:00:00,251.60000610351562,2.0,250.89999389648438
2022-02-22 01:00:00,0.0,0.0,0.0
2022-02-22 02:00:00,0.0,0.0,0.0
2022-02-22 22:00:00,520.4000244140625,274.0,389.20001220703125
2022-02-22 23:00:00,333.8999938964844,462.0,180.39999389648438
2022-02-23 01:00:00,0.0,0.0,0.0
2022-02-23 03:00:00,0.0,0.0,0.0
2022-02-23 04:00:00,0.0,0.0,0.0
2022-02-22 06:00:00,0.0,0.0,0.0
2022-02-22 12:00:00,0.0,0.0,0.0
2022-02-22 07:00:00,0.0,0.0,0.0
2022-02-22 13:00:00,0.0,0.0,0.0
2022-02-22 10:00:00,0.0,0.0,0.0
2022-02-22 08:00:00,0.0,0.0,0.0
2022-02-22 09:00:00,0.0,0.0,0.0
2022-02-22 11:00:00,0.0,0.0,0.0
2022-02-23 05:00:00,0.0,0.0,0.0
2022-02-22 14:00:00,0.0,0.0,0.0
2022-02-22 15:00:00,130.39999389648438,0.20000000298023224,130.39999389648438
2022-02-22 16:00:00,329.3999938964844,161.0,269.6000061035156
2022-02-22 17:00:00,528.0999755859375,243.0,404.70001220703125
2022-02-22 18:00:00,631.5,132.0,551.9000244140625
2022-02-22 19:00:00,678.2000122070312,353.0,449.3999938964844
2022-02-22 20:00:00,716.5,424.0,444.3999938964844
2022-02-22 21:00:00,655.0999755859375,496.0,365.79998779296875
2022-02-23 00:00:00,117.0,122.0,98.0
2022-02-23 02:00:00,0.0,0.0,0.0
2022-02-24 00:00:00,61.70000076293945,0.0,61.70000076293945
2022-02-24 01:00:00,0.0,0.0,0.0
2022-02-24 04:00:00,0.0,0.0,0.0
2022-02-23 06:00:00,0.0,0.0,0.0
2022-02-23 12:00:00,0.0,0.0,0.0
2022-02-23 09:00:00,0.0,0.0,0.0
2022-02-23 13:00:00,0.0,0.0,0.0
2022-02-23 08:00:00,0.0,0.0,0.0
2022-02-23 11:00:00,0.0,0.0,0.0
2022-02-23 07:00:00,0.0,0.0,0.0
2022-02-23 10:00:00,0.0,0.0,0.0
2022-02-24 05:00:00,0.0,0.0,0.0
2022-02-23 14:00:00,0.0,0.0,0.0
2022-02-23 15:00:00,137.39999389648438,0.20000000298023224,137.3000030517578
2022-02-23 16:00:00,276.1000061035156,0.0,276.1000061035156
2022-02-23 17:00:00,411.5,3.0,409.8999938964844
2022-02-23 18:00:00,353.79998779296875,0.0,353.79998779296875
2022-02-23 19:00:00,650.5999755859375,24.0,634.5999755859375
2022-02-23 20:00:00,429.29998779296875,0.0,429.29998779296875
2022-02-23 21:00:00,507.0,1.0,506.29998779296875
2022-02-23 22:00:00,363.79998779296875,0.0,363.70001220703125
2022-02-23 23:00:00,229.39999389648438,0.0,229.3000030517578
2022-02-24 02:00:00,0.0,0.0,0.0
2022-02-24 03:00:00,0.0,0.0,0.0
2022-02-24 22:00:00,498.0,370.0,318.8999938964844
2022-02-25 01:00:00,0.0,0.0,0.0
2022-02-25 02:00:00,0.0,0.0,0.0
2022-02-25 03:00:00,0.0,0.0,0.0
2022-02-25 04:00:00,0.0,0.0,0.0
2022-02-25 05:00:00,0.0,0.0,0.0
2022-02-24 07:00:00,0.0,0.0,0.0
2022-02-24 08:00:00,0.0,0.0,0.0
2022-02-24 06:00:00,0.0,0.0,0.0
2022-02-24 10:00:00,0.0,0.0,0.0
2022-02-24 12:00:00,0.0,0.0,0.0
2022-02-24 11:00:00,0.0,0.0,0.0
2022-02-24 13:00:00,0.0,0.0,0.0
2022-02-24 09:00:00,0.0,0.0,0.0
2022-02-24 14:00:00,0.0,0.0,0.0
2022-02-24 15:00:00,118.80000305175781,0.0,118.80000305175781
2022-02-24 16:00:00,422.29998779296875,639.0,178.60000610351562
2022-02-24 17:00:00,582.2999877929688,591.0,276.0
2022-02-24 18:00:00,729.4000244140625,730.0,282.3999938964844
2022-02-24 19:00:00,783.9000244140625,602.0,387.79998779296875
2022-02-24 20:00:00,769.2999877929688,676.0,329.1000061035156
2022-02-24 21:00:00,708.5,907.0,171.3000030517578
2022-02-24 23:00:00,309.8999938964844,147.0,260.1000061035156
2022-02-25 00:00:00,138.5,221.0,102.4000015258789
2022-02-26 02:00:00,0.0,0.0,3.814697180359872e-08
2022-02-25 09:00:00,0.0,0.0,0.0
2022-02-25 11:00:00,0.0,0.0,0.0
2022-02-25 13:00:00,0.0,0.0,0.0
2022-02-25 06:00:00,0.0,0.0,0.0
2022-02-25 12:00:00,0.0,0.0,0.0
2022-02-25 10:00:00,0.0,0.0,0.0
2022-02-25 08:00:00,0.0,0.0,0.0
2022-02-25 07:00:00,0.0,0.0,0.0
2022-02-26 03:00:00,0.0,0.0,0.0
2022-02-26 04:00:00,0.0,0.0,0.0
2022-02-25 14:00:00,0.0,0.0,0.0
2022-02-25 15:00:00,181.39999389648438,70.0,166.1999969482422
2022-02-25 16:00:00,269.70001220703125,0.0,269.70001220703125
2022-02-25 17:00:00,425.20001220703125,0.0,425.1000061035156
2022-02-25 18:00:00,502.0,0.0,502.0
2022-02-25 19:00:00,778.5999755859375,584.0,391.8999938964844
2022-02-25 20:00:00,653.5,15.0,643.7999877929688
2022-02-25 21:00:00,707.9000244140625,789.0,237.0
2022-02-25 22:00:00,559.5999755859375,734.0,199.5
2022-02-25 23:00:00,394.5,640.0,173.0
2022-02-26 00:00:00,150.6999969482422,380.0,87.0
2022-02-26 01:00:00,0.0,0.0,0.0
2022-02-26 05:00:00,0.0,0.0,0.0
2022-02-26 23:00:00,393.70001220703125,956.0,60.599998474121094
2022-02-27 00:00:00,170.39999389648438,753.0,41.5
2022-02-26 06:00:00,0.0,0.0,0.0
2022-02-26 09:00:00,0.0,0.0,0.0
2022-02-26 10:00:00,0.0,0.0,0.0
2022-02-26 07:00:00,0.0,0.0,0.0
2022-02-26 12:00:00,0.0,0.0,0.0
2022-02-26 11:00:00,0.0,0.0,0.0
2022-02-26 13:00:00,0.0,0.0,0.0
2022-02-26 08:00:00,0.0,0.0,0.0
2022-02-27 03:00:00,0.0,0.0,0.0
2022-02-26 14:00:00,0.0,0.0,0.0
2022-02-26 15:00:00,236.8000030517578,858.0,47.099998474121094
2022-02-27 04:00:00,0.0,0.0,0.0
2022-02-26 16:00:00,458.8999938964844,1007.0,64.9000015258789
2022-02-26 17:00:00,641.9000244140625,1072.0,75.9000015258789
2022-02-26 18:00:00,767.7999877929688,1102.0,82.4000015258789
2022-02-26 19:00:00,825.0999755859375,1110.0,84.19999694824219
2022-02-26 20:00:00,808.9000244140625,1099.0,83.4000015258789
2022-02-26 21:00:00,727.5999755859375,1077.0,79.5
2022-02-26 22:00:00,585.2000122070312,1036.0,72.0999984741211
2022-02-27 01:00:00,0.0,0.0,0.0
2022-02-27 02:00:00,0.0,0.0,0.0
2022-02-27 05:00:00,0.0,0.0,0.0
2022-02-27 22:00:00,591.2000122070312,1041.0,71.19999694824219
2022-02-27 23:00:00,394.70001220703125,950.0,59.79999923706055
2022-02-28 00:00:00,172.5,750.0,41.099998474121094
2022-02-28 01:00:00,0.0,0.0,0.0
2022-02-28 04:00:00,0.0,0.0,0.0
2022-02-27 12:00:00,0.0,0.0,0.0
2022-02-27 07:00:00,0.0,0.0,0.0
2022-02-27 13:00:00,0.0,0.0,0.0
2022-02-27 10:00:00,0.0,0.0,0.0
2022-02-27 11:00:00,0.0,0.0,0.0
2022-02-27 08:00:00,0.0,0.0,0.0
2022-02-27 06:00:00,0.0,0.0,0.0
2022-02-27 09:00:00,0.0,0.0,0.0
2022-02-28 03:00:00,0.0,0.0,0.0
2022-02-28 05:00:00,0.0,0.0,0.0
2022-02-27 14:00:00,0.0,0.0,0.0
2022-02-27 16:00:00,461.6000061035156,999.0,65.9000015258789
2022-02-27 15:00:00,240.8000030517578,852.5,48.20000076293945
2022-02-27 17:00:00,643.0,1063.0,76.5999984741211
2022-02-27 18:00:00,767.5999755859375,1094.0,81.80000305175781
2022-02-27 19:00:00,825.5999755859375,1104.0,83.9000015258789
2022-02-27 20:00:00,810.9000244140625,1096.0,82.5
2022-02-27 21:00:00,729.0,1073.0,78.5999984741211
2022-02-28 02:00:00,0.0,0.0,0.0
2022-02-28 23:00:00,396.79998779296875,943.0,60.599998474121094
2022-03-01 00:00:00,176.60000610351562,750.0,41.900001525878906
2022-02-28 06:00:00,0.0,0.0,0.0
2022-02-28 12:00:00,0.0,0.0,0.0
2022-02-28 11:00:00,0.0,0.0,0.0
2022-02-28 08:00:00,0.0,0.0,0.0
2022-02-28 09:00:00,0.0,0.0,0.0
2022-02-28 13:00:00,0.0,0.0,0.0
2022-02-28 10:00:00,0.0,0.0,0.0
2022-02-28 07:00:00,0.0,0.0,0.0
2022-03-01 03:00:00,0.0,0.0,0.0
2022-03-01 05:00:00,0.0,0.0,0.0
2022-02-28 14:00:00,0.0,0.0,0.0
2022-02-28 15:00:00,237.1999969482422,822.0,47.599998474121094
2022-02-28 16:00:00,455.8999938964844,972.0,66.0999984741211
2022-02-28 17:00:00,640.7000122070312,1049.0,76.19999694824219
2022-02-28 18:00:00,768.0,1087.0,81.30000305175781
2022-02-28 19:00:00,827.9000244140625,1099.0,84.0999984741211
2022-02-28 20:00:00,816.0999755859375,1094.0,83.5
2022-02-28 21:00:00,731.2999877929688,1068.0,79.0999984741211
2022-02-28 22:00:00,588.9000244140625,1030.0,71.5999984741211
2022-03-01 01:00:00,0.0,0.0,0.0
2022-03-01 02:00:00,0.0,0.0,0.0
2022-03-01 04:00:00,0.0,0.0,0.0
2022-03-01 22:00:00,586.7999877929688,1013.0,72.5
2022-03-01 23:00:00,398.1000061035156,935.0,61.20000076293945
2022-03-02 00:00:00,178.10000610351562,743.0,42.400001525878906
2022-03-02 01:00:00,0.0,0.0,0.0
2022-03-02 02:00:00,0.0,0.0,0.0
2022-03-02 03:00:00,0.0,0.0,0.0
2022-03-02 04:00:00,0.0,0.0,0.0
2022-03-01 13:00:00,0.0,0.0,0.0
2022-03-01 11:00:00,0.0,0.0,0.0
2022-03-01 09:00:00,0.0,0.0,0.0
2022-03-01 07:00:00,0.0,0.0,0.0
2022-03-01 06:00:00,0.0,0.0,0.0
2022-03-01 12:00:00,0.0,0.0,0.0
2022-03-01 08:00:00,0.0,0.0,0.0
2022-03-01 10:00:00,0.0,0.0,0.0
2022-03-02 05:00:00,0.0,0.0,0.0
2022-03-01 14:00:00,0.0,0.0,0.0
2022-03-01 15:00:00,245.1999969482422,833.9000244140625,48.70000076293945
2022-03-01 16:00:00,460.79998779296875,971.0,66.5999984741211
2022-03-01 17:00:00,636.2000122070312,1032.0,75.80000305175781
2022-03-01 18:00:00,760.7000122070312,1065.0,82.30000305175781
2022-03-01 19:00:00,821.7999877929688,1081.0,84.9000015258789
2022-03-01 20:00:00,806.7999877929688,1072.0,84.30000305175781
2022-03-01 21:00:00,725.7000122070312,1050.0,80.30000305175781
2022-03-03 00:00:00,179.1999969482422,731.0,42.900001525878906
2022-03-03 02:00:00,0.0,0.0,0.0
2022-03-02 13:00:00,0.0,0.0,0.0
2022-03-02 06:00:00,0.0,0.0,0.0
2022-03-02 08:00:00,0.0,0.0,0.0
2022-03-02 11:00:00,0.0,0.0,0.0
2022-03-02 07:00:00,0.0,0.0,0.0
2022-03-02 12:00:00,0.0,0.0,0.0
2022-03-02 10:00:00,0.0,0.0,0.0
2022-03-02 09:00:00,0.0,0.0,0.0
2022-03-03 05:00:00,0.0,0.0,0.0
2022-03-02 14:00:00,0.0,0.0,0.0
2022-03-02 15:00:00,246.6999969482422,821.0,49.400001525878906
2022-03-02 16:00:00,460.3999938964844,955.0,68.19999694824219
2022-03-02 17:00:00,636.9000244140625,1021.0,77.9000015258789
2022-03-02 18:00:00,757.5,1049.0,84.0999984741211
2022-03-02 19:00:00,817.0,1064.0,87.0999984741211
2022-03-02 20:00:00,806.0,1058.0,87.30000305175781
2022-03-02 21:00:00,726.2999877929688,1034.0,85.80000305175781
2022-03-02 22:00:00,586.0,1003.0,72.19999694824219
2022-03-02 23:00:00,397.8999938964844,936.0,56.79999923706055
2022-03-03 01:00:00,0.0,0.0,0.0
2022-03-03 03:00:00,0.0,0.0,0.0
2022-03-03 04:00:00,0.0,0.0,0.0
2022-03-03 22:00:00,575.0,617.0,256.20001220703125
2022-03-04 02:00:00,0.0,0.0,0.0
2022-03-04 05:00:00,0.0,0.0,0.0
2022-03-03 06:00:00,0.0,0.0,0.0
2022-03-03 12:00:00,0.0,0.0,0.0
2022-03-03 11:00:00,0.0,0.0,0.0
2022-03-03 09:00:00,0.0,0.0,0.0
2022-03-03 07:00:00,0.0,0.0,0.0
2022-03-03 08:00:00,0.0,0.0,0.0
2022-03-03 13:00:00,0.0,0.0,0.0
2022-03-03 10:00:00,0.0,0.0,0.0
2022-03-03 14:00:00,29.299999237060547,175.5,20.0
2022-03-04 04:00:00,0.0,0.0,0.0
2022-03-03 16:00:00,472.5,927.0,86.80000305175781
2022-03-03 15:00:00,254.10000610351562,782.0,62.20000076293945
2022-03-03 17:00:00,649.7999877929688,985.0,105.30000305175781
2022-03-03 18:00:00,775.7999877929688,1045.0,100.30000305175781
2022-03-03 19:00:00,836.0,1056.0,105.5
2022-03-03 20:00:00,814.0,856.0,229.10000610351562
2022-03-03 21:00:00,732.7000122070312,845.0,205.89999389648438
2022-03-03 23:00:00,362.70001220703125,240.0,275.8999938964844
2022-03-04 00:00:00,169.6999969482422,375.0,98.4000015258789
2022-03-04 01:00:00,0.0,0.0,0.0
2022-03-04 03:00:00,0.0,0.0,0.0
2022-03-04 23:00:00,318.8999938964844,193.0,246.89999389648438
2022-03-05 00:00:00,130.3000030517578,153.0,100.69999694824219
2022-03-05 01:00:00,0.0,0.0,0.0
2022-03-05 03:00:00,0.0,0.0,0.0
2022-03-04 12:00:00,0.0,0.0,0.0
2022-03-04 11:00:00,0.0,0.0,0.0
2022-03-04 10:00:00,0.0,0.0,0.0
2022-03-04 07:00:00,0.0,0.0,0.0
2022-03-04 06:00:00,0.0,0.0,0.0
2022-03-04 13:00:00,0.0,0.0,0.0
2022-03-04 09:00:00,0.0,0.0,0.0
2022-03-04 08:00:00,0.0,0.0,0.0
2022-03-05 02:00:00,0.0,0.0,0.0
2022-03-05 04:00:00,0.0,0.0,0.0
2022-03-05 05:00:00,0.0,0.0,0.0
2022-03-04 14:00:00,29.700000762939453,33.0,27.799999237060547
2022-03-04 15:00:00,175.5,2.0,175.10000610351562
2022-03-04 16:00:00,347.3999938964844,8.0,344.20001220703125
2022-03-04 17:00:00,549.7999877929688,38.0,528.4000244140625
2022-03-04 18:00:00,742.0,575.0,367.5
2022-03-04 19:00:00,806.0,747.0,285.8999938964844
2022-03-04 20:00:00,674.2000122070312,25.0,656.7000122070312
2022-03-04 21:00:00,697.5999755859375,465.0,405.6000061035156
2022-03-04 22:00:00,591.0,659.0,247.89999389648438
2022-03-05 22:00:00,540.2999877929688,186.0,442.8999938964844
2022-03-05 23:00:00,304.70001220703125,21.0,296.8999938964844
2022-03-06 02:00:00,0.0,0.0,0.0
2022-03-06 04:00:00,0.0,0.0,0.0
2022-03-05 06:00:00,0.0,0.0,0.0
2022-03-05 12:00:00,0.0,0.0,0.0
2022-03-05 11:00:00,0.0,0.0,0.0
2022-03-05 07:00:00,0.0,0.0,0.0
2022-03-05 08:00:00,0.0,0.0,0.0
2022-03-05 09:00:00,0.0,0.0,0.0
2022-03-05 10:00:00,0.0,0.0,0.0
2022-03-05 13:00:00,0.0,0.0,0.0
2022-03-05 14:00:00,20.200000762939453,0.0,20.200000762939453
2022-03-06 05:00:00,0.0,0.0,0.0
2022-03-05 15:00:00,197.3000030517578,94.0,173.3000030517578
2022-03-05 16:00:00,472.0,894.0,91.4000015258789
2022-03-05 17:00:00,546.5999755859375,30.0,529.5999755859375
2022-03-05 18:00:00,285.6000061035156,0.0,285.6000061035156
2022-03-05 19:00:00,530.0,0.0,529.7000122070312
2022-03-05 20:00:00,459.0,0.0,458.70001220703125
2022-03-05 21:00:00,614.5,241.0,462.29998779296875
2022-03-06 00:00:00,69.4000015258789,0.0,69.4000015258789
2022-03-06 01:00:00,0.30000001192092896,0.0,0.30000001192092896
2022-03-06 03:00:00,0.0,0.0,0.0
2022-03-06 23:00:00,304.20001220703125,16.0,298.20001220703125
2022-03-07 02:00:00,0.0,0.0,3.0517577442878974e-07
2022-03-06 06:00:00,0.0,0.0,0.0
2022-03-06 10:00:00,0.0,0.0,0.0
2022-03-06 11:00:00,0.0,0.0,0.0
2022-03-06 12:00:00,0.0,0.0,0.0
2022-03-06 07:00:00,0.0,0.0,0.0
2022-03-06 08:00:00,0.0,0.0,0.0
2022-03-06 09:00:00,0.0,0.0,0.0
2022-03-06 13:00:00,0.0,0.0,0.0
2022-03-07 03:00:00,0.0,0.0,0.0
2022-03-07 04:00:00,0.0,0.0,0.0
2022-03-06 14:00:00,34.599998474121094,5.800000190734863,34.20000076293945
2022-03-06 15:00:00,237.60000610351562,175.8000030517578,191.8000030517578
2022-03-06 16:00:00,437.8999938964844,245.0,332.29998779296875
2022-03-06 17:00:00,404.1000061035156,0.0,404.0
2022-03-06 18:00:00,738.4000244140625,331.0,519.5
2022-03-06 19:00:00,711.0,44.0,679.9000244140625
2022-03-06 20:00:00,402.0,0.0,402.0
2022-03-06 21:00:00,403.70001220703125,0.0,403.70001220703125
2022-03-06 22:00:00,544.9000244140625,260.0,407.29998779296875
2022-03-07 00:00:00,120.80000305175781,0.0,120.80000305175781
2022-03-07 01:00:00,1.0,0.0,1.0
2022-03-07 05:00:00,0.0,0.0,0.0
2022-03-08 00:00:00,240.10000610351562,754.0,85.69999694824219
2022-03-08 02:00:00,0.0,0.0,0.0
2022-03-08 04:00:00,0.0,0.0,0.0
2022-03-07 08:00:00,0.0,0.0,0.0
2022-03-07 09:00:00,0.0,0.0,0.0
2022-03-07 11:00:00,0.0,0.0,0.0
2022-03-07 06:00:00,0.0,0.0,0.0
2022-03-07 07:00:00,0.0,0.0,0.0
2022-03-07 12:00:00,0.0,0.0,0.0
2022-03-07 13:00:00,0.0,0.0,0.0
2022-03-07 10:00:00,0.0,0.0,0.0
2022-03-08 03:00:00,0.0,0.0,0.0
2022-03-08 05:00:00,0.0,0.0,0.0
2022-03-07 14:00:00,34.900001525878906,0.0,34.900001525878906
2022-03-07 15:00:00,197.60000610351562,1.0,197.3000030517578
2022-03-07 16:00:00,438.20001220703125,108.0,391.0
2022-03-07 17:00:00,590.5,94.0,536.4000244140625
2022-03-07 18:00:00,608.7999877929688,33.0,586.7000122070312
2022-03-07 19:00:00,776.0,81.0,718.2000122070312
2022-03-07 20:00:00,813.0,359.0,561.0999755859375
2022-03-07 21:00:00,651.7000122070312,335.0,436.8999938964844
2022-03-07 22:00:00,615.2000122070312,764.0,208.0
2022-03-07 23:00:00,428.79998779296875,908.0,80.30000305175781
2022-03-08 01:00:00,2.9000000953674316,0.0,2.9000000953674316
2022-03-08 22:00:00,508.1000061035156,86.0,462.20001220703125
2022-03-09 00:00:00,115.5999984741211,0.0,115.5999984741211
2022-03-09 01:00:00,4.800000190734863,40.0,4.400000095367432
2022-03-09 02:00:00,0.0,0.0,0.0
2022-03-08 06:00:00,0.0,0.0,0.0
2022-03-08 08:00:00,0.0,0.0,0.0
2022-03-08 10:00:00,0.0,0.0,0.0
2022-03-08 12:00:00,0.0,0.0,0.0
2022-03-08 11:00:00,0.0,0.0,0.0
2022-03-08 07:00:00,0.0,0.0,0.0
2022-03-08 09:00:00,0.0,0.0,0.0
2022-03-08 13:00:00,0.0,0.0,0.0
2022-03-09 04:00:00,0.0,0.0,0.0
2022-03-09 05:00:00,0.0,0.0,0.0
2022-03-08 14:00:00,54.79999923706055,351.0,27.600000381469727
2022-03-08 15:00:00,289.6000061035156,867.0,54.900001525878906
2022-03-08 16:00:00,506.5,981.0,73.80000305175781
2022-03-08 17:00:00,687.2999877929688,1040.0,86.4000015258789
2022-03-08 18:00:00,722.7999877929688,330.0,501.6000061035156
2022-03-08 19:00:00,741.0,340.0,498.1000061035156
2022-03-08 20:00:00,784.0,538.0,404.20001220703125
2022-03-08 21:00:00,727.9000244140625,671.0,294.8999938964844
2022-03-08 23:00:00,285.3999938964844,0.0,285.3999938964844
2022-03-09 03:00:00,0.0,0.0,0.0
2022-03-09 23:00:00,416.8999938964844,667.0,155.60000610351562
2022-03-10 02:00:00,0.0,0.0,0.0
2022-03-10 03:00:00,0.0,0.0,0.0
2022-03-10 04:00:00,0.0,0.0,0.0
2022-03-09 07:00:00,0.0,0.0,0.0
2022-03-09 13:00:00,0.0,0.0,0.0
2022-03-09 12:00:00,0.0,0.0,0.0
2022-03-09 08:00:00,0.0,0.0,0.0
2022-03-09 10:00:00,0.0,0.0,0.0
2022-03-09 06:00:00,0.0,0.0,0.0
2022-03-09 09:00:00,0.0,0.0,0.0
2022-03-09 11:00:00,0.0,0.0,0.0
2022-03-09 14:00:00,41.70000076293945,0.0,41.70000076293945
2022-03-09 15:00:00,243.3000030517578,98.0,216.3000030517578
2022-03-09 16:00:00,466.8999938964844,298.0,333.79998779296875
2022-03-09 17:00:00,658.7999877929688,402.0,424.6000061035156
2022-03-09 18:00:00,772.0,406.0,498.1000061035156
2022-03-09 19:00:00,820.0,517.0,448.1000061035156
2022-03-09 20:00:00,836.0,873.0,215.60000610351562
2022-03-09 21:00:00,779.2999877929688,1054.0,94.0999984741211
2022-03-09 22:00:00,599.0999755859375,493.0,332.20001220703125
2022-03-10 00:00:00,205.8000030517578,308.0,140.3000030517578
2022-03-10 01:00:00,6.599999904632568,0.0,6.5
2022-03-10 05:00:00,0.0,0.0,0.0
2022-03-10 22:00:00,429.79998779296875,265.0,285.5
2022-03-10 23:00:00,398.29998779296875,142.0,342.29998779296875
2022-03-11 00:00:00,176.10000610351562,141.0,145.60000610351562
2022-03-11 05:00:00,0.0,0.0,0.0
2022-03-10 06:00:00,0.0,0.0,0.0
2022-03-10 10:00:00,0.0,0.0,0.0
2022-03-10 13:00:00,0.0,0.0,0.0
2022-03-10 11:00:00,0.0,0.0,0.0
2022-03-10 08:00:00,0.0,0.0,0.0
2022-03-10 07:00:00,0.0,0.0,0.0
2022-03-10 12:00:00,0.0,0.0,0.0
2022-03-10 09:00:00,0.0,0.0,0.0
2022-03-11 04:00:00,0.0,0.0,0.0
2022-03-10 14:00:00,55.599998474121094,158.0,41.70000076293945
2022-03-10 15:00:00,233.0,214.0,172.8000030517578
2022-03-10 16:00:00,444.1000061035156,409.0,259.3999938964844
2022-03-10 17:00:00,609.9000244140625,336.0,412.20001220703125
2022-03-10 18:00:00,744.0,182.0,619.9000244140625
2022-03-10 19:00:00,804.0,265.0,611.7999877929688
2022-03-10 20:00:00,681.0,299.0,467.70001220703125
2022-03-10 21:00:00,611.0,339.0,389.3999938964844
2022-03-11 01:00:00,7.199999809265137,15.0,6.900000095367432
2022-03-11 02:00:00,0.0,0.0,0.0
2022-03-11 03:00:00,0.0,0.0,0.0
2022-03-11 22:00:00,641.0999755859375,1023.0,79.69999694824219
2022-03-11 23:00:00,446.0,945.0,68.80000305175781
2022-03-12 00:00:00,219.3000030517578,770.0,50.599998474121094
2022-03-12 03:00:00,0.0,0.0,0.0
2022-03-12 04:00:00,0.0,0.0,0.0
2022-03-11 10:00:00,0.0,0.0,0.0
2022-03-11 06:00:00,0.0,0.0,0.0
2022-03-11 12:00:00,0.0,0.0,0.0
2022-03-11 09:00:00,0.0,0.0,0.0
2022-03-11 08:00:00,0.0,0.0,0.0
2022-03-11 11:00:00,0.0,0.0,0.0
2022-03-11 07:00:00,0.0,0.0,0.0
2022-03-11 13:00:00,0.0,0.0,0.0
2022-03-11 14:00:00,71.19999694824219,429.8999938964844,31.299999237060547
2022-03-11 15:00:00,311.0,889.0,56.900001525878906
2022-03-12 02:00:00,0.0,0.0,0.0
2022-03-11 16:00:00,530.4000244140625,999.0,74.19999694824219
2022-03-11 17:00:00,707.7999877929688,1050.0,84.9000015258789
2022-03-11 18:00:00,828.0,1070.0,93.9000015258789
2022-03-11 19:00:00,862.0,747.0,316.70001220703125
2022-03-11 20:00:00,874.0,1064.0,108.5
2022-03-11 21:00:00,785.5,1059.0,88.0999984741211
2022-03-12 01:00:00,10.600000381469727,150.0,7.5
2022-03-12 05:00:00,0.0,0.0,0.0
2022-03-12 22:00:00,633.7000122070312,1000.0,80.5999984741211
2022-03-12 23:00:00,440.5,922.0,69.0
2022-03-13 01:00:00,12.399999618530273,156.0,8.5
2022-03-13 03:00:00,0.0,0.0,0.0
2022-03-13 05:00:00,0.0,0.0,0.0
2022-03-12 13:00:00,0.0,0.0,0.0
2022-03-12 06:00:00,0.0,0.0,0.0
2022-03-12 10:00:00,0.0,0.0,0.0
2022-03-12 07:00:00,0.0,0.0,0.0
2022-03-12 08:00:00,0.0,0.0,0.0
2022-03-12 11:00:00,0.0,0.0,0.0
2022-03-12 12:00:00,0.0,0.0,0.0
2022-03-12 09:00:00,0.0,0.0,0.0
2022-03-13 04:00:00,0.0,0.0,0.0
2022-03-12 14:00:00,71.5999984741211,399.5,32.400001525878906
2022-03-12 15:00:00,304.3999938964844,845.0,58.400001525878906
2022-03-12 16:00:00,519.2000122070312,958.0,76.80000305175781
2022-03-12 17:00:00,692.2999877929688,1014.0,86.0
2022-03-12 18:00:00,812.9000244140625,1043.0,92.5
2022-03-12 19:00:00,867.0,1047.0,98.69999694824219
2022-03-12 20:00:00,854.0,1040.0,101.30000305175781
2022-03-12 21:00:00,774.5,1035.0,89.0999984741211
2022-03-13 00:00:00,217.8000030517578,752.0,50.29999923706055
2022-03-13 02:00:00,0.0,0.0,0.0
2022-03-13 22:00:00,627.2000122070312,909.0,121.30000305175781
2022-03-14 02:00:00,0.0,0.0,0.0
2022-03-14 03:00:00,0.0,0.0,0.0
2022-03-14 04:00:00,0.0,0.0,0.0
2022-03-13 11:00:00,0.0,0.0,0.0
2022-03-13 09:00:00,0.0,0.0,0.0
2022-03-13 08:00:00,0.0,0.0,0.0
2022-03-13 06:00:00,0.0,0.0,0.0
2022-03-13 07:00:00,0.0,0.0,0.0
2022-03-13 10:00:00,0.0,0.0,0.0
2022-03-13 13:00:00,0.0,0.0,0.0
2022-03-13 12:00:00,0.0,0.0,0.0
2022-03-13 14:00:00,84.80000305175781,543.0999755859375,28.700000762939453
2022-03-13 15:00:00,312.29998779296875,852.0,59.900001525878906
2022-03-14 05:00:00,0.0,0.0,0.0
2022-03-13 16:00:00,529.7000122070312,970.0,76.80000305175781
2022-03-13 17:00:00,704.9000244140625,1027.0,85.5
2022-03-13 18:00:00,825.0,1054.0,92.0999984741211
2022-03-13 19:00:00,879.0,1061.0,95.5999984741211
2022-03-13 20:00:00,865.0,1057.0,95.0999984741211
2022-03-13 21:00:00,781.5,1035.0,91.69999694824219
2022-03-13 23:00:00,437.20001220703125,549.0,214.1999969482422
2022-03-14 00:00:00,120.5999984741211,0.0,120.5999984741211
2022-03-14 01:00:00,12.800000190734863,0.0,12.800000190734863
2022-03-14 22:00:00,658.4000244140625,1028.0,82.19999694824219
2022-03-15 00:00:00,230.6999969482422,781.0,51.20000076293945
2022-03-15 01:00:00,17.799999237060547,211.0,11.100000381469727
2022-03-15 02:00:00,0.0,0.0,0.0
2022-03-15 03:00:00,0.0,0.0,0.0
2022-03-14 06:00:00,0.0,0.0,0.0
2022-03-14 10:00:00,0.0,0.0,0.0
2022-03-14 09:00:00,0.0,0.0,0.0
2022-03-14 11:00:00,0.0,0.0,0.0
2022-03-14 13:00:00,0.0,0.0,0.0
2022-03-14 08:00:00,0.0,0.0,0.0
2022-03-14 12:00:00,0.0,0.0,0.0
2022-03-14 07:00:00,0.0,0.0,0.0
2022-03-15 04:00:00,0.0,0.0,0.0
2022-03-15 05:00:00,0.0,0.0,0.0
2022-03-14 14:00:00,92.4000015258789,576.9000244140625,29.799999237060547
2022-03-14 15:00:00,324.1000061035156,876.0,59.79999923706055
2022-03-14 16:00:00,545.7999877929688,997.0,75.4000015258789
2022-03-14 17:00:00,722.4000244140625,1049.0,84.5999984741211
2022-03-14 18:00:00,839.0,1067.0,91.80000305175781
2022-03-14 19:00:00,900.0,1083.0,94.5999984741211
2022-03-14 20:00:00,889.0,1084.0,94.9000015258789
2022-03-14 21:00:00,806.7000122070312,1067.0,91.19999694824219
2022-03-14 23:00:00,456.70001220703125,940.0,69.80000305175781
2022-03-15 22:00:00,643.0,999.0,78.9000015258789
2022-03-15 23:00:00,450.70001220703125,925.0,68.0
2022-03-16 00:00:00,227.5,759.0,50.5
2022-03-16 02:00:00,0.0,0.0,0.0
2022-03-16 04:00:00,0.0,0.0,0.0
2022-03-16 05:00:00,0.0,0.0,0.0
2022-03-15 09:00:00,0.0,0.0,0.0
2022-03-15 08:00:00,0.0,0.0,0.0
2022-03-15 10:00:00,0.0,0.0,0.0
2022-03-15 07:00:00,0.0,0.0,0.0
2022-03-15 06:00:00,0.0,0.0,0.0
2022-03-15 11:00:00,0.0,0.0,0.0
2022-03-15 13:00:00,0.0,0.0,0.0
2022-03-15 12:00:00,0.0,0.0,0.0
2022-03-16 03:00:00,0.0,0.0,0.0
2022-03-15 14:00:00,96.4000015258789,570.7000122070312,31.399999618530273
2022-03-15 15:00:00,325.29998779296875,864.0,60.20000076293945
2022-03-15 16:00:00,540.5999755859375,972.0,76.9000015258789
2022-03-15 17:00:00,716.4000244140625,1029.0,85.69999694824219
2022-03-15 18:00:00,836.0,1057.0,91.0
2022-03-15 19:00:00,887.0,1061.0,93.19999694824219
2022-03-15 20:00:00,870.0,1056.0,91.0999984741211
2022-03-15 21:00:00,787.0999755859375,1038.0,86.5999984741211
2022-03-16 01:00:00,19.200000762939453,209.0,11.899999618530273
2022-03-16 22:00:00,610.2000122070312,359.0,406.20001220703125
2022-03-16 23:00:00,366.1000061035156,64.0,339.3999938964844
2022-03-17 01:00:00,15.5,0.0,15.5
2022-03-17 04:00:00,0.0,0.0,0.0
2022-03-17 05:00:00,0.0,0.0,0.0
2022-03-16 08:00:00,0.0,0.0,0.0
2022-03-16 10:00:00,0.0,0.0,0.0
2022-03-16 06:00:00,0.0,0.0,0.0
2022-03-16 12:00:00,0.0,0.0,0.0
2022-03-16 09:00:00,0.0,0.0,0.0
2022-03-16 13:00:00,0.0,0.0,0.0
2022-03-16 11:00:00,0.0,0.0,0.0
2022-03-16 07:00:00,0.0,0.0,0.0
2022-03-16 14:00:00,86.0999984741211,211.10000610351562,61.0
2022-03-16 15:00:00,294.20001220703125,408.29998779296875,166.6999969482422
2022-03-16 16:00:00,511.3999938964844,659.0,193.6999969482422
2022-03-16 17:00:00,649.5999755859375,351.0,432.70001220703125
2022-03-16 18:00:00,646.0,23.0,629.0999755859375
2022-03-16 19:00:00,753.0,109.0,671.2999877929688
2022-03-16 20:00:00,636.0,9.0,629.7000122070312
2022-03-16 21:00:00,546.7000122070312,4.0,543.7999877929688
2022-03-17 00:00:00,191.3000030517578,74.0,173.89999389648438
2022-03-17 02:00:00,0.0,0.0,0.0
2022-03-17 03:00:00,0.0,0.0,0.0
2022-03-17 23:00:00,466.3999938964844,956.0,64.0
2022-03-18 04:00:00,0.0,0.0,0.0
2022-03-18 05:00:00,0.0,0.0,0.0
2022-03-17 10:00:00,0.0,0.0,0.0
2022-03-17 09:00:00,0.0,0.0,0.0
2022-03-17 07:00:00,0.0,0.0,0.0
2022-03-17 06:00:00,0.0,0.0,0.0
2022-03-17 11:00:00,0.0,0.0,0.0
2022-03-17 12:00:00,0.0,0.0,0.0
2022-03-17 13:00:00,0.0,0.0,0.0
2022-03-17 08:00:00,0.0,0.0,0.0
2022-03-18 02:00:00,0.0,0.0,0.0
2022-03-18 03:00:00,0.0,0.0,0.0
2022-03-17 14:00:00,60.5,0.0,60.5
2022-03-17 15:00:00,210.39999389648438,0.0,210.3000030517578
2022-03-17 16:00:00,481.70001220703125,109.0,428.70001220703125
2022-03-17 18:00:00,696.0,30.0,675.0999755859375
2022-03-17 17:00:00,618.7000122070312,85.0,565.5999755859375
2022-03-17 19:00:00,691.0,12.0,682.2000122070312
2022-03-17 20:00:00,471.0,0.0,471.3999938964844
2022-03-17 21:00:00,802.5,773.0,274.70001220703125
2022-03-17 22:00:00,681.2999877929688,805.0,220.6999969482422
2022-03-18 00:00:00,141.0,0.0,141.0
2022-03-18 01:00:00,33.79999923706055,300.0,23.100000381469727
2022-03-18 22:00:00,652.7999877929688,810.0,186.5
2022-03-18 23:00:00,456.6000061035156,812.0,111.80000305175781
2022-03-19 00:00:00,244.0,782.0,53.400001525878906
2022-03-19 01:00:00,27.799999237060547,270.0,15.699999809265137
2022-03-19 02:00:00,0.0,0.0,0.0
2022-03-18 11:00:00,0.0,0.0,0.0
2022-03-18 13:00:00,0.0,0.0,0.0
2022-03-18 06:00:00,0.0,0.0,0.0
2022-03-18 12:00:00,0.0,0.0,0.0
2022-03-18 08:00:00,0.0,0.0,0.0
2022-03-18 10:00:00,0.0,0.0,0.0
2022-03-18 09:00:00,0.0,0.0,0.0
2022-03-18 07:00:00,0.0,0.0,0.0
2022-03-19 03:00:00,0.0,0.0,0.0
2022-03-19 04:00:00,0.0,0.0,0.0
2022-03-19 05:00:00,0.0,0.0,0.0
2022-03-18 14:00:00,102.30000305175781,127.0999984741211,85.9000015258789
2022-03-18 15:00:00,348.79998779296875,829.0,81.0999984741211
2022-03-18 16:00:00,552.5999755859375,722.0,196.6999969482422
2022-03-18 17:00:00,732.5,838.0,206.1999969482422
2022-03-18 18:00:00,805.0,427.0,497.3999938964844
2022-03-18 19:00:00,908.0,993.0,152.1999969482422
2022-03-18 20:00:00,875.0,747.0,314.0
2022-03-18 21:00:00,790.0,814.0,231.10000610351562
2022-03-19 23:00:00,421.0,307.0,289.70001220703125
2022-03-20 04:00:00,0.0,0.0,0.0
2022-03-19 13:00:00,0.0,0.0,0.0
2022-03-19 07:00:00,0.0,0.0,0.0
2022-03-19 11:00:00,0.0,0.0,0.0
2022-03-19 06:00:00,0.0,0.0,0.0
2022-03-19 08:00:00,0.0,0.0,0.0
2022-03-19 09:00:00,0.0,0.0,0.0
2022-03-19 10:00:00,0.0,0.0,0.0
2022-03-19 12:00:00,0.0,0.0,0.0
2022-03-20 03:00:00,0.0,0.0,0.0
2022-03-19 14:00:00,118.4000015258789,604.0,36.900001525878906
2022-03-19 15:00:00,349.79998779296875,876.9000244140625,62.20000076293945
2022-03-19 16:00:00,564.7999877929688,984.0,75.0999984741211
2022-03-19 17:00:00,738.9000244140625,1036.0,83.0999984741211
2022-03-19 18:00:00,857.0,1057.0,91.0
2022-03-19 19:00:00,910.0,1039.0,114.9000015258789
2022-03-19 20:00:00,894.0,1041.0,108.5
2022-03-19 21:00:00,816.5999755859375,998.0,127.0
2022-03-19 22:00:00,642.0999755859375,706.0,232.89999389648438
2022-03-20 00:00:00,201.60000610351562,120.0,171.1999969482422
2022-03-20 01:00:00,21.899999618530273,0.0,21.899999618530273
2022-03-20 02:00:00,0.0,0.0,0.0
2022-03-20 05:00:00,0.0,0.0,0.0
2022-03-21 01:00:00,22.600000381469727,0.0,22.600000381469727
2022-03-21 03:00:00,0.0,0.0,0.0
2022-03-21 04:00:00,0.0,0.0,0.0
2022-03-21 05:00:00,0.0,0.0,0.0
2022-03-20 06:00:00,0.0,0.0,0.0
2022-03-20 07:00:00,0.0,0.0,0.0
2022-03-20 12:00:00,0.0,0.0,0.0
2022-03-20 13:00:00,0.0,0.0,0.0
2022-03-20 11:00:00,0.0,0.0,0.0
2022-03-20 09:00:00,0.0,0.0,0.0
2022-03-20 10:00:00,0.0,0.0,0.0
2022-03-20 08:00:00,0.0,0.0,0.0
2022-03-20 14:00:00,93.0,5.599999904632568,92.19999694824219
2022-03-20 15:00:00,258.0,14.0,253.1999969482422
2022-03-20 17:00:00,679.5999755859375,332.0,467.70001220703125
2022-03-20 16:00:00,458.6000061035156,68.0,424.5
2022-03-20 18:00:00,808.0,621.0,355.0
2022-03-20 19:00:00,633.0,5.0,628.5
2022-03-20 20:00:00,852.0,568.0,421.6000061035156
2022-03-20 21:00:00,753.0999755859375,414.0,465.20001220703125
2022-03-20 22:00:00,479.20001220703125,7.0,475.0
2022-03-20 23:00:00,387.8999938964844,9.0,384.20001220703125
2022-03-21 00:00:00,133.39999389648438,0.0,133.39999389648438
2022-03-21 02:00:00,0.0,0.0,0.0
2022-03-21 22:00:00,686.5,977.0,113.0999984741211
2022-03-22 00:00:00,256.29998779296875,788.4000244140625,56.29999923706055
2022-03-22 01:00:00,36.20000076293945,311.0,19.100000381469727
2022-03-21 10:00:00,0.0,0.0,0.0
2022-03-21 13:00:00,0.0,0.0,0.0
2022-03-21 07:00:00,0.0,0.0,0.0
2022-03-21 09:00:00,0.0,0.0,0.0
2022-03-21 06:00:00,0.0,0.0,0.0
2022-03-21 12:00:00,0.0,0.0,0.0
2022-03-21 11:00:00,0.0,0.0,0.0
2022-03-21 08:00:00,0.0,0.0,0.0
2022-03-21 14:00:00,62.5,0.0,62.5
2022-03-22 04:00:00,0.0,0.0,0.0
2022-03-21 15:00:00,318.3999938964844,169.0,261.20001220703125
2022-03-21 16:00:00,469.1000061035156,50.0,443.79998779296875
2022-03-22 05:00:00,0.0,0.0,0.0
2022-03-21 17:00:00,695.0,348.0,471.0
2022-03-21 18:00:00,818.0,431.0,501.70001220703125
2022-03-21 19:00:00,916.0,920.0,203.5
2022-03-21 20:00:00,901.0,984.0,151.1999969482422
2022-03-21 21:00:00,825.0,1047.0,93.69999694824219
2022-03-21 23:00:00,484.8999938964844,946.0,73.0999984741211
2022-03-22 02:00:00,0.0,0.0,0.0
2022-03-22 03:00:00,0.0,0.0,0.0
2022-03-22 22:00:00,614.9000244140625,753.0,170.5
2022-03-23 00:00:00,263.0,803.0,56.70000076293945
2022-03-23 01:00:00,27.700000762939453,0.0,27.700000762939453
2022-03-23 04:00:00,0.0,0.0,0.0
2022-03-23 05:00:00,0.0,0.0,0.0
2022-03-22 07:00:00,0.0,0.0,0.0
2022-03-22 08:00:00,0.0,0.0,0.0
2022-03-22 12:00:00,0.0,0.0,0.0
2022-03-22 06:00:00,0.0,0.0,0.0
2022-03-22 09:00:00,0.0,0.0,0.0
2022-03-22 13:00:00,0.0,0.0,0.0
2022-03-22 10:00:00,0.0,0.0,0.0
2022-03-22 11:00:00,0.0,0.0,0.0
2022-03-22 14:00:00,137.8000030517578,652.5999755859375,39.29999923706055
2022-03-23 03:00:00,0.0,0.0,0.0
2022-03-22 15:00:00,371.8999938964844,903.0,61.5
2022-03-22 16:00:00,586.2000122070312,996.0,75.19999694824219
2022-03-22 18:00:00,885.0,972.0,167.10000610351562
2022-03-22 17:00:00,772.0,1045.0,95.4000015258789
2022-03-22 19:00:00,941.0,921.0,223.0
2022-03-22 20:00:00,910.0,795.0,300.0
2022-03-22 21:00:00,788.4000244140625,606.0,362.29998779296875
2022-03-22 23:00:00,493.0,951.0,75.80000305175781
2022-03-23 02:00:00,0.0,0.0,0.0
2022-03-23 22:00:00,685.0999755859375,1024.0,76.69999694824219
2022-03-23 23:00:00,490.20001220703125,950.0,68.5
2022-03-24 00:00:00,262.5,799.0,54.400001525878906
2022-03-24 01:00:00,41.599998474121094,335.0,21.0
2022-03-24 02:00:00,0.0,0.0,0.0
2022-03-24 03:00:00,0.0,0.0,0.0
2022-03-23 12:00:00,0.0,0.0,0.0
2022-03-23 07:00:00,0.0,0.0,0.0
2022-03-23 13:00:00,0.0,0.0,0.0
2022-03-23 10:00:00,0.0,0.0,0.0
2022-03-23 09:00:00,0.0,0.0,0.0
2022-03-23 06:00:00,0.0,0.0,0.0
2022-03-23 08:00:00,0.0,0.0,0.0
2022-03-23 11:00:00,0.0,0.0,0.0
2022-03-24 04:00:00,0.0,0.0,0.0
2022-03-23 14:00:00,143.60000610351562,660.7999877929688,40.29999923706055
2022-03-24 05:00:00,0.0,0.0,0.0
2022-03-23 15:00:00,377.79998779296875,907.0,61.29999923706055
2022-03-23 16:00:00,593.5999755859375,1005.0,72.5999984741211
2022-03-23 17:00:00,766.2999877929688,1052.0,79.69999694824219
2022-03-23 18:00:00,885.0,1078.0,83.69999694824219
2022-03-23 19:00:00,936.0,1085.0,86.19999694824219
2022-03-23 21:00:00,833.0,1064.0,81.69999694824219
2022-03-23 20:00:00,920.0,1084.0,84.80000305175781
2022-03-24 22:00:00,670.7000122070312,994.0,76.80000305175781
2022-03-25 04:00:00,0.0,0.0,0.0
2022-03-25 05:00:00,0.0,0.0,0.0
2022-03-24 06:00:00,0.0,0.0,0.0
2022-03-24 10:00:00,0.0,0.0,0.0
2022-03-24 08:00:00,0.0,0.0,0.0
2022-03-24 12:00:00,0.0,0.0,0.0
2022-03-24 13:00:00,0.0,0.0,0.0
2022-03-24 09:00:00,0.0,0.0,0.0
2022-03-24 07:00:00,0.0,0.0,0.0
2022-03-24 11:00:00,0.0,0.0,0.0
2022-03-25 02:00:00,0.0,0.0,0.0
2022-03-25 03:00:00,0.0,0.0,0.0
2022-03-24 14:00:00,141.3000030517578,620.7000122070312,40.900001525878906
2022-03-24 15:00:00,366.8999938964844,862.0,61.5
2022-03-24 16:00:00,572.2000122070312,950.0,75.19999694824219
2022-03-24 17:00:00,737.0,975.0,95.9000015258789
2022-03-24 18:00:00,853.0,1025.0,86.69999694824219
2022-03-24 19:00:00,902.0,983.0,127.0999984741211
2022-03-24 20:00:00,893.0,1041.0,86.30000305175781
2022-03-24 21:00:00,813.0,1028.0,82.9000015258789
2022-03-24 23:00:00,480.29998779296875,928.0,67.0999984741211
2022-03-25 00:00:00,258.8999938964844,779.0,53.599998474121094
2022-03-25 01:00:00,42.79999923706055,333.0,21.299999237060547
2022-03-26 01:00:00,46.29999923706055,340.0,23.200000762939453
2022-03-26 03:00:00,0.0,0.0,0.0
2022-03-26 05:00:00,0.0,0.0,0.0
2022-03-25 07:00:00,0.0,0.0,0.0
2022-03-25 11:00:00,0.0,0.0,0.0
2022-03-25 06:00:00,0.0,0.0,0.0
2022-03-25 13:00:00,0.0,0.0,0.0
2022-03-25 08:00:00,0.0,0.0,0.0
2022-03-25 09:00:00,0.0,0.0,0.0
2022-03-25 12:00:00,0.0,0.0,0.0
2022-03-25 10:00:00,0.0,0.0,0.0
2022-03-26 04:00:00,0.0,0.0,0.0
2022-03-25 14:00:00,152.8000030517578,651.5999755859375,44.0
2022-03-25 15:00:00,386.29998779296875,884.0,68.5999984741211
2022-03-25 16:00:00,600.7000122070312,974.0,85.80000305175781
2022-03-25 17:00:00,774.0,1025.0,94.80000305175781
2022-03-25 18:00:00,892.0,1052.0,101.0999984741211
2022-03-25 19:00:00,946.0,1063.0,104.4000015258789
2022-03-25 20:00:00,928.0,1059.0,103.4000015258789
2022-03-25 21:00:00,838.0,1034.0,99.69999694824219
2022-03-25 22:00:00,687.5999755859375,991.0,92.0
2022-03-25 23:00:00,494.79998779296875,928.0,78.5
2022-03-26 00:00:00,267.1000061035156,776.0,59.900001525878906
2022-03-26 02:00:00,0.0,0.0,0.0
2022-03-26 22:00:00,682.0,972.0,94.30000305175781
2022-03-26 23:00:00,489.20001220703125,903.0,80.80000305175781
2022-03-27 01:00:00,48.599998474121094,339.0,24.5
2022-03-26 06:00:00,0.0,0.0,0.0
2022-03-26 07:00:00,0.0,0.0,0.0
2022-03-26 08:00:00,0.0,0.0,0.0
2022-03-26 09:00:00,0.0,0.0,0.0
2022-03-26 12:00:00,0.0,0.0,0.0
2022-03-26 13:00:00,0.0,0.0,0.0
2022-03-26 10:00:00,0.0,0.0,0.0
2022-03-26 11:00:00,0.0,0.0,0.0
2022-03-27 04:00:00,0.0,0.0,0.0
2022-03-26 14:00:00,154.0,625.7000122070312,46.099998474121094
2022-03-26 15:00:00,384.1000061035156,857.0,71.5999984741211
2022-03-26 16:00:00,593.9000244140625,949.0,87.9000015258789
2022-03-26 17:00:00,765.0,999.0,99.0999984741211
2022-03-26 18:00:00,881.0,1026.0,104.4000015258789
2022-03-26 19:00:00,932.0,1036.0,107.0
2022-03-26 20:00:00,916.0,1036.0,105.0
2022-03-26 21:00:00,830.0,1014.0,102.5
2022-03-27 00:00:00,267.3999938964844,764.0,61.0
2022-03-27 02:00:00,0.0,0.0,0.0
2022-03-27 03:00:00,0.0,0.0,0.0
2022-03-27 05:00:00,0.0,0.0,0.0
2022-03-27 22:00:00,690.4000244140625,959.0,107.19999694824219
2022-03-27 23:00:00,496.6000061035156,902.0,85.9000015258789
2022-03-28 00:00:00,272.0,746.0,68.0999984741211
2022-03-28 02:00:00,0.0,0.0,0.0
2022-03-28 03:00:00,0.0,0.0,0.0
2022-03-28 04:00:00,0.0,0.0,0.0
2022-03-27 07:00:00,0.0,0.0,0.0
2022-03-27 06:00:00,0.0,0.0,0.0
2022-03-27 13:00:00,0.0,0.0,0.0
2022-03-27 09:00:00,0.0,0.0,0.0
2022-03-27 12:00:00,0.0,0.0,0.0
2022-03-27 10:00:00,0.0,0.0,0.0
2022-03-27 08:00:00,0.0,0.0,0.0
2022-03-27 11:00:00,0.0,0.0,0.0
2022-03-27 14:00:00,159.89999389648438,616.5999755859375,50.400001525878906
2022-03-28 05:00:00,0.0,0.0,0.0
2022-03-27 15:00:00,392.70001220703125,854.0,76.9000015258789
2022-03-27 16:00:00,605.9000244140625,950.0,94.30000305175781
2022-03-27 17:00:00,780.0,1009.0,101.69999694824219
2022-03-27 18:00:00,888.0,952.0,163.89999389648438
2022-03-27 19:00:00,940.0,942.0,185.5
2022-03-27 20:00:00,926.0,1037.0,110.0999984741211
2022-03-27 21:00:00,840.0,982.0,132.3000030517578
2022-03-28 01:00:00,52.29999923706055,340.0,26.700000762939453
2022-03-28 23:00:00,467.3999938964844,434.0,268.20001220703125
2022-03-29 00:00:00,255.6999969482422,242.0,188.8000030517578
2022-03-29 01:00:00,37.900001525878906,0.0,37.900001525878906
2022-03-29 03:00:00,0.0,0.0,0.0
2022-03-28 06:00:00,0.0,0.0,0.0
2022-03-28 07:00:00,0.0,0.0,0.0
2022-03-28 09:00:00,0.0,0.0,0.0
2022-03-28 13:00:00,0.0,0.0,0.0
2022-03-28 12:00:00,0.0,0.0,0.0
2022-03-28 08:00:00,0.0,0.0,0.0
2022-03-28 10:00:00,0.0,0.0,0.0
2022-03-28 11:00:00,0.0,0.0,0.0
2022-03-29 05:00:00,0.0,0.0,0.0
2022-03-28 14:00:00,154.60000610351562,183.5,121.0
2022-03-28 15:00:00,367.6000061035156,294.0,257.3999938964844
2022-03-28 16:00:00,599.5999755859375,604.0,271.6000061035156
2022-03-28 17:00:00,771.0,584.0,376.3999938964844
2022-03-29 04:00:00,0.0,0.0,0.0
2022-03-28 18:00:00,863.0,385.0,567.9000244140625
2022-03-28 19:00:00,954.0,1039.0,117.9000015258789
2022-03-28 20:00:00,925.0,914.0,202.5
2022-03-28 21:00:00,783.2999877929688,264.0,592.2000122070312
2022-03-28 22:00:00,690.7999877929688,842.0,176.3000030517578
2022-03-29 02:00:00,0.0,0.0,0.0
2022-03-29 23:00:00,301.5,0.0,301.5
2022-03-30 00:00:00,153.10000610351562,0.0,153.10000610351562
2022-03-30 02:00:00,0.0,0.0,0.0
2022-03-30 03:00:00,0.0,0.0,0.0
2022-03-29 07:00:00,0.0,0.0,0.0
2022-03-29 08:00:00,0.0,0.0,0.0
2022-03-29 09:00:00,0.0,0.0,0.0
2022-03-29 10:00:00,0.0,0.0,0.0
2022-03-29 13:00:00,0.0,0.0,0.0
2022-03-29 06:00:00,0.0,0.0,0.0
2022-03-29 11:00:00,0.0,0.0,0.0
2022-03-29 12:00:00,0.0,0.0,0.0
2022-03-29 14:00:00,67.0999984741211,0.0,67.0999984741211
2022-03-29 15:00:00,201.10000610351562,0.0,201.10000610351562
2022-03-29 16:00:00,487.5,10.0,482.29998779296875
2022-03-30 04:00:00,0.0,0.0,0.0
2022-03-30 05:00:00,0.0,0.0,0.0
2022-03-29 17:00:00,509.0,0.0,508.8999938964844
2022-03-29 18:00:00,469.0,0.0,469.20001220703125
2022-03-29 19:00:00,891.0,197.0,731.5
2022-03-29 20:00:00,681.0,1.0,680.4000244140625
2022-03-29 21:00:00,777.0,113.0,695.0
2022-03-29 22:00:00,412.79998779296875,0.0,412.6000061035156
2022-03-30 01:00:00,20.399999618530273,0.0,20.399999618530273
2022-03-30 22:00:00,490.79998779296875,0.0,490.5
2022-03-30 23:00:00,439.79998779296875,261.0,318.3999938964844
2022-03-31 00:00:00,257.1000061035156,282.0,177.5
2022-03-31 02:00:00,0.0,0.0,0.0
2022-03-31 05:00:00,0.0,0.0,0.0
2022-03-30 08:00:00,0.0,0.0,0.0
2022-03-30 13:00:00,0.0,0.0,0.0
2022-03-30 07:00:00,0.0,0.0,0.0
2022-03-30 09:00:00,0.0,0.0,0.0
2022-03-30 12:00:00,0.0,0.0,0.0
2022-03-30 06:00:00,0.0,0.0,0.0
2022-03-30 10:00:00,0.0,0.0,0.0
2022-03-30 11:00:00,0.0,0.0,0.0
2022-03-31 03:00:00,0.0,0.0,0.0
2022-03-31 04:00:00,0.0,0.0,0.0
2022-03-30 14:00:00,187.60000610351562,381.29998779296875,113.80000305175781
2022-03-30 15:00:00,417.29998779296875,890.0,74.4000015258789
2022-03-30 16:00:00,632.7999877929688,976.0,92.9000015258789
2022-03-30 17:00:00,770.0,696.0,292.6000061035156
2022-03-30 18:00:00,927.0,1055.0,110.0999984741211
2022-03-30 19:00:00,969.0,1047.0,117.5999984741211
2022-03-30 20:00:00,908.0,685.0,361.6000061035156
2022-03-30 21:00:00,872.4000244140625,994.0,144.89999389648438
2022-03-31 01:00:00,64.9000015258789,493.0,23.600000381469727
2022-04-01 02:00:00,0.0,0.0,0.0
2022-04-01 04:00:00,0.0,0.0,0.0
2022-04-01 05:00:00,0.0,0.0,0.0
2022-03-31 06:00:00,0.0,0.0,0.0
2022-03-31 12:00:00,0.0,0.0,0.0
2022-03-31 07:00:00,0.0,0.0,0.0
2022-03-31 10:00:00,0.0,0.0,0.0
2022-03-31 13:00:00,0.0,0.0,0.0
2022-03-31 11:00:00,0.0,0.0,0.0
2022-03-31 08:00:00,0.0,0.0,0.0
2022-03-31 09:00:00,0.0,0.0,0.0
2022-03-31 14:00:00,190.39999389648438,696.5999755859375,51.900001525878906
2022-04-01 03:00:00,0.0,0.0,0.0
2022-03-31 15:00:00,426.1000061035156,898.0,75.80000305175781
2022-03-31 16:00:00,640.5,982.0,92.69999694824219
2022-03-31 18:00:00,882.0,483.0,505.70001220703125
2022-03-31 17:00:00,776.0,636.0,337.29998779296875
2022-03-31 20:00:00,934.0,506.0,527.7000122070312
2022-03-31 19:00:00,960.0,720.0,372.79998779296875
2022-03-31 21:00:00,862.0,963.0,153.6999969482422
2022-03-31 22:00:00,716.4000244140625,1001.0,94.0999984741211
2022-03-31 23:00:00,439.20001220703125,184.0,352.8999938964844
2022-04-01 00:00:00,140.6999969482422,0.0,140.6999969482422
2022-04-01 01:00:00,30.100000381469727,0.0,30.100000381469727
2022-04-01 23:00:00,522.2999877929688,903.0,96.5999984741211
2022-04-02 01:00:00,67.5,409.0,30.600000381469727
2022-04-02 03:00:00,0.0,0.0,0.0
2022-04-01 06:00:00,0.0,0.0,0.0
2022-04-01 07:00:00,0.0,0.0,0.0
2022-04-01 08:00:00,0.0,0.0,0.0
2022-04-01 12:00:00,0.0,0.0,0.0
2022-04-01 13:00:00,0.0,0.0,0.0
2022-04-01 09:00:00,0.0,0.0,0.0
2022-04-01 11:00:00,0.0,0.0,0.0
2022-04-01 10:00:00,0.0,0.0,0.0
2022-04-02 02:00:00,0.0,0.0,0.0
2022-04-02 04:00:00,0.0,0.0,0.0
2022-04-02 05:00:00,0.0,0.0,0.0
2022-04-01 14:00:00,130.8000030517578,0.699999988079071,130.6999969482422
2022-04-01 15:00:00,259.20001220703125,0.0,259.20001220703125
2022-04-01 16:00:00,649.7999877929688,764.0,219.8000030517578
2022-04-01 17:00:00,812.0,1019.0,103.9000015258789
2022-04-01 18:00:00,927.0,1026.0,123.69999694824219
2022-04-01 19:00:00,958.0,899.0,220.0
2022-04-01 20:00:00,965.0,1060.0,110.9000015258789
2022-04-01 21:00:00,873.0,1039.0,105.4000015258789
2022-04-01 22:00:00,722.5,1002.0,96.30000305175781
2022-04-02 00:00:00,293.70001220703125,790.0,65.4000015258789
2022-04-02 22:00:00,713.9000244140625,990.0,92.19999694824219
2022-04-02 23:00:00,514.5,912.0,81.69999694824219
2022-04-03 01:00:00,36.79999923706055,0.0,36.79999923706055
2022-04-03 02:00:00,0.0,0.0,0.0
2022-04-03 04:00:00,0.0,0.0,0.0
2022-04-02 06:00:00,0.0,0.0,0.0
2022-04-02 11:00:00,0.0,0.0,0.0
2022-04-02 07:00:00,0.0,0.0,0.0
2022-04-02 09:00:00,0.0,0.0,0.0
2022-04-02 08:00:00,0.0,0.0,0.0
2022-04-02 10:00:00,0.0,0.0,0.0
2022-04-02 13:00:00,0.0,0.0,0.0
2022-04-02 12:00:00,0.0,0.0,0.0
2022-04-03 05:00:00,0.0,0.0,0.0
2022-04-02 14:00:00,199.6999969482422,697.2000122070312,53.79999923706055
2022-04-02 16:00:00,643.0,970.0,92.5999984741211
2022-04-02 15:00:00,433.29998779296875,888.0,77.9000015258789
2022-04-02 17:00:00,808.0,1008.0,103.5
2022-04-02 18:00:00,920.0,1029.0,110.5999984741211
2022-04-02 19:00:00,967.0,1037.0,111.80000305175781
2022-04-02 20:00:00,943.0,1032.0,108.5999984741211
2022-04-02 21:00:00,857.0,1019.0,101.0999984741211
2022-04-03 00:00:00,288.6000061035156,749.0,70.0
2022-04-03 03:00:00,0.0,0.0,0.0
2022-04-03 23:00:00,402.29998779296875,31.0,387.6000061035156
2022-04-04 01:00:00,49.79999923706055,0.0,49.79999923706055
2022-04-04 04:00:00,0.0,0.0,0.0
2022-04-03 10:00:00,0.0,0.0,0.0
2022-04-03 06:00:00,0.0,0.0,0.0
2022-04-03 09:00:00,0.0,0.0,0.0
2022-04-03 11:00:00,0.0,0.0,0.0
2022-04-03 08:00:00,0.0,0.0,0.0
2022-04-03 13:00:00,0.0,0.0,0.0
2022-04-03 07:00:00,0.0,0.0,0.0
2022-04-03 12:00:00,0.0,0.0,0.0
2022-04-04 02:00:00,0.0,0.0,0.0
2022-04-04 05:00:00,0.0,0.0,0.0
2022-04-03 14:00:00,104.0,0.0,104.0
2022-04-03 15:00:00,193.6999969482422,0.0,193.6999969482422
2022-04-03 16:00:00,508.79998779296875,40.0,486.1000061035156
2022-04-03 17:00:00,250.0,0.0,250.3000030517578
2022-04-03 18:00:00,744.0,76.0,684.0
2022-04-03 19:00:00,775.0,48.0,734.7000122070312
2022-04-03 20:00:00,385.0,0.0,384.6000061035156
2022-04-03 21:00:00,548.0,0.0,547.9000244140625
2022-04-03 22:00:00,497.1000061035156,6.0,493.0
2022-04-04 00:00:00,242.6999969482422,127.0,205.1999969482422
2022-04-04 03:00:00,0.0,0.0,0.0
2022-04-04 23:00:00,500.29998779296875,681.0,173.1999969482422
2022-04-05 00:00:00,258.70001220703125,339.0,157.60000610351562
2022-04-05 01:00:00,58.0,185.0,39.5
2022-04-05 03:00:00,0.0,0.0,0.0
2022-04-05 05:00:00,0.0,0.0,0.0
2022-04-04 08:00:00,0.0,0.0,0.0
2022-04-04 06:00:00,0.0,0.0,0.0
2022-04-04 12:00:00,0.0,0.0,0.0
2022-04-04 13:00:00,0.0,0.0,0.0
2022-04-04 07:00:00,0.0,0.0,0.0
2022-04-04 10:00:00,0.0,0.0,0.0
2022-04-04 11:00:00,0.0,0.0,0.0
2022-04-04 09:00:00,0.0,0.0,0.0
2022-04-04 14:00:00,211.0,721.5,52.599998474121094
2022-04-05 04:00:00,0.0,0.0,0.0
2022-04-04 15:00:00,445.20001220703125,907.0,73.19999694824219
2022-04-04 16:00:00,658.0999755859375,994.0,84.9000015258789
2022-04-04 17:00:00,826.0,1034.0,93.9000015258789
2022-04-04 18:00:00,943.0,1058.0,101.5999984741211
2022-04-04 19:00:00,988.0,1064.0,102.4000015258789
2022-04-04 20:00:00,957.0,1033.0,114.19999694824219
2022-04-04 21:00:00,846.0,751.0,283.70001220703125
2022-04-04 22:00:00,654.9000244140625,486.0,346.6000061035156
2022-04-05 02:00:00,0.0,0.0,0.0
2022-04-05 22:00:00,579.5,92.0,521.0999755859375
2022-04-05 23:00:00,526.4000244140625,941.0,71.4000015258789
2022-04-06 01:00:00,78.5999984741211,449.0,32.5
2022-04-06 02:00:00,0.0,0.0,0.0
2022-04-06 03:00:00,0.0,0.0,0.0
2022-04-06 05:00:00,0.0,0.0,0.0
2022-04-05 11:00:00,0.0,0.0,0.0
2022-04-05 08:00:00,0.0,0.0,0.0
2022-04-05 12:00:00,0.0,0.0,0.0
2022-04-05 10:00:00,0.0,0.0,0.0
2022-04-05 13:00:00,0.0,0.0,0.0
2022-04-05 06:00:00,0.0,0.0,0.0
2022-04-05 07:00:00,0.0,0.0,0.0
2022-04-05 09:00:00,0.0,0.0,0.0
2022-04-05 14:00:00,56.29999923706055,0.0,56.29999923706055
2022-04-05 15:00:00,161.5,0.0,161.5
2022-04-06 04:00:00,0.0,0.0,0.0
2022-04-05 16:00:00,113.5,0.0,113.5
2022-04-05 17:00:00,180.0,0.0,180.1999969482422
2022-04-05 18:00:00,205.0,0.0,204.5
2022-04-05 19:00:00,664.0,4.0,660.0
2022-04-05 20:00:00,316.0,0.0,316.3999938964844
2022-04-05 21:00:00,441.0,0.0,441.1000061035156
2022-04-06 00:00:00,302.20001220703125,798.0,61.79999923706055
2022-04-06 22:00:00,739.7000122070312,1019.0,86.80000305175781
2022-04-06 23:00:00,543.0,958.0,76.9000015258789
2022-04-07 01:00:00,84.5,482.0,33.5
2022-04-07 02:00:00,0.0,0.0,0.0
2022-04-07 03:00:00,0.0,0.0,0.0
2022-04-07 05:00:00,0.0,0.0,0.0
2022-04-06 08:00:00,0.0,0.0,0.0
2022-04-06 11:00:00,0.0,0.0,0.0
2022-04-06 12:00:00,0.0,0.0,0.0
2022-04-06 06:00:00,0.0,0.0,0.0
2022-04-06 10:00:00,0.0,0.0,0.0
2022-04-06 13:00:00,0.0,0.0,0.0
2022-04-06 07:00:00,0.0,0.0,0.0
2022-04-06 09:00:00,0.0,0.0,0.0
2022-04-06 14:00:00,227.0,765.4000244140625,51.20000076293945
2022-04-06 15:00:00,460.5,932.0,69.19999694824219
2022-04-06 16:00:00,674.2000122070312,1015.0,79.5
2022-04-06 17:00:00,841.0,1013.0,114.69999694824219
2022-04-06 18:00:00,952.0,1011.0,140.1999969482422
2022-04-06 19:00:00,992.0,963.0,183.1999969482422
2022-04-06 20:00:00,959.0,909.0,210.1999969482422
2022-04-06 21:00:00,888.0,1055.0,91.80000305175781
2022-04-07 00:00:00,313.8999938964844,826.0,62.5
2022-04-07 04:00:00,0.0,0.0,0.0
2022-04-07 22:00:00,732.7000122070312,1008.0,84.0
2022-04-08 00:00:00,314.1000061035156,820.0,62.099998474121094
2022-04-08 01:00:00,86.30000305175781,480.0,34.0
2022-04-08 02:00:00,0.0,0.0,0.0
2022-04-08 03:00:00,0.0,0.0,0.0
2022-04-08 05:00:00,0.0,0.0,0.0
2022-04-07 06:00:00,0.0,0.0,0.0
2022-04-07 08:00:00,0.0,0.0,0.0
2022-04-07 09:00:00,0.0,0.0,0.0
2022-04-07 12:00:00,0.0,0.0,0.0
2022-04-07 07:00:00,0.0,0.0,0.0
2022-04-07 10:00:00,0.0,0.0,0.0
2022-04-07 11:00:00,0.0,0.0,0.0
2022-04-07 13:00:00,0.0,0.0,0.0
2022-04-08 04:00:00,0.0,0.0,0.0
2022-04-07 14:00:00,231.0,754.5999755859375,53.900001525878906
2022-04-07 15:00:00,464.20001220703125,926.4000244140625,70.69999694824219
2022-04-07 16:00:00,673.0,1005.0,79.9000015258789
2022-04-07 17:00:00,839.0,1044.0,86.0
2022-04-07 18:00:00,948.0,1062.0,90.80000305175781
2022-04-07 20:00:00,970.0,1062.0,91.69999694824219
2022-04-07 19:00:00,993.0,1063.0,96.5
2022-04-07 21:00:00,882.0,1045.0,89.0999984741211
2022-04-07 23:00:00,538.0,945.0,75.4000015258789
2022-04-08 22:00:00,724.5,986.0,87.19999694824219
2022-04-08 11:00:00,0.0,0.0,0.0
2022-04-08 13:00:00,0.0,0.0,0.0
2022-04-08 10:00:00,0.0,0.0,0.0
2022-04-08 07:00:00,0.0,0.0,0.0
2022-04-08 06:00:00,0.0,0.0,0.0
2022-04-08 09:00:00,0.0,0.0,0.0
2022-04-08 12:00:00,0.0,0.0,0.0
2022-04-08 08:00:00,0.0,0.0,0.0
2022-04-09 04:00:00,0.0,0.0,0.0
2022-04-08 14:00:00,233.39999389648438,749.5999755859375,53.70000076293945
2022-04-08 15:00:00,463.5,913.7000122070312,71.0
2022-04-09 05:00:00,0.0,0.0,0.0
2022-04-08 16:00:00,670.0,987.0,82.80000305175781
2022-04-08 18:00:00,939.0,1042.0,93.0999984741211
2022-04-08 17:00:00,832.0,1023.0,90.0
2022-04-08 19:00:00,982.0,1047.0,95.5999984741211
2022-04-08 20:00:00,958.0,1040.0,95.19999694824219
2022-04-08 21:00:00,870.0,1021.0,92.9000015258789
2022-04-08 23:00:00,531.0,920.0,78.30000305175781
2022-04-09 00:00:00,307.6000061035156,785.0,64.0
2022-04-09 01:00:00,85.4000015258789,450.0,35.0
2022-04-09 02:00:00,0.0,0.0,0.0
2022-04-09 03:00:00,0.0,0.0,0.0
2022-04-09 23:00:00,538.7000122070312,931.0,77.30000305175781
2022-04-10 00:00:00,305.79998779296875,666.0,97.30000305175781
2022-04-10 01:00:00,56.79999923706055,13.0,55.29999923706055
2022-04-10 02:00:00,0.0,0.0,0.0
2022-04-10 03:00:00,0.0,0.0,0.0
2022-04-10 04:00:00,0.0,0.0,0.0
2022-04-10 05:00:00,0.0,0.0,0.0
2022-04-09 06:00:00,0.0,0.0,0.0
2022-04-09 10:00:00,0.0,0.0,0.0
2022-04-09 07:00:00,0.0,0.0,0.0
2022-04-09 13:00:00,0.0,0.0,0.0
2022-04-09 08:00:00,0.0,0.0,0.0
2022-04-09 12:00:00,0.0,0.0,0.0
2022-04-09 11:00:00,0.0,0.0,0.0
2022-04-09 09:00:00,0.0,0.0,0.0
2022-04-09 14:00:00,232.3000030517578,719.2999877929688,56.20000076293945
2022-04-09 15:00:00,459.70001220703125,880.0,77.5999984741211
2022-04-09 16:00:00,663.0999755859375,924.0,109.30000305175781
2022-04-09 17:00:00,829.0,1018.0,86.5999984741211
2022-04-09 18:00:00,939.0,1034.0,96.4000015258789
2022-04-09 19:00:00,966.0,880.0,218.5
2022-04-09 20:00:00,946.0,895.0,199.89999389648438
2022-04-09 21:00:00,864.0,939.0,145.6999969482422
2022-04-09 22:00:00,727.9000244140625,985.0,88.19999694824219
2022-04-10 22:00:00,698.0999755859375,873.0,128.8000030517578
2022-04-10 23:00:00,480.5,788.0,87.69999694824219
2022-04-11 02:00:00,0.0,0.0,0.0
2022-04-11 03:00:00,0.0,0.0,0.0
2022-04-10 11:00:00,0.0,0.0,0.0
2022-04-10 12:00:00,0.0,0.0,0.0
2022-04-10 09:00:00,0.0,0.0,0.0
2022-04-10 08:00:00,0.0,0.0,0.0
2022-04-10 07:00:00,0.0,0.0,0.0
2022-04-10 10:00:00,0.0,0.0,0.0
2022-04-10 13:00:00,0.0,0.0,0.0
2022-04-10 06:00:00,0.0,0.0,0.0
2022-04-11 05:00:00,0.0,0.0,0.0
2022-04-10 14:00:00,229.0,707.2999877929688,52.400001525878906
2022-04-10 15:00:00,482.1000061035156,925.0,76.0
2022-04-11 04:00:00,0.0,0.0,0.0
2022-04-10 16:00:00,710.0,972.0,122.69999694824219
2022-04-10 17:00:00,858.0,1020.0,109.80000305175781
2022-04-10 18:00:00,964.0,1020.0,128.89999389648438
2022-04-10 19:00:00,1007.0,1024.0,132.39999389648438
2022-04-10 20:00:00,982.0,1025.0,124.30000305175781
2022-04-10 21:00:00,883.0,914.0,180.8000030517578
2022-04-11 00:00:00,325.70001220703125,821.0999755859375,66.19999694824219
2022-04-11 01:00:00,87.80000305175781,230.0,60.20000076293945
2022-04-11 22:00:00,746.9000244140625,784.0,233.3000030517578
2022-04-12 02:00:00,0.0,0.0,0.0
2022-04-12 03:00:00,0.0,0.0,0.0
2022-04-11 08:00:00,0.0,0.0,0.0
2022-04-11 07:00:00,0.0,0.0,0.0
2022-04-11 06:00:00,0.0,0.0,0.0
2022-04-11 12:00:00,0.0,0.0,0.0
2022-04-11 09:00:00,0.0,0.0,0.0
2022-04-11 11:00:00,0.0,0.0,0.0
2022-04-11 10:00:00,0.0,0.0,0.0
2022-04-11 13:00:00,22.399999618530273,0.0,22.399999618530273
2022-04-11 14:00:00,231.8000030517578,321.8999938964844,149.89999389648438
2022-04-11 15:00:00,398.5,125.0,343.20001220703125
2022-04-12 04:00:00,0.0,0.0,0.0
2022-04-12 05:00:00,0.0,0.0,0.0
2022-04-11 16:00:00,639.0,168.0,536.9000244140625
2022-04-11 17:00:00,840.0,783.0,262.5
2022-04-11 18:00:00,968.0,1038.0,114.9000015258789
2022-04-11 19:00:00,1013.0,970.0,181.89999389648438
2022-04-11 20:00:00,983.0,775.0,332.0
2022-04-11 21:00:00,766.0,14.0,754.9000244140625
2022-04-11 23:00:00,496.8999938964844,261.0,365.8999938964844
2022-04-12 00:00:00,251.3000030517578,36.0,239.8000030517578
2022-04-12 01:00:00,58.5,0.0,58.5
2022-04-12 23:00:00,532.5,288.0,387.3999938964844
2022-04-13 03:00:00,0.0,0.0,0.0
2022-04-12 06:00:00,0.0,0.0,0.0
2022-04-12 08:00:00,0.0,0.0,0.0
2022-04-12 09:00:00,0.0,0.0,0.0
2022-04-12 07:00:00,0.0,0.0,0.0
2022-04-12 12:00:00,0.0,0.0,0.0
2022-04-12 11:00:00,0.0,0.0,0.0
2022-04-12 10:00:00,0.0,0.0,0.0
2022-04-12 13:00:00,30.200000762939453,102.5999984741211,24.100000381469727
2022-04-13 04:00:00,0.0,0.0,0.0
2022-04-13 05:00:00,0.0,0.0,0.0
2022-04-12 14:00:00,250.6999969482422,686.7000122070312,72.5999984741211
2022-04-12 15:00:00,439.8999938964844,524.0,205.3000030517578
2022-04-12 16:00:00,660.0,553.0,321.6000061035156
2022-04-12 17:00:00,858.0,658.0,369.8999938964844
2022-04-12 18:00:00,964.0,343.0,680.7000122070312
2022-04-12 19:00:00,1027.0,544.0,558.2999877929688
2022-04-12 20:00:00,991.0,380.0,670.2999877929688
2022-04-12 21:00:00,913.0,509.0,518.7999877929688
2022-04-12 22:00:00,591.2000122070312,142.0,497.6000061035156
2022-04-13 00:00:00,287.79998779296875,210.0,220.60000610351562
2022-04-13 01:00:00,75.0,0.0,74.4000015258789
2022-04-13 02:00:00,0.0,0.0,0.0
2022-04-13 23:00:00,559.5,698.0,205.89999389648438
2022-04-13 09:00:00,0.0,0.0,0.0
2022-04-13 07:00:00,0.0,0.0,0.0
2022-04-13 11:00:00,0.0,0.0,0.0
2022-04-13 10:00:00,0.0,0.0,0.0
2022-04-13 08:00:00,0.0,0.0,0.0
2022-04-13 06:00:00,0.0,0.0,0.0
2022-04-13 12:00:00,0.0,0.0,0.0
2022-04-13 13:00:00,27.899999618530273,0.0,27.799999237060547
2022-04-13 14:00:00,193.0,3.700000047683716,192.0
2022-04-14 03:00:00,0.0,0.0,0.0
2022-04-14 04:00:00,0.0,0.0,0.0
2022-04-14 05:00:00,0.0,0.0,0.0
2022-04-13 15:00:00,432.3999938964844,72.0,399.70001220703125
2022-04-13 17:00:00,653.0,0.0,652.7000122070312
2022-04-13 16:00:00,627.0,66.0,586.5
2022-04-13 18:00:00,1001.0,700.0,419.6000061035156
2022-04-13 19:00:00,973.0,152.0,842.0
2022-04-13 20:00:00,876.0,11.0,866.9000244140625
2022-04-13 21:00:00,901.0,383.0,604.2000122070312
2022-04-13 22:00:00,720.0,266.0,544.2000122070312
2022-04-14 00:00:00,271.6000061035156,209.0,203.6999969482422
2022-04-14 01:00:00,72.9000015258789,51.0,66.4000015258789
2022-04-14 02:00:00,0.0,0.0,0.0
2022-04-14 23:00:00,555.5999755859375,797.0,149.39999389648438
2022-04-15 04:00:00,0.0,0.0,0.0
2022-04-14 06:00:00,0.0,0.0,0.0
2022-04-14 13:00:00,35.099998474121094,3.9000000953674316,34.79999923706055
2022-04-14 07:00:00,0.0,0.0,0.0
2022-04-14 09:00:00,0.0,0.0,0.0
2022-04-14 12:00:00,0.0,0.0,0.0
2022-04-14 08:00:00,0.0,0.0,0.0
2022-04-14 10:00:00,0.0,0.0,0.0
2022-04-14 11:00:00,0.0,0.0,0.0
2022-04-15 02:00:00,0.0,0.0,0.0
2022-04-15 03:00:00,0.0,0.0,0.0
2022-04-15 05:00:00,0.0,0.0,0.0
2022-04-14 14:00:00,194.1999969482422,11.5,191.10000610351562
2022-04-14 15:00:00,491.79998779296875,683.0,179.60000610351562
2022-04-14 16:00:00,712.0999755859375,927.0,136.6999969482422
2022-04-14 17:00:00,877.0,957.0,159.60000610351562
2022-04-14 18:00:00,985.0,955.0,189.5
2022-04-14 19:00:00,1030.0,1032.0,135.10000610351562
2022-04-14 20:00:00,1001.0,961.0,184.8000030517578
2022-04-14 21:00:00,782.0,54.0,739.5999755859375
2022-04-14 22:00:00,755.0,857.0,186.1999969482422
2022-04-15 00:00:00,295.70001220703125,224.0,222.3000030517578
2022-04-15 01:00:00,93.0,149.0,73.5999984741211
2022-04-15 23:00:00,462.8999938964844,46.0,439.6000061035156
2022-04-15 08:00:00,0.0,0.0,0.0
2022-04-15 07:00:00,0.0,0.0,0.0
2022-04-15 10:00:00,0.0,0.0,0.0
2022-04-15 11:00:00,0.0,0.0,0.0
2022-04-15 13:00:00,38.79999923706055,9.5,38.099998474121094
2022-04-15 12:00:00,0.0,0.0,0.0
2022-04-15 06:00:00,0.0,0.0,0.0
2022-04-15 09:00:00,0.0,0.0,0.0
2022-04-15 14:00:00,261.3999938964844,568.9000244140625,105.80000305175781
2022-04-16 02:00:00,0.0,0.0,0.0
2022-04-16 03:00:00,0.0,0.0,0.0
2022-04-16 04:00:00,0.0,0.0,0.0
2022-04-16 05:00:00,0.0,0.0,0.0
2022-04-15 15:00:00,491.6000061035156,702.0,167.5
2022-04-15 16:00:00,690.0999755859375,548.0,347.79998779296875
2022-04-15 17:00:00,868.0,886.0,201.10000610351562
2022-04-15 18:00:00,974.0,933.0,193.10000610351562
2022-04-15 19:00:00,1019.0,880.0,252.8000030517578
2022-04-15 20:00:00,974.0,650.0,421.1000061035156
2022-04-15 21:00:00,912.0,1028.0,107.5
2022-04-15 22:00:00,756.4000244140625,971.0,109.19999694824219
2022-04-16 00:00:00,367.6000061035156,663.0,148.60000610351562
2022-04-16 01:00:00,88.80000305175781,71.0,79.4000015258789
2022-04-16 22:00:00,711.7999877929688,834.0,154.0
2022-04-16 23:00:00,509.1000061035156,168.0,422.6000061035156
2022-04-17 00:00:00,289.0,146.0,240.39999389648438
2022-04-17 01:00:00,73.80000305175781,0.0,73.80000305175781
2022-04-17 02:00:00,0.0,0.0,0.0
2022-04-17 05:00:00,0.0,0.0,0.0
2022-04-16 06:00:00,0.0,0.0,0.0
2022-04-16 12:00:00,0.0,0.0,0.0
2022-04-16 08:00:00,0.0,0.0,0.0
2022-04-16 07:00:00,0.0,0.0,0.0
2022-04-16 11:00:00,0.0,0.0,0.0
2022-04-16 13:00:00,46.900001525878906,185.39999389648438,32.29999923706055
2022-04-16 10:00:00,0.0,0.0,0.0
2022-04-16 09:00:00,0.0,0.0,0.0
2022-04-17 03:00:00,0.0,0.0,0.0
2022-04-17 04:00:00,0.0,0.0,0.0
2022-04-16 14:00:00,270.1000061035156,663.0999755859375,85.80000305175781
2022-04-16 15:00:00,490.1000061035156,604.0,208.60000610351562
2022-04-16 16:00:00,699.7999877929688,837.0,173.39999389648438
2022-04-16 17:00:00,863.0,920.0,166.8000030517578
2022-04-16 18:00:00,965.0,914.0,197.60000610351562
2022-04-16 19:00:00,982.0,363.0,665.7000122070312
2022-04-16 20:00:00,997.0,1020.0,125.0
2022-04-16 21:00:00,906.0,1013.0,110.80000305175781
2022-04-17 22:00:00,760.9000244140625,968.0,111.0
2022-04-18 01:00:00,115.80000305175781,473.0,49.900001525878906
2022-04-18 03:00:00,0.0,0.0,0.0
2022-04-17 06:00:00,0.0,0.0,0.0
2022-04-17 07:00:00,0.0,0.0,0.0
2022-04-17 08:00:00,0.0,0.0,0.0
2022-04-17 11:00:00,0.0,0.0,0.0
2022-04-17 09:00:00,0.0,0.0,0.0
2022-04-17 13:00:00,51.900001525878906,252.10000610351562,30.899999618530273
2022-04-17 10:00:00,0.0,0.0,0.0
2022-04-17 12:00:00,0.0,0.0,0.0
2022-04-17 14:00:00,277.6000061035156,741.4000244140625,68.19999694824219
2022-04-17 15:00:00,506.0,887.0,89.30000305175781
2022-04-17 16:00:00,699.2000122070312,803.0,191.1999969482422
2022-04-17 17:00:00,873.0,986.0,123.80000305175781
2022-04-18 04:00:00,0.0,0.0,0.0
2022-04-18 05:00:00,0.0,0.0,0.0
2022-04-17 18:00:00,980.0,1019.0,121.0
2022-04-17 19:00:00,1014.0,850.0,269.29998779296875
2022-04-17 20:00:00,980.0,792.0,301.5
2022-04-17 21:00:00,897.0,849.0,228.10000610351562
2022-04-17 23:00:00,348.1000061035156,0.0,348.1000061035156
2022-04-18 00:00:00,358.6000061035156,784.0,95.0
2022-04-18 02:00:00,0.0,0.0,0.0
2022-04-18 22:00:00,779.9000244140625,1000.0,105.5
2022-04-18 23:00:00,579.0999755859375,939.0,90.0999984741211
2022-04-18 07:00:00,0.0,0.0,0.0
2022-04-18 11:00:00,0.0,0.0,0.0
2022-04-18 06:00:00,0.0,0.0,0.0
2022-04-18 10:00:00,0.0,0.0,0.0
2022-04-18 09:00:00,0.0,0.0,0.0
2022-04-18 13:00:00,58.0,284.8999938964844,32.900001525878906
2022-04-18 08:00:00,0.0,0.0,0.0
2022-04-18 12:00:00,0.0,0.0,0.0
2022-04-19 02:00:00,0.0,0.0,0.0
2022-04-19 03:00:00,0.0,0.0,0.0
2022-04-19 04:00:00,0.0,0.0,0.0
2022-04-18 14:00:00,290.1000061035156,777.0,67.0
2022-04-18 15:00:00,524.9000244140625,924.0,87.0
2022-04-18 16:00:00,731.2000122070312,986.0,103.0999984741211
2022-04-18 17:00:00,895.0,1023.0,113.19999694824219
2022-04-19 05:00:00,0.0,0.0,0.0
2022-04-18 18:00:00,997.0,1036.0,120.19999694824219
2022-04-18 19:00:00,1042.0,1046.0,122.5999984741211
2022-04-18 20:00:00,1017.0,1045.0,119.0
2022-04-18 21:00:00,933.0,1035.0,114.80000305175781
2022-04-19 00:00:00,344.3999938964844,724.0,98.9000015258789
2022-04-19 01:00:00,117.9000015258789,432.0,56.5
2022-04-20 02:00:00,0.0,0.0,0.0
2022-04-19 07:00:00,0.0,0.0,0.0
2022-04-19 06:00:00,0.0,0.0,0.0
2022-04-19 08:00:00,0.0,0.0,0.0
2022-04-19 12:00:00,0.0,0.0,0.0
2022-04-19 09:00:00,0.0,0.0,0.0
2022-04-19 13:00:00,62.29999923706055,306.8999938964844,33.79999923706055
2022-04-19 10:00:00,0.0,0.0,0.0
2022-04-19 11:00:00,0.0,0.0,0.0
2022-04-20 04:00:00,0.0,0.0,0.0
2022-04-20 05:00:00,0.0,0.0,0.0
2022-04-19 14:00:00,294.0,782.5999755859375,66.0
2022-04-19 15:00:00,521.2999877929688,867.0,106.80000305175781
2022-04-19 16:00:00,726.7000122070312,977.0,100.69999694824219
2022-04-19 17:00:00,888.0,1015.0,109.19999694824219
2022-04-19 18:00:00,989.0,1026.0,117.69999694824219
2022-04-19 19:00:00,1030.0,1030.0,121.0999984741211
2022-04-19 20:00:00,1004.0,1013.0,129.0
2022-04-19 21:00:00,912.0,983.0,131.8000030517578
2022-04-19 22:00:00,766.0999755859375,973.0,107.0999984741211
2022-04-19 23:00:00,569.0999755859375,907.0,94.5999984741211
2022-04-20 00:00:00,346.1000061035156,744.0,91.80000305175781
2022-04-20 01:00:00,108.5,355.29998779296875,56.900001525878906
2022-04-20 03:00:00,0.0,0.0,0.0
2022-04-20 22:00:00,772.2999877929688,992.0,98.19999694824219
2022-04-21 00:00:00,350.3999938964844,809.0,71.80000305175781
2022-04-21 02:00:00,0.0,0.0,0.0
2022-04-21 03:00:00,0.0,0.0,0.0
2022-04-20 06:00:00,0.0,0.0,0.0
2022-04-20 07:00:00,0.0,0.0,0.0
2022-04-20 12:00:00,0.0,0.0,0.0
2022-04-20 10:00:00,0.0,0.0,0.0
2022-04-20 08:00:00,0.0,0.0,0.0
2022-04-20 13:00:00,65.0,305.5,35.20000076293945
2022-04-20 09:00:00,0.0,0.0,0.0
2022-04-20 11:00:00,0.0,0.0,0.0
2022-04-21 04:00:00,0.0,0.0,0.0
2022-04-20 14:00:00,293.5,764.2999877929688,67.4000015258789
2022-04-21 05:00:00,0.0,0.0,0.0
2022-04-20 15:00:00,522.9000244140625,905.5999755859375,86.0999984741211
2022-04-20 16:00:00,726.5999755859375,969.0,102.19999694824219
2022-04-20 17:00:00,887.0,1005.0,112.5999984741211
2022-04-20 18:00:00,993.0,1028.0,116.19999694824219
2022-04-20 19:00:00,1036.0,1039.0,116.19999694824219
2022-04-20 20:00:00,1009.0,1014.0,131.5
2022-04-20 21:00:00,921.0,1043.0,91.5999984741211
2022-04-20 23:00:00,577.0,946.0,79.9000015258789
2022-04-21 01:00:00,123.69999694824219,544.0,43.0
2022-04-21 22:00:00,758.0,961.0,102.19999694824219
2022-04-22 01:00:00,124.0,533.0,43.400001525878906
2022-04-22 03:00:00,0.0,0.0,0.0
2022-04-22 04:00:00,0.0,0.0,0.0
2022-04-22 05:00:00,0.0,0.0,0.0
2022-04-21 11:00:00,0.0,0.0,0.0
2022-04-21 09:00:00,0.0,0.0,0.0
2022-04-21 07:00:00,0.0,0.0,0.0
2022-04-21 06:00:00,0.0,0.0,0.0
2022-04-21 08:00:00,0.0,0.0,0.0
2022-04-21 12:00:00,0.0,0.0,0.0
2022-04-21 10:00:00,0.0,0.0,0.0
2022-04-21 13:00:00,73.0999984741211,398.1000061035156,32.5
2022-04-21 14:00:00,253.39999389648438,403.5,132.3000030517578
2022-04-21 15:00:00,499.0,722.2999877929688,147.8000030517578
2022-04-21 17:00:00,870.0,940.0,142.60000610351562
2022-04-21 16:00:00,716.9000244140625,902.0,132.6999969482422
2022-04-21 18:00:00,981.0,994.0,130.3000030517578
2022-04-21 19:00:00,1018.0,1007.0,123.5999984741211
2022-04-21 20:00:00,989.0,1004.0,117.30000305175781
2022-04-21 21:00:00,907.0,997.0,111.5
2022-04-21 23:00:00,570.2000122070312,922.0,83.19999694824219
2022-04-22 00:00:00,348.79998779296875,807.0,68.5999984741211
2022-04-22 02:00:00,0.0,0.0,0.0
2022-04-22 23:00:00,337.6000061035156,0.0,337.5
2022-04-23 00:00:00,139.89999389648438,0.0,139.89999389648438
2022-04-23 02:00:00,0.0,0.0,0.0
2022-04-23 05:00:00,0.0,0.0,0.0
2022-04-22 13:00:00,80.19999694824219,461.0,31.100000381469727
2022-04-22 12:00:00,0.0,0.0,0.0
2022-04-22 06:00:00,0.0,0.0,0.0
2022-04-22 07:00:00,0.0,0.0,0.0
2022-04-22 10:00:00,0.0,0.0,0.0
2022-04-22 11:00:00,0.0,0.0,0.0
2022-04-22 09:00:00,0.0,0.0,0.0
2022-04-22 08:00:00,0.0,0.0,0.0
2022-04-23 04:00:00,0.0,0.0,0.0
2022-04-22 14:00:00,299.8999938964844,785.9000244140625,60.70000076293945
2022-04-22 15:00:00,523.2999877929688,910.0,77.30000305175781
2022-04-22 16:00:00,728.0,868.0,162.39999389648438
2022-04-22 17:00:00,832.0,582.0,379.70001220703125
2022-04-22 19:00:00,1027.0,1034.0,106.0999984741211
2022-04-22 18:00:00,989.0,1019.0,113.69999694824219
2022-04-22 20:00:00,289.0,0.0,289.0
2022-04-22 21:00:00,734.0,47.0,696.5999755859375
2022-04-22 22:00:00,460.79998779296875,0.0,460.5
2022-04-23 01:00:00,30.0,0.0,30.0
2022-04-23 03:00:00,0.0,0.0,0.0
2022-04-23 22:00:00,580.5999755859375,67.0,534.2000122070312
2022-04-23 23:00:00,456.70001220703125,51.0,429.29998779296875
2022-04-24 01:00:00,95.4000015258789,2.0,95.0
2022-04-23 07:00:00,0.0,0.0,0.0
2022-04-23 12:00:00,0.0,0.0,0.0
2022-04-23 08:00:00,0.0,0.0,0.0
2022-04-23 09:00:00,0.0,0.0,0.0
2022-04-23 10:00:00,0.0,0.0,0.0
2022-04-23 06:00:00,0.0,0.0,0.0
2022-04-23 11:00:00,0.0,0.0,0.0
2022-04-23 13:00:00,84.9000015258789,106.4000015258789,73.0999984741211
2022-04-24 04:00:00,0.0,0.0,0.0
2022-04-23 14:00:00,218.0,0.699999988079071,217.6999969482422
2022-04-23 15:00:00,518.9000244140625,515.0,264.3999938964844
2022-04-23 16:00:00,629.0,191.0,504.20001220703125
2022-04-23 20:00:00,738.0,15.0,724.9000244140625
2022-04-23 17:00:00,832.0,464.0,470.1000061035156
2022-04-23 18:00:00,640.0,7.0,633.2999877929688
2022-04-23 19:00:00,827.0,3.0,824.0
2022-04-23 21:00:00,784.0,9.0,776.4000244140625
2022-04-24 05:00:00,0.0,0.0,0.0
2022-04-24 00:00:00,216.1999969482422,0.0,216.1999969482422
2022-04-24 02:00:00,0.0,0.0,0.0
2022-04-24 03:00:00,0.0,0.0,0.0
2022-04-24 22:00:00,692.0999755859375,65.0,647.4000244140625
2022-04-25 00:00:00,366.0,818.0,75.4000015258789
2022-04-25 01:00:00,112.4000015258789,74.0,100.5
2022-04-25 05:00:00,0.0,0.0,0.0
2022-04-24 10:00:00,0.0,0.0,0.0
2022-04-24 12:00:00,0.0,0.0,0.0
2022-04-24 13:00:00,91.0,494.29998779296875,34.0
2022-04-24 06:00:00,0.0,0.0,0.0
2022-04-24 11:00:00,0.0,0.0,0.0
2022-04-24 07:00:00,0.0,0.0,0.0
2022-04-24 08:00:00,0.0,0.0,0.0
2022-04-24 09:00:00,0.0,0.0,0.0
2022-04-25 03:00:00,0.0,0.0,0.0
2022-04-25 04:00:00,0.0,0.0,0.0
2022-04-24 14:00:00,314.70001220703125,802.4000244140625,63.900001525878906
2022-04-24 15:00:00,531.4000244140625,738.0,163.89999389648438
2022-04-24 17:00:00,892.0,877.0,205.0
2022-04-24 16:00:00,663.0,242.0,503.79998779296875
2022-04-24 18:00:00,890.0,270.0,655.7999877929688
2022-04-24 19:00:00,1035.0,333.0,737.0
2022-04-24 20:00:00,801.0,5.0,796.9000244140625
2022-04-24 21:00:00,785.0,59.0,737.7000122070312
2022-04-24 23:00:00,584.4000244140625,794.0,158.8000030517578
2022-04-25 02:00:00,0.0,0.0,0.0
2022-04-25 22:00:00,776.7000122070312,990.0,91.9000015258789
2022-04-25 23:00:00,587.2000122070312,917.0,93.69999694824219
2022-04-26 00:00:00,344.5,627.0,120.19999694824219
2022-04-25 08:00:00,0.0,0.0,0.0
2022-04-25 12:00:00,0.0,0.0,0.0
2022-04-25 06:00:00,0.0,0.0,0.0
2022-04-25 13:00:00,96.5999984741211,367.3999938964844,52.70000076293945
2022-04-25 07:00:00,0.0,0.0,0.0
2022-04-25 10:00:00,0.0,0.0,0.0
2022-04-25 11:00:00,0.0,0.0,0.0
2022-04-25 09:00:00,0.0,0.0,0.0
2022-04-26 04:00:00,0.0,0.0,0.0
2022-04-25 14:00:00,318.5,803.0,64.4000015258789
2022-04-26 05:00:00,0.0,0.0,0.0
2022-04-25 15:00:00,546.5,931.0,79.9000015258789
2022-04-25 16:00:00,751.0,997.0,91.19999694824219
2022-04-25 17:00:00,830.0,775.0,220.6999969482422
2022-04-25 18:00:00,358.0,0.0,358.0
2022-04-25 19:00:00,810.0,13.0,797.7000122070312
2022-04-25 20:00:00,927.0,286.0,676.0
2022-04-25 21:00:00,928.0,1029.0,96.69999694824219
2022-04-26 01:00:00,89.5999984741211,10.0,88.0
2022-04-26 02:00:00,0.0,0.0,0.0
2022-04-26 03:00:00,0.0,0.0,0.0
2022-04-26 22:00:00,784.5,911.0,151.8000030517578
2022-04-26 23:00:00,587.7000122070312,832.0,137.60000610351562
2022-04-27 01:00:00,140.6999969482422,550.0,49.599998474121094
2022-04-27 04:00:00,0.0,0.0,0.0
2022-04-27 05:00:00,0.0,0.0,0.0
2022-04-26 06:00:00,0.0,0.0,0.0
2022-04-26 08:00:00,0.0,0.0,0.0
2022-04-26 10:00:00,0.0,0.0,0.0
2022-04-26 11:00:00,0.0,0.0,0.0
2022-04-26 09:00:00,0.0,0.0,0.0
2022-04-26 12:00:00,0.0,0.0,0.0
2022-04-26 13:00:00,101.5,511.6000061035156,38.20000076293945
2022-04-26 07:00:00,0.0,0.0,0.0
2022-04-26 14:00:00,331.70001220703125,811.0,71.80000305175781
2022-04-26 15:00:00,564.0999755859375,937.0,90.80000305175781
2022-04-26 16:00:00,763.0,994.0,102.30000305175781
2022-04-26 17:00:00,900.0,708.0,340.6000061035156
2022-04-26 18:00:00,1009.0,795.0,317.20001220703125
2022-04-26 19:00:00,1035.0,490.0,593.2999877929688
2022-04-26 20:00:00,997.0,658.0,417.3999938964844
2022-04-26 21:00:00,866.0,186.0,714.5
2022-04-27 00:00:00,363.20001220703125,728.0,100.80000305175781
2022-04-27 02:00:00,0.0,0.0,0.0
2022-04-27 03:00:00,0.0,0.0,0.0
2022-04-27 22:00:00,630.7999877929688,20.0,616.7999877929688
2022-04-28 02:00:00,0.0,0.0,0.0
2022-04-27 07:00:00,0.0,0.0,0.0
2022-04-27 06:00:00,0.0,0.0,0.0
2022-04-27 11:00:00,0.0,0.0,0.0
2022-04-27 12:00:00,0.0,0.0,0.0
2022-04-27 13:00:00,97.30000305175781,294.20001220703125,59.70000076293945
2022-04-27 10:00:00,0.0,0.0,0.0
2022-04-27 09:00:00,0.0,0.0,0.0
2022-04-27 08:00:00,0.0,0.0,0.0
2022-04-28 04:00:00,0.0,0.0,0.0
2022-04-28 05:00:00,0.0,0.0,0.0
2022-04-27 14:00:00,321.3999938964844,735.0,83.0999984741211
2022-04-27 15:00:00,545.2999877929688,872.0,101.9000015258789
2022-04-27 16:00:00,708.0,520.0,360.0
2022-04-27 17:00:00,755.0,189.0,605.2000122070312
2022-04-27 18:00:00,741.0,1.0,739.7999877929688
2022-04-27 19:00:00,601.0,0.0,600.9000244140625
2022-04-27 20:00:00,300.0,0.0,299.5
2022-04-27 21:00:00,920.0,878.0,206.6999969482422
2022-04-27 23:00:00,530.0,183.0,430.3999938964844
2022-04-28 00:00:00,296.8999938964844,60.0,275.1000061035156
2022-04-28 01:00:00,145.0,559.0,50.70000076293945
2022-04-28 03:00:00,0.0,0.0,0.0
2022-04-28 22:00:00,755.9000244140625,590.0,343.20001220703125
2022-04-28 23:00:00,591.2000122070312,442.0,349.79998779296875
2022-04-29 00:00:00,279.29998779296875,43.0,263.6000061035156
2022-04-29 01:00:00,133.10000610351562,195.0,99.5999984741211
2022-04-29 02:00:00,0.0,0.0,0.0
2022-04-28 06:00:00,0.0,0.0,0.0
2022-04-28 12:00:00,0.0,0.0,0.0
2022-04-28 11:00:00,0.0,0.0,0.0
2022-04-28 07:00:00,0.0,0.0,0.0
2022-04-28 08:00:00,0.0,0.0,0.0
2022-04-28 10:00:00,0.0,0.0,0.0
2022-04-28 13:00:00,107.19999694824219,514.0999755859375,39.400001525878906
2022-04-28 09:00:00,0.0,0.0,0.0
2022-04-29 03:00:00,0.0,0.0,0.0
2022-04-28 14:00:00,333.6000061035156,802.9000244140625,70.30000305175781
2022-04-28 15:00:00,561.5999755859375,927.0,86.69999694824219
2022-04-28 16:00:00,764.0,980.0,106.19999694824219
2022-04-28 17:00:00,907.0,803.0,268.0
2022-04-29 05:00:00,0.0,0.0,0.0
2022-04-28 18:00:00,987.0,414.0,624.0999755859375
2022-04-28 19:00:00,1029.0,551.0,529.5999755859375
2022-04-28 20:00:00,1019.0,842.0,272.79998779296875
2022-04-28 21:00:00,870.0,340.0,592.5999755859375
2022-04-29 04:00:00,0.0,0.0,0.0
2022-04-29 23:00:00,609.0999755859375,959.0,83.5999984741211
2022-04-30 00:00:00,383.20001220703125,853.9000244140625,68.5
2022-04-30 01:00:00,153.89999389648438,616.0,46.599998474121094
2022-04-30 02:00:00,0.0,0.0,0.0
2022-04-30 04:00:00,0.0,0.0,0.0
2022-04-29 11:00:00,0.0,0.0,0.0
2022-04-29 13:00:00,111.5999984741211,525.5,40.20000076293945
2022-04-29 07:00:00,0.0,0.0,0.0
2022-04-29 10:00:00,0.0,0.0,0.0
2022-04-29 06:00:00,0.0,0.0,0.0
2022-04-29 12:00:00,0.0,0.0,0.0
2022-04-29 09:00:00,0.0,0.0,0.0
2022-04-29 08:00:00,0.0,0.0,0.0
2022-04-30 05:00:00,0.0,0.0,0.0
2022-04-29 14:00:00,333.20001220703125,784.7000122070312,73.0
2022-04-29 15:00:00,541.4000244140625,652.0,205.1999969482422
2022-04-29 16:00:00,760.0,777.0,235.6999969482422
2022-04-29 17:00:00,852.0,772.0,235.39999389648438
2022-04-29 18:00:00,1033.0,1062.0,101.19999694824219
2022-04-29 19:00:00,1058.0,861.0,275.5
2022-04-29 20:00:00,1031.0,926.0,209.0
2022-04-29 21:00:00,952.0,1042.0,100.69999694824219
2022-04-29 22:00:00,801.7000122070312,1010.0,93.80000305175781
2022-04-30 03:00:00,0.0,0.0,0.0
2022-04-30 23:00:00,606.0,952.0,81.69999694824219
2022-05-01 00:00:00,385.29998779296875,853.0,68.5999984741211
2022-04-30 08:00:00,0.0,0.0,0.0
2022-04-30 07:00:00,0.0,0.0,0.0
2022-04-30 13:00:00,119.4000015258789,564.2999877929688,40.5
2022-04-30 09:00:00,0.0,0.0,0.0
2022-04-30 10:00:00,0.0,0.0,0.0
2022-04-30 06:00:00,0.0,0.0,0.0
2022-04-30 12:00:00,0.0,0.0,0.0
2022-04-30 11:00:00,0.0,0.0,0.0
2022-05-01 02:00:00,0.0,0.0,0.0
2022-05-01 04:00:00,0.0,0.0,0.0
2022-05-01 05:00:00,0.0,0.0,0.0
2022-04-30 14:00:00,348.79998779296875,837.2999877929688,68.0999984741211
2022-04-30 15:00:00,578.0999755859375,954.0,83.4000015258789
2022-04-30 16:00:00,781.0,1015.0,93.0999984741211
2022-04-30 17:00:00,935.0,1043.0,99.5
2022-04-30 18:00:00,1033.0,1056.0,103.5
2022-04-30 19:00:00,1069.0,1059.0,104.80000305175781
2022-04-30 20:00:00,1039.0,1052.0,102.9000015258789
2022-04-30 21:00:00,947.0,1036.0,98.4000015258789
2022-04-30 22:00:00,799.0999755859375,1007.0,91.0
2022-05-01 01:00:00,158.0,630.0,46.29999923706055
2022-05-01 03:00:00,0.0,0.0,0.0
2022-05-02 03:00:00,0.0,0.0,0.0
2022-05-01 06:00:00,0.0,0.0,0.0
2022-05-01 10:00:00,0.0,0.0,0.0
2022-05-01 09:00:00,0.0,0.0,0.0
2022-05-01 12:00:00,0.0,0.0,0.0
2022-05-01 13:00:00,101.4000015258789,117.30000305175781,84.5
2022-05-01 07:00:00,0.0,0.0,0.0
2022-05-01 11:00:00,0.0,0.0,0.0
2022-05-01 08:00:00,0.0,0.0,0.0
2022-05-02 05:00:00,0.0,0.0,0.0
2022-05-01 14:00:00,272.0,269.0,180.8000030517578
2022-05-01 15:00:00,488.29998779296875,183.0,392.5
2022-05-01 16:00:00,633.0,163.0,522.2999877929688
2022-05-01 17:00:00,609.0,7.0,602.9000244140625
2022-05-01 18:00:00,125.0,0.0,125.4000015258789
2022-05-01 19:00:00,885.0,132.0,764.5999755859375
2022-05-01 20:00:00,967.0,385.0,623.5999755859375
2022-05-01 21:00:00,922.0,759.0,298.79998779296875
2022-05-01 22:00:00,681.9000244140625,128.0,591.2999877929688
2022-05-01 23:00:00,150.10000610351562,0.0,150.10000610351562
2022-05-02 00:00:00,71.0,0.0,71.0
2022-05-02 01:00:00,65.0999984741211,0.0,65.0999984741211
2022-05-02 02:00:00,0.0,0.0,0.0
2022-05-02 04:00:00,0.0,0.0,0.0
